Species_Element_ID,New Code,Present,Scientific Name,Common Name,CC,CW,GRank,COSEWIC,NRANK,SARO,S_RANK,CZ,CZRESTR,ES,CK,LB,MD,EL,OX,HN,BR,NG,HM,7E4,Type,Flowering Season,NatStatus,Invasive,Family,Supplemental CC,Supplemental CW,CW Override,Reason for Override/Suppl. CW Rationalization,Tracked,CCVI,CCVI Confidence,Tallgrass
102004,ACERNEG,,Acer negundo,Manitoba Maple,0,0,G5,,N5,,S5,C,,C,X,X,C,C,X,C,C,X,C,IC,TR,,N,Y,Aceraceae,0,0,,,N,,,
102008,ACERPLA,,Acer platanoides,Norway Maple,,5,GNR,,NNA,,SE5,IU,,IU,IX,IX,IU,IR,,IU,IX,IX,IX,IC,TR,,I,Y,Aceraceae,0,5,,,N,,,
102010,ACERPSE,,Acer pseudoplatanus,Sycamore Maple,,5,GNR,,NNA,,SE1,IR,,,,,,,,IR,IX,IX,IR,IR,TR,,I,Y,Aceraceae,0,5,,,N,,,
129000,AEGOPOD,,Aegopodium podagraria,Goutweed,,0,GNR,,NNA,,SE5,IU,,,IX,IX,IU,IU,IX,IR,,IR,IX,IC,FO,,I,Y,Apiaceae,0,0,,,N,,,
22010,AGROGIA,,Agrostis gigantea,Redtop,,-3,G4G5,,NNA,,SE5,IC,,IC,IX,IX,IC,IC,IX,IC,IX,IC,IX,IC,GR,,I,Y,Poaceae,0,-3,,,N,,,
89000,AILAALT,,Ailanthus altissima,Tree-of-heaven,,5,GNR,,NNA,,SE5,IR,,IR,IX,IX,IR,IR,,IR,,IR,IC,IR,TR,,I,Y,Simaroubaceae,0,5,,,N,,,
1256950,AKEBQUI,,Akebia quinata,Five-leaf Akebia,,5,GNR,,NNA,,SE1,IR,,,,,,,,,,,,IR,VI,,I,Y,Lardizabalaceae,0,5,,,N,,,
73000,ALLIPET,,Alliaria petiolata,Garlic Mustard,,0,GNR,,NNA,,SE5,IC,,IC,IX,IX,IC,IC,IX,IC,IX,IC,IC,IC,FO,Spr-Aut,I,Y,Brassicaceae,0,0,,,N,,,
45000,ALNUGLU,,Alnus glutinosa,European Black Alder,,-3,GNR,,NNA,,SE4,IU,,IR,,IR,IU,IR,IX,IC,IX,IU,IX,IC,SH,,I,Y,Betulaceae,0,-3,,,N,,,
1010906,AMPEGLA,,Ampelopsis glandulosa,Amur Peppervine,,,G5,,NNA,,SEH,IH,,,,,,,,,,,,IH,VW,,I,Y,Vitaceae,0,,,,N,,,
129010,ANTHSYL,,Anthriscus sylvestris,Wild Chervil,,5,GNR,,NNA,,SE4?,IR,,IR,,,IR,IX,IX,IR,,,IR,IR,FO,,I,Y,Apiaceae,0,5,,,N,,,
128010,ARALSPI,,Aralia spinosa,Hercules'-club,,0,G5,,NNA,,SE1,IR,,,,,,IR,,IR,,IH,,,FO,,I,Y,Araliaceae,0,0,,,N,,,
65000,BERBTHU,,Berberis thunbergii,Japanese Barberry,,3,GNR,,NNA,,SE5,IX,,IU,IX,IX,IX,IU,,IU,IX,IC,IX,IC,SH,Sum,I,Y,Berberidaceae,0,3,,,N,,,
65002,BERBVUL,,Berberis vulgaris,Common Barberry,,3,GNR,,NNA,,SE5,IX,,?,IX,IX,IX,IU,IX,IU,IX,IC,IX,IR,SH,Sum,I,Y,Berberidaceae,0,3,,,N,,,
45022,BETUPEN,,Betula pendula,Weeping Birch,,3,GNR,,NNA,,SE4,IR,,IR,IR,IX,IR,IR,IX,,IR,IU,IR,IR,TR,,I,Y,Betulaceae,0,3,override,Suppl. CW value matches more closely with values from US Wetland Plant List and Michigan Flora,N,,,
22110,BROMINE,,Bromus inermis,Smooth Brome,,5,G5,,NNA,,SE5,IC,,IC,IX,IX,IC,IC,IX,IC,IX,IC,IC,IC,GR,,I,Y,Poaceae,0,5,,,N,,,
20000,BUTOUMB,,Butomus umbellatus,Flowering-rush,,-5,G5,,NNA,,SE5,IU,,IC,IX,IR,IR,IX,,IR,IX,IU,IR,IU,FO,,I,Y,Butomaceae,0,-5,,,N,,,
63602,CABOCAR,,Cabomba caroliniana,Carolina Fanwort,,-5,G5,,NNA,,SE1,,,,,,,,,,,,,,FO,,I,Y,Cabombaceae,0,-5,,,N,,,
83038,CARAARB,,Caragana arborescens,Siberian Pea Shrub,,5,GNR,,NNA,,SE1,IR,,,,,,,,,,IR,IR,IR,SH,,I,Y,Fabaceae,0,5,,,N,,,
73092,CARDIMP,,Cardamine impatiens,Narrow-leaved Bittercress,,0,GNR,,NNA,,SE1,IR,,,,,,,,,,,IR,IR,FO,,I,Y,Brassicaceae,0,0,,,N,,,
23004,CAREACU,,Carex acutiformis,Lesser Pond Sedge,,-5,GNR,,NNA,,SE1,,,,,,,,,,,,,,SE,,I,Y,Cyperaceae,0,-5,,,N,,,
23146,CAREDIP,,Carex disticha,Two-ranked Sedge,,0,GNR,,NNA,,SE1,,,,,,,,,,,,,,SE,,I,Y,Cyperaceae,0,0,,,N,,,
23166,CAREFLA,,Carex flacca,Heath Sedge,,0,GNR,,NNA,,SE2,IR,,,,,IH,,,,IX,,IR,IR,SE,,I,Y,Cyperaceae,0,0,,,N,,,
100000,CELAORB,,Celastrus orbiculatus,Oriental Bittersweet,,5,GNR,,NNA,,SE2,IR,,IR,IR,IR,IR,,,IR,,IR,IR,IU,VW,,I,Y,Celastraceae,0,5,,,N,,,
168310,CENTSTM,,Centaurea stoebe ssp. micranthos,Spotted Knapweed,,5,G--TNR,,NNA,,SE5,IC,,IU,IX,IX,IX,IX,IX,IC,IX,IU,IX,IR,FO,Aut,I,Y,Asteraceae,0,5,,,N,,,
71002,CHELMAJ,,Chelidonium majus,Greater Celandine,,5,GNR,,NNA,,SE5,IU,,IR,IX,IX,IX,IR,IX,IU,IX,IC,IC,IU,FO,Sum,I,Y,Papaveraceae,0,5,,,N,,,
168332,CIRSARV,,Cirsium arvense,Canada Thistle,,3,G5,,NNA,,SE5,IC,,IC,IX,IX,IC,IC,IX,IC,IX,IC,IC,IC,FO,Sum,I,Y,Asteraceae,0,3,,,N,,,
32032,CONVMAJ,,Convallaria majalis,European Lily-of-the-valley,,5,G5,,NNA,,SE5,IX,,IR,IX,IX,IR,IR,IX,IR,IX,IU,IX,IC,FO,,I,Y,Liliaceae,0,5,,,N,,,
82106,CRATMON,,Crataegus monogyna,English Hawthorn,,3,G5,,NNA,,SE4,IU,,IR,IR,IX,IX,IX,IX,IC,IX,IC,IX,IC,SH,,I,Y,Rosaceae,0,3,,,N,,,
165002,DIPSFUL,,Dipsacus fullonum,Common Teasel,,3,GNR,,NNA,,SE5,IC,,IC,IX,IX,IC,IC,IX,IC,IX,IC,IX,IC,FO,Sum,I,Y,Dipsacaceae,0,3,,,N,,,
30000,EICHCRA,,Eichhornia crassipes,Common Water-hyacinth,,-5,G5,,NNA,,SE1,IR,,IR,,,IR,,,,,,,IR,FO,,I,Y,Pontederiaceae,0,-5,,,N,,,
120000,ELAEANG,,Elaeagnus angustifolia,Russian Olive,,3,GNR,,NNA,,SE3,IU,,IR,,IR,IR,IR,,,IX,IR,IX,IC,SH,,I,Y,Elaeagnaceae,0,3,,,N,,,
120004,ELAEUMB,,Elaeagnus umbellata,Autumn Olive,,3,GNR,,NNA,,SE3,IU,,IR,IX,IR,IR,IR,,IU,IX,IU,IX,IU,SH,,I,Y,Elaeagnaceae,0,3,,,N,,,
125026,EPILHIR,,Epilobium hirsutum,Hairy Willowherb,,-3,GNR,,NNA,,SE5,IU,,IC,IX,IX,IX,IX,IX,IU,IX,IC,IX,IC,FO,,I,Y,Onagraceae,0,-3,,,N,,,
125034,EPILPAR,,Epilobium parviflorum,Small-flowered Hairy Willowherb,,3,GNR,,NNA,,SE4,IU,,,,IX,IX,,IX,IU,IX,IU,IX,IR,FO,,I,Y,Onagraceae,0,3,,,N,,,
39040,EPIPHEL,,Epipactis helleborine,Broad-leaved Helleborine,,3,GNR,,NNA,,SE5,IC,,IR,IX,IX,IX,IU,IX,IC,IX,IC,IX,IC,FO,Sum,I,Y,Orchidaceae,0,3,,,N,,,
100004,EUONALA,,Euonymus alatus,Winged Euonymus,,5,GNR,,NNA,,SE2,IR,,IR,IR,IR,IR,,,IR,IX,IR,IR,IR,SH,,I,Y,Celastraceae,0,5,,,N,,,
1010110,EUPHVIR,,Euphorbia virgata,Leafy Spurge,,5,GNR,,NNA,,SE5?,IU,,IU,,IX,IX,IX,IX,IU,IX,IR,IX,IU,FO,,I,Y,Euphorbiaceae,0,5,,,N,,,
106008,FRANALN,,Frangula alnus,Glossy Buckthorn,,0,GNR,,NNA,,SE5,IU,,IR,,IX,IU,IR,IX,IU,IX,IC,IX,IR,SH,Spr,I,Y,Rhamnaceae,0,0,,,N,,,
161020,GALIMOL,,Galium mollugo,Smooth Bedstraw,,5,GNR,,NNA,,SE5,IU,,,IX,IX,IX,IX,IX,IU,IX,IC,IX,IU,FO,,I,Y,Rubiaceae,0,5,,,N,,,
161044,GALIVER,,Galium verum,Yellow Bedstraw,,5,GNR,,NNA,,SE4,IR,,IR,IX,IX,IX,IX,,IR,IX,IU,IX,IR,FO,Sum,I,Y,Rubiaceae,0,5,,,N,,,
82182,GEUMURB,,Geum urbanum,Wood Avens,,5,G5,,NNA,,SE3,IX,,,,,IR,IR,IX,IR,IX,IR,IX,IX,FO,Sum,I,Y,Rosaceae,0,5,,,N,,,
22350,GLYCMAI,,Glyceria maxima,Rough Mannagrass,,-5,GNR,,NNA,,SE4,IX,,,,,,,,,,,IU,IC,GR,,I,Y,Poaceae,0,-5,,,N,,,
32046,HEMEFUL,,Hemerocallis fulva,Orange Daylily,,5,GNA,,NNA,,SE5,IU,,IU,IX,IX,IX,IU,IX,IU,IX,IX,IX,IC,FO,,I,Y,Liliaceae,0,5,,,N,,,
32048,HEMELIL,,Hemerocallis lilioasphodelus,Yellow Daylily,,5,GNR,,NNA,,SE4,IR,,,,,IR,IR,,IR,,,IR,IR,FO,,I,Y,Liliaceae,0,5,,,N,,,
129050,HERAMAN,,Heracleum mantegazzianum,Giant Hogweed,,0,GNR,,NNA,,SE2,IR,,,,,,,,IR,,,IR,IU,FO,,I,Y,Apiaceae,0,0,,,N,,,
73190,HESPMAT,,Hesperis matronalis,Dame's Rocket,,3,G4G5,,NNA,,SE5,IC,,IU,IX,IX,IX,IC,IX,IC,IX,IX,IC,IC,FO,Sum,I,Y,Brassicaceae,0,3,,,N,,,
21004,HYDRMOR,,Hydrocharis morsus-ranae,European Frog-bit,,-5,GNR,,NNA,,SE5,IR,,IR,IR,,,,,IR,,,IR,IR,FO,Sum,I,Y,Hydrocharitaceae,0,-5,,,N,,,
78024,HYLOTEL,,Hylotelephium telephioides,Alleghany Stonecrop,,,G4,,NNA,,SE1,IR,,IR,,,,IR,,,,,,,FO,,I,Y,Crassulaceae,0,,,,N,,,
78026,HYLOTEE,,Hylotelephium telephium,Garden Stonecrop,,5,GNR,,NNA,,SE2,IR,,,IX,,,,IX,,IX,IR,IX,IR,FO,,I,Y,Crassulaceae,0,5,,,N,,,
111018,HYPEPER,,Hypericum perforatum,Common St. John's-wort,,5,GNR,,NNA,,SE5,IC,,IC,IX,IX,IC,IC,IX,IC,IX,IC,IC,IC,FO,,I,Y,Clusiaceae,0,5,,,N,,,Y
105002,IMPAGLA,,Impatiens glandulifera,Purple Jewelweed,,-3,GNR,,NNA,,SE4,IR,,IR,,,IR,IR,,IH,,IH,IX,IC,FO,Sum,I,Y,Balsaminaceae,0,-3,,,N,,,
36010,IRISPSE,,Iris pseudacorus,Yellow Iris,,-5,GNR,,NNA,,SE4,IU,,IU,IR,IR,IR,IR,,IU,IX,IU,IX,IU,FO,Sum,I,Y,Iridaceae,0,-5,,,N,,,
141022,LIGUVUL,,Ligustrum vulgare,European Privet,,3,GNR,,NNA,,SE5,IX,,IU,IX,IX,IX,IR,IX,IR,IX,IC,IX,IU,SH,,I,Y,Oleaceae,0,3,,,N,,,
162018,LONIJAP,,Lonicera japonica,Japanese Honeysuckle,,3,GNR,,NNA,,SE2,IR,,IU,IR,,IR,IR,,,,IR,,?,VW,,I,Y,Caprifoliaceae,0,3,,,N,,,
162020,LONIMAA,,Lonicera maackii,Maack's Honeysuckle,,5,GNR,,NNA,,SE2,IR,,IR,,,IR,IR,,,,IR,IC,IU,SH,,I,Y,Caprifoliaceae,0,5,,,N,,,
162022,LONIMOR,,Lonicera morrowii,Morrow's Honeysuckle,,3,GNR,,NNA,,SE3,IR,,IR,,IX,IR,,,IR,IX,IU,IX,IX,SH,,I,Y,Caprifoliaceae,0,3,,,N,,,
162030,LONITAT,,Lonicera tatarica,Tatarian Honeysuckle,,3,GNR,,NNA,,SE5,IC,,IU,IX,IX,IX,,IX,IC,IX,IC,IX,IC,SH,,I,Y,Caprifoliaceae,0,3,,,N,,,
162034,LONIX B,,Lonicera x bella,(Lonicera morrowii X Lonicera tatarica),,3,GNA,,NNA,,SNA,hyb,,hyb,hyb,hyb,,,,hyb,,hyb,hyb,hyb,SH,,I,Y,Caprifoliaceae,0,3,,,N,,,
162036,LONIXYL,,Lonicera xylosteum,Dwarf Honeysuckle,,5,GNR,,NNA,,SE2,IR,,,,,IR,?,,IR,,IR,IX,IR,SH,,I,Y,Caprifoliaceae,0,5,,,N,,,
83156,LOTUCOR,,Lotus corniculatus,Garden Bird's-foot Trefoil,,3,GNR,,NNA,,SE5,IC,,IC,IX,IX,IX,IX,IX,IC,IX,IC,IC,IC,FO,Sum,I,Y,Fabaceae,0,3,,,N,,,
151064,LYCOEUR,,Lycopus europaeus,European Water-horehound,,-5,GNR,,NNA,,SE5,IU,,IR,,IX,,,,IU,IX,IU,IX,IU,FO,,I,Y,Lamiaceae,0,-5,,,N,,,
135018,LYSINUM,,Lysimachia nummularia,Creeping Yellow Loosestrife,,-3,GNR,,NNA,,SE5,IC,,IC,IX,IX,IX,IX,IX,IU,IX,IC,IX,IC,FO,,I,Y,Primulaceae,0,-3,,,N,,,
135030,LYSIVUL,,Lysimachia vulgaris,Garden Yellow Loosestrife,,-3,GNR,,NNA,,SE3,IR,,,IR,,IR,IR,,IR,,,IX,IX,FO,,I,Y,Primulaceae,0,-3,,,N,,,
121010,LYTHSAL,,Lythrum salicaria,Purple Loosestrife,,-5,G5,,NNA,,SE5,IC,,IC,IX,IX,IC,IC,IX,IC,IX,IC,IC,IC,FO,Sum,I,Y,Lythraceae,0,-5,,,N,,,
65010,MAHOAQU,,Mahonia aquifolium,Holly-leaved Barberry,,3,G5,,N5,,SE2,IR,,IR,,IR,IR,,,,,IR,IR,IR,SH,,I,Y,Berberidaceae,0,3,,,N,,,
10000,MARSQUA,,Marsilea quadrifolia,European Water-clover,,-5,G5,,NNA,,SEH,IH,,,,,,,,IH,,,,,FE,,I,Y,Marsileaceae,0,-5,,,N,,,
83178,MELIALB,,Melilotus albus,White Sweet-clover,,3,G5,,NNA,,SE5,IC,,IC,IX,IX,IC,IC,IX,IC,IX,IC,IC,IC,FO,,I,Y,Fabaceae,0,3,,,N,,,
83182,MELIOFF,,Melilotus officinalis,Yellow Sweet-clover,,3,GNR,,NNA,,SE5,IC,,IC,IX,IX,IC,IC,IX,IU,IX,IC,IC,IU,FO,,I,Y,Fabaceae,0,3,,,N,,,
22410,MISCSAC,,Miscanthus sacchariflorus,Amur Silvergrass,,5,GNR,,NNA,,SE3,IX,,IR,IX,IR,IX,IR,IX,IU,IX,,IH,IU,GR,,I,Y,Poaceae,0,5,,,N,,,
22412,MISCSIN,,Miscanthus sinensis,Chinese Silvergrass,,5,GNR,,NNA,,SE1,IR,,,,,,IH,,,,IR,IR,IR,GR,,I,Y,Poaceae,0,5,,,N,,,
48002,MORUALB,,Morus alba,White Mulberry,,0,GNR,,NNA,,SE5,IC,,IC,IX,IX,IX,IU,IX,IU,IX,IC,IC,IC,TR,,I,Y,Moraceae,0,0,,,N,,,
61082,MYOSAQU,,Myosoton aquaticum,Giant-chickweed,,0,GNR,,NNA,,SE3,IR,,IR,IR,IX,IR,,,,,IR,,IX,FO,,I,Y,Caryophyllaceae,0,0,,,N,,,
17114,MYRIAQU,,Myriophyllum aquaticum,Brazilian Water-milfoil,,-5,GNR,,NNA,,SE1,,,,,,,,,,,,,,FO,,I,Y,Haloragaceae,0,-5,,,N,,,
126008,MYRISPI,,Myriophyllum spicatum,Eurasian Water-milfoil,,-5,GNR,,NNA,,SE5,IU,,IU,IX,IX,,,,IC,,IR,IX,IR,FO,,I,Y,Haloragaceae,0,-5,,,N,,,
73224,NASTOFF,,Nasturtium officinale,Watercress,,-5,GNR,,NNA,,SE,IX,,IR,IX,?,IX,IX,IX,,,,,?,FO,,I,Y,Brassicaceae,0,-5,,,N,,,
17409,NYMPPEL,,Nymphoides peltata,Yellow Floatingheart,,-5,G5,,NNA,,SE1,IR,,,,,,,,IR,,,IR,,FO,,I,Y,Menyanthaceae,0,-5,,,N,,,
129072,PASTSAT,,Pastinaca sativa,Wild Parsnip,,5,GNR,,NNA,,SE5,IU,,IU,IX,IX,IX,IX,,IU,IX,IU,IX,IC,FO,Spr,I,Y,Apiaceae,0,5,,,N,,,
22484,PHALARU,,Phalaris arundinacea,Reed Canarygrass,0,-3,G5,,N5,,S5,C,,C,X,X,X,C,X,C,C,C,C,C,GR,,N,Y,Poaceae,0,-3,,,N,,,
22492,PHRAAUS,,Phragmites australis,Common Reed,0,-3,G5,,N5,,S4?,,,,,,,,,,,,,,GR,Sum,N,Y,Poaceae,0,-3,,,N,,,
1004459,PHRAAUU,,Phragmites australis ssp. australis,European Reed,,-3,G5T5,,NNA,,SE5,IC,,IC,IC,IX,IC,IX,IC,IC,IC,IC,IC,IC,GR,Sum,I,Y,Poaceae,0,-3,,,N,,,
13026,PINUSYL,,Pinus sylvestris,Scots Pine,,3,GNR,,NNA,,SE5,IX,,IR,IX,IX,IR,IR,IX,IC,IX,IC,IX,IC,TR,,I,Y,Pinaceae,0,3,,,N,,,
17117,PISTSTR,,Pistia stratiotes,Water Lettuce,,-5,G5,,NNA,,SE1,IR,,IR,,,,,,,,IR,,,FO,,I,Y,Araceae,0,-5,,,N,,,
168644,PLUCODO,,Pluchea odorata,Shrubby Camphorweed,,-5,G5,,NNA,,SE1,IR,,IR,,,,,,,,,,,FO,,I,Y,Asteraceae,0,-5,,,N,,,
22794,POA_PRP,,Poa pratensis ssp. pratensis,Kentucky Bluegrass,,3,G5T5,,NNR,,SE5,IC,,C,IX,IX,IC,IC,IX,IC,IX,IC,IC,IC,GR,,I,Y,Poaceae,0,3,,,N,,,
41000,POPUALB,,Populus alba,White Poplar,,5,G5,,NNA,,SE5,IU,,IR,IX,IX,IX,IR,IX,IC,IX,IU,IX,IU,TR,,I,Y,Salicaceae,0,5,,,N,,,
16110,POTACRI,,Potamogeton crispus,Curly-leaved Pondweed,,-5,G5,,NNA,,SE5,IU,,IU,IX,IX,IX,IU,,IC,IX,IC,IX,IX,FO,,I,Y,Potamogetonaceae,0,-5,,,N,,,
22540,PUCCDIS,,Puccinellia distans,Spreading Alkaligrass,,-3,G5,,NNR,,SE5,IC,,IC,IX,IX,IC,IC,IX,IC,IX,IU,IX,IX,GR,,I,Y,Poaceae,0,-3,,,N,,,
1004405,PUERMOL,,Pueraria montana var. lobata,Kudzu,,5,GNRTNR,,NNA,,SE1,IR,,IR,,,,,,,,,,,VI,,I,Y,Fabaceae,0,5,,,N,,,
54034,REYNJAP,,Reynoutria japonica,Japanese Knotweed,,3,GNR,,NNA,,SE5,IX,,IR,IR,IX,IU,IU,IX,IU,IX,IU,IX,IC,FO,Sum,I,Y,Polygonaceae,0,3,,,N,,,
54068,REYNSAC,,Reynoutria sachalinensis,Giant Knotweed,,5,GNR,,NNA,,SE1,IR,,,,,,,,,,IR,,,FO,,I,Y,Polygonaceae,0,5,,,N,,,
1011110,REYNX B,,Reynoutria x bohemica,(Reynoutria japonica X R. sachalinensis),,3,GNA,,NNA,,SNA,hyb,,,,,,,,,,,,IR,FO,,I,Y,Polygonaceae,0,3,,,N,,,
106006,RHAMCAT,,Rhamnus cathartica,European Buckthorn,,0,GNR,,NNA,,SE5,IC,,IU,IX,IC,IC,IC,IX,IU,IX,IC,IC,IC,SH,Sum,I,Y,Rhamnaceae,0,0,,,N,,,
83212,ROBIPSE,,Robinia pseudoacacia,Black Locust,,3,G5,,NNA,,SE5,IC,,IU,IX,IX,IC,IC,IX,IC,IX,IC,IC,IC,TR,,I,Y,Fabaceae,0,3,,,N,,,
82318,ROSAMUL,,Rosa multiflora,Multiflora Rose,,3,GNR,,NNA,,SE5,IC,,IC,IX,IX,IX,IX,IX,IU,IX,IC,IC,IC,SH,,I,Y,Rosaceae,0,3,,,N,,,
1008317,RUBUBIF,,Rubus bifrons,Himalayan Blackberry,,5,G5,,NNA,,SE2,IR,,IR,,,,,,,,IR,IR,IR,SH,,I,Y,Rosaceae,0,5,,,N,,,
32088,SCILSIB,,Scilla siberica,Siberian Squill,,5,GNR,,NNA,,SE2,IR,,,,,IR,,,,,IR,IR,IR,FO,Win-Spr,I,Y,Liliaceae,0,5,,,N,,,
83054,SECUVAR,,Securigera varia,Purple Crown-vetch,,5,GNR,,NNA,,SE5,IX,,IU,,,IX,IX,,IC,IX,IU,IC,IC,FO,,I,Y,Fabaceae,0,5,,,N,,,
78004,SEDUACR,,Sedum acre,Mossy Stonecrop,,5,GNR,,NNA,,SE5,IX,,IR,IX,IX,IX,IX,IX,IU,IX,IU,IX,IR,FO,Sum,I,Y,Crassulaceae,0,5,,,N,,,
152040,SOLADUL,,Solanum dulcamara,Bittersweet Nightshade,,0,GNR,,NNA,,SE5,IC,,IC,IX,IX,IC,IC,IX,IC,IX,IC,IC,IC,VW,,I,Y,Solanaceae,0,0,,,N,,,
168774,SOLISEM,,Solidago sempervirens,Seaside Goldenrod,,-3,G5,,N5,,SE2,IR,,IU,,IR,IR,IR,IR,,,IR,IR,IR,FO,Sum-Aut,I,Y,Asteraceae,0,-3,,,N,,,
17375,STRAALO,,Stratiotes aloides,Water Soldiers,,-5,GNR,,NNA,,SE1,,,,,,,,,,,,,,FO,,I,Y,Hydrocharitaceae,0,-5,,,N,,,
141024,SYRIVUL,,Syringa vulgaris,Common Lilac,,5,GNR,,NNA,,SE5,IX,,IR,,IX,IX,IR,IX,IC,IX,IC,IR,IC,SH,Spr,I,Y,Oleaceae,0,5,,,N,,,
129102,TORIJAP,,Torilis japonica,Erect Hedge-parsley,,3,GNR,,NNA,,SE4,IX,,IR,,,IR,,,IU,IX,IR,IX,IR,FO,Sum,I,Y,Apiaceae,0,3,,,N,,,
17406,TRAPNAT,,Trapa natans,Water Chestnut,,-5,GNR,,NNA,,SE1,,,,,,,,,,,,,,FO,,I,Y,Trapaceae,0,-5,,,N,,,
168854,TUSSFAR,,Tussilago farfara,Coltsfoot,,3,GNR,,NNA,,SE5,IC,,IU,IX,IX,IC,IC,IX,IC,IX,IC,IX,IC,FO,Spr,I,Y,Asteraceae,0,3,,,N,,,
14000,TYPHANG,,Typha angustifolia,Narrow-leaved Cattail,,-5,G5,,N5,,SE5,IC,,C,IX,IX,IX,IC,IX,IC,IX,IC,IX,IC,FO,Sum,I,Y,Typhaceae,0,-5,,,N,,,
14004,TYPHX G,,Typha x glauca,(Typha angustifolia X Typha latifolia),,-5,GNA,,NNA,,SNA,hyb,,hyb,,hyb,hyb,hyb,,hyb,hyb,hyb,hyb,hyb,FO,,N,Y,Typhaceae,,-5,,,N,,,
47010,ULMUPUM,,Ulmus pumila,Siberian Elm,,3,GNR,,NNA,,SE3,IX,,IU,IR,IX,IR,IR,IX,IR,IX,IU,IX,IC,TR,,I,Y,Ulmaceae,0,3,,,N,,,
1010454,VIBUOPO,,Viburnum opulus ssp. opulus,Cranberry Viburnum,,-3,G5TNR,,NNA,,SE3?,IX,,IR,IX,,IR,,IR,IU,IX,IC,IX,IC,SH,,I,Y,Caprifoliaceae,0,-3,,,N,,,
83244,VICICRA,,Vicia cracca,Tufted Vetch,,5,GNR,,NNA,,SE5,IX,,IR,IX,IX,IX,IX,IX,IU,IX,IC,IC,IC,VI,,I,Y,Fabaceae,0,5,,,N,,,
144012,VINCMIN,,Vinca minor,Lesser Periwinkle,,5,GNR,,NNA,,SE5,IX,,IR,,IX,IR,IR,IX,IU,IX,IU,IX,IC,VW,Spr,I,Y,Apocynaceae,0,5,,,N,,,
145034,VINCHIR,,Vincetoxicum hirundinaria,White Swallowwort,,5,G5,,NNA,,SE1,IR,,,,,,,,,,IH,IR,IR,VI,Sum,I,Y,Apocynaceae,0,5,,All other CW values within this Genus are identical,N,,,
145030,VINCNIG,,Vincetoxicum nigrum,Black Swallowwort,,5,GNR,,NNA,,SE3?,IX,,,IX,IX,,,,,,IX,IX,IR,VI,Sum,I,Y,Apocynaceae,0,5,,,N,,,
145032,VINCROS,,Vincetoxicum rossicum,European Swallowwort,,5,GNR,,NNA,,SE5,IX,,,IX,,IR,IR,,,IX,IR,IX,IC,VI,Sum,I,Y,Apocynaceae,0,5,,,N,,,
13000,ABIEBAL,,Abies balsamea,Balsam Fir,5,-3,G5,,N5,,S5,R,,,,,IR,IR,X,IR,?,IR,C,R,TR,,N,,Pinaceae,5,-3,,,N,,,
109000,ABUTTHE,,Abutilon theophrasti,Velvetleaf,,3,GNR,,NNA,,SE5,IC,,IC,IX,IX,IC,IC,IX,IU,IX,IX,IX,IR,FO,Sum,I,,Malvaceae,0,3,,,N,,,
1300434,ACALGRA,,Acalypha gracilens,Slender Three-seeded Mercury,,3,G5,,NNR,,SE1,,,,,,,,,,,,,,FO,,I,,Euphorbiaceae,,3,,,N,,,
92054,ACALRHO,,Acalypha rhomboidea,Common Three-seeded Mercury,0,3,G5,,N5,,S5,C,,C,X,X,C,C,X,C,X,X,C,R,FO,,N,,Euphorbiaceae,0,3,,,N,,,
168000,ACANHIS,,Acanthospermum hispidum,Hispid Starbur,,,G5,,NNA,,SEH,IH,,,IH,,,,,,,,,,FO,,I,,Asteraceae,0,,,,N,,,
102000,ACERCAM,,Acer campestre,Hedge Maple,,5,GNR,,NNA,,SE1,IR,,,,,,,,IR,,IR,IR,IR,SH,,I,,Aceraceae,0,5,,,N,,,
102018,ACERNIG,,Acer nigrum,Black Maple,7,3,G5,,N4?,,S4?,C,,U,X,X,C,C,X,U,U,X,C,C,TR,,N,,Aceraceae,7,3,,,N,,,
102006,ACERPEN,,Acer pensylvanicum,Striped Maple,7,3,G5,,N5,,S4,,,,,,,,,,,,,,SH,,N,,Aceraceae,7,3,,,N,,,
102012,ACERRUB,,Acer rubrum,Red Maple,4,0,G5,,N5,,S5,C,,C,X,X,C,C,X,C,C,X,C,C,TR,,N,,Aceraceae,4,0,,,N,,,
102014,ACERSAC,,Acer saccharinum,Silver Maple,5,-3,G5,,N5,,S5,C,,C,X,X,C,C,X,C,C,X,C,X,TR,,N,,Aceraceae,5,-3,,,N,,,
102016,ACERSAH,,Acer saccharum,Sugar Maple,4,3,G5,,N5,,S5,C,,C,X,X,C,C,X,C,C,X,C,C,TR,,N,,Aceraceae,4,3,,,N,LV,VH,
102022,ACERSPI,,Acer spicatum,Mountain Maple,6,3,G5,,N5,,S5,U,,H,R,R,R,R,X,U,U,X,C,U,SH,,N,,Aceraceae,6,3,,,N,,,
1010535,ACERTAT,,Acer tataricum,Tatarian Maple,,5,GNR,,NNA,,SE1,IR,,,,,,,,IR,,,IR,IR,SH,,I,,Aceraceae,0,5,,,N,,,
102002,ACERTAG,,Acer tataricum ssp. ginnala,Amur Maple,,5,G--TNR,,NNA,,SE1,IR,,,,,,,,IR,,,IR,IR,SH,,I,,Aceraceae,0,5,,,N,,,
102024,ACERX F,,Acer x freemanii,(Acer rubrum X Acer saccharinum),6,0,GNA,,NNA,,SNA,hyb,,hyb,,hyb,hyb,,,hyb,hyb,hyb,hyb,hyb,TR,,N,,Aceraceae,6,0,override,Suppl. CW value matches more closely with observed occurrences; not OBL,N,,,
168014,ACHIALP,,Achillea alpina,Siberian Yarrow,,3,G5,,N5,,S1,,,,,,,,,,,,,,FO,,N,,Asteraceae,,3,,,Y,,,
1010538,ACHIALM,,Achillea alpina ssp. multiflora,Many-flowered Yarrow,,3,G--T5,,N5,,S1,,,,,,,,,,,,,,FO,,N,,Asteraceae,,3,,,Y,,,
1010541,ACHIBOR,,Achillea borealis,Woolly Yarrow,0,3,G5,,N5,,S5,C,,C,X,X,C,C,X,C,X,C,C,C,FO,,N,,Asteraceae,0,3,,,N,,,Y
1010544,ACHIBOB,,Achillea borealis var. borealis,Woolly Yarrow,0,3,G5TNR,,NNR,,S5,C,,C,X,X,C,C,X,C,X,C,C,C,FO,,N,,Asteraceae,0,3,,,N,,,Y
168002,ACHIFIL,,Achillea filipendulina,Fern-leaved Yarrow,,5,GNR,,NNA,,SEH,,,,,,,,,,,,,,FO,,I,,Asteraceae,0,5,,,N,,,
168004,ACHIMIL,,Achillea millefolium,Common Yarrow,,3,G5,,NNR,,SE5?,IX,,,,,,,IX,,,,IX,IX,FO,Sum,I,,Asteraceae,0,3,,,N,,,Y
168012,ACHIPTA,,Achillea ptarmica,Sneezeweed Yarrow,,0,GNR,,NNA,,SE2?,IR,,,,,,,,,,,,IR,FO,,I,,Asteraceae,0,0,,,N,,,
1264566,ACHYJAP,,Achyranthes japonica,Japanese Chaff-flower,,,GNR,,NNA,,SE1,,,,,,,,,,,,,,FO,,I,,Amaranthaceae,0,,,,N,,,
1264569,ACHYJAH,,Achyranthes japonica var. hachijoensis,Japanese Chaff-flower,,,GNRTNR,,NNA,,SE1,,,,,,,,,,,,,,FO,,I,,Amaranthaceae,0,,,,N,,,
64000,ACONNAP,,Aconitum napellus,Garden Monkshood,,5,GNR,,NNA,,SE1,,,,,,,,,,,,,,FO,,I,,Ranunculaceae,0,5,,,N,,,
64154,ACONVAR,,Aconitum variegatum,Manchurian Monkshood,,,GNR,,NNA,,SE1,,,,,,,,,,,,,,FO,,I,,Ranunculaceae,0,,,,N,,,
64156,ACONX B,,Aconitum x bicolor,(Aconitum napellus X Aconitum variegatum),,,GNA,,NNA,,SNA,,,,,,,,,,,,,,FO,,I,,Ranunculaceae,0,,,,N,,,
24500,ACORAME,,Acorus americanus,American Sweetflag,8,-5,G5,,N5,,S4,R,,R,R,R,R,R,R,R,R,R,R,R,FO,,N,,Acoraceae,8,-5,,,N,,,
24502,ACORCAL,,Acorus calamus,European Sweetflag,,-5,G4?,,NNA,,SE1,IR,,,IR,,IR,IR,?,,,,,IR,FO,Sum,I,,Acoraceae,0,-5,,,N,,,
64002,ACTAPAC,,Actaea pachypoda,White Baneberry,6,5,G5,,N5,,S5,C,,C,X,X,C,C,X,C,C,C,C,C,FO,Sum,N,,Ranunculaceae,6,5,,,N,,,
64034,ACTARAC,,Actaea racemosa,Black Snakeroot,10,3,G4,,N2,,S2,R,CZ,,,,,?,,R,,R,IR,H,FO,,N,,Ranunculaceae,10,3,,,Y,,,
64004,ACTARUB,,Actaea rubra,Red Baneberry,6,3,G5,,N5,,S5,C,,U,X,X,C,C,X,U,U,C,C,C,FO,Sum,N,,Ranunculaceae,6,3,,,N,,,
1010547,ACTARUR,,Actaea rubra ssp. rubra,Red Baneberry,6,3,G5T5,,N5,,S5,C,,U,X,X,C,C,X,U,U,C,C,C,FO,Sum,N,,Ranunculaceae,6,3,,,N,,,
64006,ACTAX L,,Actaea x ludovici,(Actaea pachypoda X Actaea rubra),,0,GNA,,NNA,,SNA,hyb,,,,,,hyb,,,,hyb,hyb,hyb,FO,,I,,Ranunculaceae,0,0,,,N,,,
1010659,ACTIARG,,Actinidia arguta,Tara Vine,,,GNR,,NNA,,SE1,IR,,,,,,IR,,,,,,,VW,,I,,Actinidiaceae,0,,,,N,,,
168018,ADENBIC,,Adenocaulon bicolor,Pathfinder,9,3,G5,,N5,,S1,,,,,,,,,,,,,,FO,,N,,Asteraceae,9,3,,,Y,MV,VH,
9210,ADIAPED,,Adiantum pedatum,Northern Maidenhair Fern,7,3,G5,,N5,,S5,C,,U,X,X,C,C,X,C,C,U,C,R,FE,,N,,Pteridaceae,7,3,,,N,,,
71500,ADLUFUN,,Adlumia fungosa,Climbing Fumitory,8,5,G4,,N4?,,S4?,R,,,R,R,R,R,,R,,H,R,R,VI,,N,,Fumariaceae,8,5,,,N,,,
64007,ADONANN,,Adonis annua,Autumn Adonis,,,GNR,,NNA,,SEH,,,,,,,,,,,,,,FO,,I,,Ranunculaceae,0,,,,N,,,
163000,ADOXMOS,,Adoxa moschatellina,Muskroot,,0,G5,,N5,,S1,,,,,,,,,,,,,,FO,,N,,Adoxaceae,,0,,,Y,MV,VH,
17412,AEGICYL,,Aegilops cylindrica,Jointed Goatgrass,,3,GNR,,NNA,,SE1,IR,,,,,,,,,,IR,,,GR,,I,,Poaceae,0,3,,,N,,,
103000,AESCGLA,,Aesculus glabra,Ohio Buckeye,10,0,G5,,N1,,S1,R,CZ,IR,,R,,,IR,IR,IR,IR,IR,IR,TR,,N,,Hippocastanaceae,10,0,,,Y,,,
103002,AESCGLG,,Aesculus glabra var. glabra,Ohio Buckeye,10,0,G5T5,,N1,,S1,R,CZ,IR,,R,,,IR,IR,IR,IR,IR,IR,TR,,N,,Hippocastanaceae,10,0,,,Y,,,
103004,AESCHIP,,Aesculus hippocastanum,Horse Chestnut,,5,GNR,,NNA,,SE2,IR,,IR,,IX,IR,,IX,,IX,IU,IR,IU,TR,,I,,Hippocastanaceae,0,5,,,N,,,
1257638,AESCPAR,,Aesculus parviflora,Small-flowered Buckeye,,,G3,,NNA,,SEH,,,,,,,,,,,,,,TR,,I,,Hippocastanaceae,0,,,,N,,,
1004468,AESCPAV,,Aesculus pavia,Red Horse Chestnut,,0,G5,,NNA,,SE1,IR,,,,,,,,,,,IR,,TR,,I,,Hippocastanaceae,0,0,,,N,,,
129110,AETHCYN,,Aethusa cynapium,Fool's Parsley,,5,GNR,,NNA,,SEH,IR,,,,IR,,,,,,,IR,,FO,,I,,Apiaceae,0,5,,,N,,,
153000,AGALGAT,,Agalinis gattingeri,Gattinger's False Foxglove,10,0,G4,END,N2N3,END,S2S3,R,,,,R,,,,,H,,,,FO,,N,,Scrophulariaceae,10,0,,,Y,,,Y
153008,AGALPUR,,Agalinis purpurea,Purple False Foxglove,8,-3,GNR,,N4N5,,S4S5,,,,,,,,,,,,,,FO,Aut,N,,Scrophulariaceae,8,-3,,,P,,,
153002,AGALPUP,,Agalinis purpurea var. parviflora,Small-flowered Purple False Foxglove,8,-3,GNRTNR,,NNR,,S4S5,R,,R,R,R,,R,X,R,R,R,,R,FO,Aut,N,,Scrophulariaceae,8,-3,,,N,,,
1010477,AGALPUU,,Agalinis purpurea var. purpurea,Large-flowered Purple False Foxglove,10,-3,GNRTNR,,N1,,S1,R,CZ,R,R,R,,,,R,,,,H,FO,Aut,N,,Scrophulariaceae,10,-3,,,Y,,,Y
153010,AGALSKI,,Agalinis skinneriana,Skinner's False Foxglove,10,3,G3G4,END,N1,END,S1,R,CZ,R,,R,,,,,,,,,FO,,N,,Scrophulariaceae,10,3,,,Y,,,Y
153012,AGALTEN,,Agalinis tenuifolia,Slender-leaved False Foxglove,7,-3,G5,,N4N5,,S4S5,U,,R,R,R,R,C,X,C,R,R,R,R,FO,Aut,N,,Scrophulariaceae,7,-3,,,N,,,
151002,AGASFOE,,Agastache foeniculum,Blue Giant Hyssop,2,5,G5,,N5,,S4,IR,,,,,,,,,,,,IR,FO,,N,,Lamiaceae,2,5,,,N,,,
151004,AGASNEP,,Agastache nepetoides,Yellow Giant Hyssop,8,3,G5,,N4,,S4,R,cz,C,R,R,R,R,,R,R,R,R,H,FO,Sum,N,,Lamiaceae,8,3,,,N,,,
151006,AGASSCR,,Agastache scrophulariifolia,Purple Giant Hyssop,10,5,G4,,N1,,S1,R,CZ,R,H,,,,,,?,H,,,FO,,N,,Lamiaceae,10,5,,,Y,,,
168960,AGERALT,,Ageratina altissima,White Snakeroot,5,3,G5,,N5,,S5,C,,C,X,X,C,C,X,U,C,C,C,C,FO,,N,,Asteraceae,5,3,,,N,,,
168434,AGERALA,,Ageratina altissima var. altissima,Common White Snakeroot,5,3,G5T5,,NNR,,S5,C,,C,X,X,C,C,X,U,C,C,C,C,FO,,N,,Asteraceae,5,3,,,N,,,
168022,AGOSGLA,,Agoseris glauca,Pale Agoseris,,3,G5,,N5,,S4?,,,,,,,,,,,,,,FO,,N,,Asteraceae,0,3,,,N,,,
1004496,AGOSGLG,,Agoseris glauca var. glauca,Pale Agoseris,,3,G5T5,,N5,,S4?,,,,,,,,,,,,,,FO,,N,,Asteraceae,0,3,,,N,,,
82000,AGRIEUP,,Agrimonia eupatoria,European Agrimony,,,GNR,,NNA,,SE1,IR,,,,,,,,,,,,IR,FO,,I,,Rosaceae,0,,,,N,,,
82002,AGRIGRY,,Agrimonia gryposepala,Hooked Agrimony,2,3,G5,,N5,,S5,C,,C,X,X,C,C,X,C,C,C,C,C,FO,Sum,N,,Rosaceae,2,3,,,N,,,
82004,AGRIPAR,,Agrimonia parviflora,Swamp Agrimony,4,-1,G5,,N4,,S4,R,CZ,C,X,R,R,R,,R,,R,R,,FO,Sum,N,,Rosaceae,4,-1,override,Suppl. CW value matches more closely with values from US Wetland Plant List and Michigan Flora,N,,,Y
82006,AGRIPUB,,Agrimonia pubescens,Soft Agrimony,7,5,G5,,NNR,,S4,U,cz,C,X,R,R,R,,U,R,R,U,R,FO,,N,,Rosaceae,7,5,,,N,,,
82008,AGRISTR,,Agrimonia striata,Woodland Agrimony,3,3,G5,,N5,,S4,,,,,,,,,,,,,,FO,,N,,Rosaceae,3,3,,,N,,,
22000,AGROCRI,,Agropyron cristatum,Crested Wheatgrass,,5,G5,,NNA,,SE2,IR,,,,IR,IR,IR,,IR,,,IR,IU,GR,,I,,Poaceae,0,5,,,N,,,
1264594,AGROCRP,,Agropyron cristatum ssp. pectinatum,Crested Wheatgrass,,5,G5TNR,,NNA,,SE2,IR,,,,IR,IR,IR,,IR,,,IR,IU,GR,,I,,Poaceae,0,5,,,N,,,
1257009,AGROFRA,,Agropyron fragile,Siberian Wheatgrass,,5,GNR,,NNA,,SE1,IR,,,,IR,,,,,,,,,GR,,I,,Poaceae,0,5,,,N,,,
61000,AGROGIT,,Agrostemma githago,Common Corncockle,,3,GNR,,NNA,,SE3,IR,,IH,IR,IX,IR,IR,IX,IU,IX,IH,,IX,FO,,I,,Caryophyllaceae,0,3,,,N,,,
1008082,AGROGIG,,Agrostemma githago var. githago,Common Corncockle,,3,GNRTNR,,NNA,,SE3,IR,,IH,IR,IX,IR,IR,IX,IU,IX,IH,,IX,FO,,I,,Caryophyllaceae,0,3,,,N,,,
22008,AGROCAP,,Agrostis capillaris,Colonial Bentgrass,,0,GNR,,NNA,,SE1,IR,,,,,,,,,,IR,IR,IR,GR,,I,,Poaceae,0,0,,,N,,,
22012,AGROHYE,,Agrostis hyemalis,Winter Bentgrass,4,0,G5,,N1,,S1,R,CZ,R,,,,,,,,R,,,GR,,N,,Poaceae,4,0,,,Y,,,
22014,AGROMER,,Agrostis mertensii,Northern Bentgrass,,3,G5,,N5,,S2,,,,,,,,,,,,,,GR,,N,,Poaceae,,3,,,Y,,,
22016,AGROPER,,Agrostis perennans,Upland Bentgrass,5,3,G5,,N5,,S4?,U,,U,X,R,R,U,,U,X,U,C,R,GR,,N,,Poaceae,5,3,,,N,,,
22018,AGROSCA,,Agrostis scabra,Rough Bentgrass,6,0,G5,,NNR,,S5,R,,R,X,R,R,R,X,U,R,R,C,R,GR,,N,,Poaceae,6,0,,,N,,,
22022,AGROSTO,,Agrostis stolonifera,Creeping Bentgrass,,-3,G5,,N5,,SE5,IC,,IU,IX,IX,IC,IC,IX,IU,IX,IC,IX,IC,GR,,I,,Poaceae,0,-3,,,N,,,
151008,AJUGGEN,,Ajuga genevensis,Geneva Bugleweed,,5,GNR,,NNA,,SE1,IR,,,,,,,,,,,,IR,FO,,I,,Lamiaceae,0,5,,,N,,,
151010,AJUGREP,,Ajuga reptans,Creeping Bugleweed,,5,GNR,,NNA,,SE2,IR,,IR,IR,IX,,,,,IX,IR,,IR,FO,,I,,Lamiaceae,0,5,,,N,,,
109002,ALCEPAL,,Alcea pallida,Pale Hollyhock,,,GNR,,NNA,,SEH,IR,,IR,,,,,,,,,,,FO,,I,,Malvaceae,0,,,,N,,,
109004,ALCEROS,,Alcea rosea,Hollyhock,,5,GU,,NNA,,SE4,IR,,IR,,,IR,IR,,IR,,IR,IX,IX,FO,,I,,Malvaceae,0,5,,,N,,,
82010,ALCHFIL,,Alchemilla filicaulis,Thread-stemmed Lady's Mantle,,,G4,,N4,,SEH,,,,,,,,,,,,,,FO,,I,,Rosaceae,0,,,,N,,,
82012,ALCHFIF,,Alchemilla filicaulis ssp. filicaulis,Thread-stemmed Lady's Mantle,,,G4T3?,,N3N4,,SEH,,,,,,,,,,,,,,FO,,I,,Rosaceae,0,,,,N,,,
1009777,ALCHMOL,,Alchemilla mollis,Soft Lady's Mantle,,5,GNR,,NNA,,SE1,,,,,,,,,,,,,,FO,,I,,Rosaceae,0,5,,,N,,,
82404,ALCHMON,,Alchemilla monticola,Velvet Lady's Mantle,,,GNR,,NNA,,SEH,,,,,,,,,,,,,,FO,,I,,Rosaceae,0,,,,N,,,
32000,ALETFAR,,Aletris farinosa,White Colicroot,10,0,G5,END,N2,END,S2,R,CZ,R,,R,,R,,R,,,,,FO,Sum,N,,Liliaceae,10,0,,,Y,,,Y
19000,ALISGRA,,Alisma gramineum,Grass-leaved Water-plantain,6,-5,G5,,N4N5,,S4,R,,,,,,,,,,R,,R,FO,,N,,Alismataceae,6,-5,,,N,,,
194340,ALISSUB,,Alisma subcordatum,Southern Water-plantain,1,-5,G5,,N4?,,S4?,X,,X,X,X,X,X,X,X,X,X,X,X,FO,Sum,N,,Alismataceae,1,-5,,,N,,,
194341,ALISTRI,,Alisma triviale,Northern Water-plantain,1,-5,G5,,N5,,S5,X,,X,X,X,X,X,X,X,X,X,X,X,FO,,N,,Alismataceae,1,-5,,,N,,,
152020,ALKEOFF,,Alkekengi officinarum,Strawberry Ground-cherry,,5,GNR,,NNA,,SE2,IR,,,,,IR,IR,,IR,IX,IR,IR,IX,FO,,I,,Solanaceae,0,5,,,N,,,
16934,ALLICAN,,Allium canadense,Canada Garlic,8,3,G5,,N5,,S5,C,,C,X,X,U,U,X,C,U,U,C,R,FO,,N,,Liliaceae,8,3,,,N,,,
32001,ALLICAC,,Allium canadense var. canadense,Canada Garlic,8,3,G5T5,,N5,,S5,C,,C,X,X,U,U,X,C,U,U,C,R,FO,,N,,Liliaceae,8,3,,,N,,,
1264538,ALLICAR,,Allium carinatum,Keeled Onion,,,GNR,,NNA,,SE1,,,,,,,,,,,,,,FO,,I,,Liliaceae,0,,,,N,,,
1257048,ALLICEP,,Allium cepa,Garden Onion,,5,GNR,,NNA,,SE1,IR,,IR,,,,,,,IR,,IR,,FO,,I,,Liliaceae,0,5,,,N,,,
32006,ALLICER,,Allium cernuum,Nodding Onion,9,3,G5,,N5,,S2,R,cz,R,,,,R,,,,,,,FO,Sum,N,,Liliaceae,9,3,,,Y,,,Y
32124,ALLIOLE,,Allium oleraceum,Field Garlic,,3,GNR,,NNA,,SE1,IR,,,,,,,,,,,IR,,FO,,I,,Liliaceae,0,3,,,N,,,
32010,ALLISAT,,Allium sativum,Cultivated Garlic,,5,GNR,,NNA,,SE2,IR,,IR,,,IR,IR,,IR,,IU,IX,IR,FO,,I,,Liliaceae,0,5,,,N,,,
1008083,ALLISAS,,Allium sativum var. sativum,Cultivated Garlic,,5,GNRTNR,,NNA,,SE2,IR,,IR,,,IR,IR,,IR,,IU,IX,IR,FO,,I,,Liliaceae,0,5,,,N,,,
32012,ALLISCH,,Allium schoenoprasum,Wild Chives,,0,G5,,N5,,S4,IR,,,,,IR,,,,IR,IR,IR,IR,FO,Sum,N,,Liliaceae,0,0,,,N,,,
32120,ALLISCS,,Allium schoenoprasum var. schoenoprasum,European Chives,,0,G5T5,,NNA,,SE2,IR,,,,,IR,,,,IR,IR,IR,IR,FO,Sum,I,,Liliaceae,0,0,,,N,,,
32122,ALLISCI,,Allium schoenoprasum var. sibiricum,Wild Chives,9,0,G5T5,,N5,,S4,,,,,,,,,,,,,,FO,Sum,N,,Liliaceae,9,0,,,N,,,
32014,ALLISTE,,Allium stellatum,Autumn Onion,,5,G5,,N5,,S4,,,,,,,,,,,,,,FO,,N,,Liliaceae,0,5,,,N,,,
32016,ALLITRI,,Allium tricoccum,Wild Leek,7,3,G5,,N4,,S4,,,,,,,,,,,,,,FO,Sum,N,,Liliaceae,7,3,,,P,,,
32002,ALLITRB,,Allium tricoccum var. burdickii,Narrow-leaved Wild Leek,9,3,G--T4T5,,N2,,S1?,R,cz,R,,,R,,,R,,,R,,FO,Sum,N,,Liliaceae,9,3,,,Y,,,
1004756,ALLITRT,,Allium tricoccum var. tricoccum,Wild Leek,7,3,G--T5,,N4,,S4,C,,R,X,R,C,C,X,C,C,U,C,C,FO,Sum,N,,Liliaceae,7,3,,,N,,,
1257052,ALLITUB,,Allium tuberosum,Chinese Chives,,5,GNR,,NNA,,SE1,IR,,,,,,,,,,,IR,IH,FO,,I,,Liliaceae,0,5,,,N,,,
32018,ALLIVIN,,Allium vineale,Wild Garlic,,3,GNR,,NNA,,SE2,IR,,IR,,IX,IR,,,IR,,IU,IX,IU,FO,,I,,Liliaceae,0,3,,,N,,,
45006,ALNUALN,,Alnus alnobetula,Green Alder,8,0,G5,,N5,,S5,,,,,,,,,,,,,,SH,,N,,Betulaceae,8,0,,,N,,,
45008,ALNUALC,,Alnus alnobetula ssp. crispa,American Green Alder,8,0,G5T5,,N5,,S5,,,,,,,,,,,,,,SH,,N,,Betulaceae,8,0,,,N,,,
45002,ALNUINC,,Alnus incana,Grey Alder,6,-3,G5,,N5,,S5,U,,H,,R,U,,X,U,R,U,C,U,SH,,N,,Betulaceae,6,-3,,,N,,,
45004,ALNUINR,,Alnus incana ssp. rugosa,Speckled Alder,6,-3,G5T5,,N5,,S5,U,,H,,R,U,,X,U,R,U,C,U,SH,,N,,Betulaceae,6,-3,,,N,,,
22024,ALOPAEQ,,Alopecurus aequalis,Short-awned Foxtail,7,-5,G5,,N5,,S4,R,,R,R,R,R,R,X,U,R,R,R,R,GR,,N,,Poaceae,7,-5,,,N,,,
1004493,ALOPAEA,,Alopecurus aequalis var. aequalis,Short-awned Foxtail,7,-5,G5T5,,N5,,S4,R,,R,R,R,R,R,X,U,R,R,R,R,GR,,N,,Poaceae,7,-5,,,N,,,
1005311,ALOPCAR,,Alopecurus carolinianus,Tufted Foxtail,,-3,G5,,N3N4,,SE1,IR,,IR,,,,,,,,IR,,,GR,,I,,Poaceae,0,-3,,,N,,,
22028,ALOPGEN,,Alopecurus geniculatus,Water Foxtail,,-5,GU,,NNA,,SE3,IR,,IR,IR,IR,IR,IR,,IR,,IR,,IR,GR,,I,,Poaceae,0,-5,,,N,,,
22026,ALOPMAG,,Alopecurus magellanicus,Alpine Foxtail,,-3,G5,,N5,,S2S3,,,,,,,,,,,,,,GR,,N,,Poaceae,,-3,,,Y,,,
22030,ALOPPRA,,Alopecurus pratensis,Meadow Foxtail,,-3,GNR,,NNA,,SE5,IU,,IU,IR,IX,IU,IU,IX,IU,IX,IR,IX,IU,GR,,I,,Poaceae,0,-3,,,N,,,
109006,ALTHHIR,,Althaea hirsuta,Hairy Marsh-mallow,,,GNR,,NNA,,SEH,IH,,,,,,,,,,,,IH,FO,,I,,Malvaceae,0,,,,N,,,
109008,ALTHOFF,,Althaea officinalis,Common Marsh-mallow,,0,GNR,,NNA,,SE1,IR,,,,,,,,,,,,IR,FO,,I,,Malvaceae,0,0,,,N,,,
73002,ALYSALY,,Alyssum alyssoides,Small Alyssum,,5,GNR,,NNA,,SE5,IU,,IR,IR,IX,IU,IR,IX,IU,IX,IR,IX,IX,FO,,I,,Brassicaceae,0,5,,,N,,,
56000,AMARALB,,Amaranthus albus,White Amaranth,,3,GNR,,NNA,,SE5,IU,,IU,IX,IX,IU,IR,IX,IC,IX,IR,IX,IX,FO,,I,,Amaranthaceae,0,3,,,N,,,
56002,AMARBLI,,Amaranthus blitoides,Prostrate Amaranth,,3,GNR,,NNA,,SE4?,IR,,IR,IX,IX,IU,IR,,,,IR,IX,IX,FO,,I,,Amaranthaceae,0,3,,,N,,,
220544,AMARBLT,,Amaranthus blitum,Purple Amaranth,,3,GNR,,NNA,,SE1,,,,,,,,,,,,,,FO,,I,,Amaranthaceae,0,3,,,N,,,
1008084,AMARBLB,,Amaranthus blitum ssp. blitum,Purple Amaranth,,3,GNRTNR,,NNA,,SE1,IR,,,,,,IH,,,,,,IR,FO,,I,,Amaranthaceae,0,3,,,N,,,
1008262,AMARBLE,,Amaranthus blitum ssp. emarginatus,Purple Amaranth,,3,GNRTNR,,NNA,,SE1,IR,,,,,,,,,,IR,,,FO,,I,,Amaranthaceae,0,3,,,N,,,
1004474,AMARCAU,,Amaranthus caudatus,Foxtail Amaranth,,5,GNR,,NNA,,SEH,IH,,,,,,,,,,IH,,,FO,,I,,Amaranthaceae,0,5,,,N,,,
56004,AMARCRU,,Amaranthus cruentus,Blood Amaranth,,5,GNR,,NNA,,SEH,IH,,,IH,IH,IH,,,IH,,IH,,IH,FO,,I,,Amaranthaceae,0,5,,,N,,,
56006,AMARHYB,,Amaranthus hybridus,Smooth Amaranth,,5,G5?,,NNA,,SE5?,,,,,,,,,,,,,,FO,,I,,Amaranthaceae,0,5,,,N,,,
1008085,AMARHYH,,Amaranthus hybridus ssp. hybridus,Smooth Amaranth,,5,G5?TNR,,NNA,,SE5?,IU,,IU,IX,IX,IU,IR,IX,,IX,IR,IX,IX,FO,,I,,Amaranthaceae,0,5,,,N,,,
1008086,AMARHYQ,,Amaranthus hybridus ssp. quitensis,South American Amaranth,,,G5?TNR,,NNA,,SEH,IH,,,,,,,,,,,,IH,FO,,I,,Amaranthaceae,0,,,,N,,,
1004477,AMARHYP,,Amaranthus hypochondriacus,Prince's-feather Amaranth,,5,G4?,,NNA,,SE1,IH,,,,,IH,IH,,,,,,,FO,,I,,Amaranthaceae,0,5,,,N,,,
56008,AMARPAL,,Amaranthus palmeri,Palmer's Amaranth,,3,G5,,NNA,,SEH,IR,,,,IH,,,,,,IR,,,FO,,I,,Amaranthaceae,0,3,,,N,,,
56010,AMARPOW,,Amaranthus powellii,Powell's Amaranth,,5,G5,,NNA,,SE5,,,,,,,,,,,,,,FO,,I,,Amaranthaceae,0,5,,,N,,,
1008237,AMARPOB,,Amaranthus powellii ssp. bouchonii,Buchon's Amaranth,,,G5TNR,,NNA,,SE1?,IR,,,,,,,,,,,,IR,FO,,I,,Amaranthaceae,0,,,,N,,,
1008238,AMARPOP,,Amaranthus powellii ssp. powellii,Powell's Amaranth,,5,G5T5,,NNA,,SE5,IC,,IR,IX,IX,IR,IC,IX,IU,IX,IR,IX,IX,FO,,I,,Amaranthaceae,0,5,,,N,,,
56012,AMARRET,,Amaranthus retroflexus,Redroot Amaranth,,3,G5,,N5,,SE5,IC,,IU,IX,IX,IC,IC,IX,IC,IX,IC,IX,IX,FO,Sum,I,,Amaranthaceae,0,3,,,N,,,
56014,AMARSPI,,Amaranthus spinosus,Spiny Amaranth,,3,G5,,NNA,,SEH,IH,,,,IH,,,,,,,,IH,FO,,I,,Amaranthaceae,0,3,,,N,,,
56016,AMARTUB,,Amaranthus tuberculatus,Rough-fruit Amaranth,6,-5,G4G5,,NNR,,S4,,,,,,,,,,,,,,FO,,N,,Amaranthaceae,6,-5,,,N,,,
1008087,AMARTUR,,Amaranthus tuberculatus var. rudis,Tall Rough-fruit Amaranth,,-3,G4G5TNR,,NNA,,SE1,IR,,IR,,IR,,,,,,,IR,,FO,,I,,Amaranthaceae,0,-3,,,N,,,
1008088,AMARTUT,,Amaranthus tuberculatus var. tuberculatus,Rough-fruit Amaranth,6,-5,G4G5T4,,N4,,S4,R,,U,,R,R,R,,R,,R,R,,FO,,N,,Amaranthaceae,6,-5,,,N,,,
1008256,AMARX O,,Amaranthus x ozanonii,(Amaranthus hybridus X Amaranthus retroflexus),,,GNA,,NNA,,SNA,hyb,,hyb,,,,,,,,,,,FO,,I,,Amaranthaceae,0,,,,N,,,
1008259,AMARX S,,Amaranthus x soproniensis,(Amaranthus powellii X Amaranthus retroflexus),,,GNA,,NNA,,SNA,hyb,,,,,,hyb,,,,,,,FO,,I,,Amaranthaceae,0,,,,N,,,
168024,AMBRART,,Ambrosia artemisiifolia,Common Ragweed,0,3,G5,,N5,,S5,C,,C,X,X,C,C,X,C,C,C,C,C,FO,Aut,N,,Asteraceae,0,3,,,N,,,
168026,AMBRPSI,,Ambrosia psilostachya,Perennial Ragweed,0,0,G5,,NNR,,SU,IR,,IH,IR,IR,IR,IR,IX,IR,,,,,FO,,I,,Asteraceae,0,0,,,N,,,
168028,AMBRTRI,,Ambrosia trifida,Great Ragweed,0,0,G5,,N5,,S5,C,,C,X,X,C,C,X,U,C,C,U,U,FO,Aut,N,,Asteraceae,0,0,,,N,,,
1004490,AMBRX H,,Ambrosia x helenae,(Ambrosia artemisiifolia X Ambrosia trifida),,,GNA,,NNA,,SNA,hyb,,,,,,,,,,,hyb,,FO,,N,,Asteraceae,0,,,,N,,,
82014,AMELALN,,Amelanchier alnifolia,Saskatoon,8,3,G5,,N5,,S4?,,,,,,,,,,,,,,SH,Spr,N,,Rosaceae,8,3,,,N,,,
1008435,AMELALA,,Amelanchier alnifolia var. alnifolia,Saskatoon,8,3,G5T5,,N5,,S4?,,,,,,,,,,,,,,SH,Spr,N,,Rosaceae,8,3,,,N,,,
82414,AMELAMA,,Amelanchier amabilis,Beautiful Serviceberry,8,3,G4?,,N2N3,,S2S3,R,,,,,,,,,,,,R,SH,Spr,N,,Rosaceae,8,3,,,Y,,,
82016,AMELARB,,Amelanchier arborea,Downy Serviceberry,5,3,G5,,N5,,S5,C,,U,X,X,C,R,X,C,X,C,C,U,SH,Spr,N,,Rosaceae,5,3,,,N,,,
82018,AMELBAR,,Amelanchier bartramiana,Bartram's Serviceberry,8,0,G5,,N5,,S5,,,,,,,,,,,,,,SH,Spr,N,,Rosaceae,8,0,,,N,,,
82406,AMELHUM,,Amelanchier humilis,Low Serviceberry,4,3,G5,,N5,,S5,R,,R,,R,,R,,R,R,R,R,R,SH,Spr,N,,Rosaceae,4,3,,,N,,,Y
82026,AMELINT,,Amelanchier interior,Inland Serviceberry,,3,G5,,N5,,SU,R,,,,R,,,,,,,,?,SH,Spr,I,,Rosaceae,0,3,,,N,,,
82420,AMELINE,,Amelanchier intermedia,Purple Serviceberry,,-3,GNA,,N5,,SU,,,,,,,,,,,,,,SH,Spr,N,,Rosaceae,,-3,,,N,,,
82020,AMELLAE,,Amelanchier laevis,Smooth Serviceberry,5,5,G5,,N5,,S5,C,,R,X,R,U,X,X,C,X,U,C,U,SH,Spr,N,,Rosaceae,5,5,,,N,,,
82022,AMELSAN,,Amelanchier sanguinea,Round-leaved Serviceberry,7,5,G5,,NNR,,S5,U,,R,,X,R,R,X,R,R,R,U,U,SH,Spr,N,,Rosaceae,7,5,,,N,,,
82024,AMELSPI,,Amelanchier spicata,Running Serviceberry,4,3,G5,,N5,,S4,U,,R,X,X,R,R,,U,R,R,R,U,SH,Spr,N,,Rosaceae,4,3,,,N,,,
82416,AMELX N,,Amelanchier x neglecta,(Amelanchier bartramiana X Amelanchier laevis),,,GNA,,NNA,,SNA,,,,,,,,,,,,,,SH,Spr,I,,Rosaceae,0,,,,N,,,
82418,AMELX Q,,Amelanchier x quinti-martii,(Amelanchier arborea X Amelanchier bartramiana),,,GNA,,NNA,,SNA,,,,,,,,,,,,,,SH,Spr,I,,Rosaceae,0,,,,N,,,
121000,AMMAROB,,Ammannia robusta,Scarlet Ammannia,9,-5,G5,END,N1,END,S1,R,CZ,R,,,,,,,,,,,FO,,N,,Lythraceae,9,-5,,,Y,,,
83000,AMORCAN,,Amorpha canescens,Downy False Indigo,10,5,G5,,N3N4,,S1,,,,,,,,,,,,,,SH,,N,,Fabaceae,10,5,,,Y,,,Y
83002,AMORFRU,,Amorpha fruticosa,Shrubby False Indigo,5,-3,G5,,N1N2,,SU,IR,,IR,,,IR,IR,,,,IR,IR,IR,SH,Sum,N,,Fabaceae,5,-3,,,N,,,
83004,AMPHBRA,,Amphicarpaea bracteata,American Hog-peanut,4,0,G5,,N5,,S5,C,,C,X,X,C,X,X,C,C,C,C,C,VI,Aut,N,,Fabaceae,4,0,,,N,,,Y
168030,ANAPMAR,,Anaphalis margaritacea,Pearly Everlasting,3,3,G5,,N5,,S5,R,,R,,R,R,R,,U,R,R,R,R,FO,,N,,Asteraceae,3,3,,,N,,,
9500,WOODVIR,,Anchistea virginica,Virginia Chain Fern,10,-5,G5,,N4N5,,S4,R,,,,H,R,R,,R,,R,R,R,FE,,N,,Blechnaceae,10,-5,,,N,,,
1256943,ANCHAZU,,Anchusa azurea,Italian Bugloss,,5,GNR,,NNA,,SE1,IR,,,,,,,,,,,IR,,FO,,I,,Boraginaceae,0,5,,,N,,,
149002,ANCHOFF,,Anchusa officinalis,Common Bugloss,,5,GNR,,NNA,,SE1,IR,,,,,,,,,IR,,,,FO,,I,,Boraginaceae,0,5,,,N,,,
1257258,ANDEBOR,,Andersonglossum boreale,Northern Wild Comfrey,7,5,G4G5,,N4N5,,S4,R,,,,R,,,,,,H,,R,FO,,N,,Boraginaceae,7,5,,,N,,,
133000,ANDRPOL,,Andromeda polifolia,Bog Rosemary,10,-5,G5,,N5,,S5,R,,,,R,R,,X,R,,H,R,H,SH,Spr-Sum,N,,Ericaceae,10,-5,,,N,,,
133002,ANDRPOA,,Andromeda polifolia var. latifolia,Glaucous-leaved Bog Rosemary,10,-5,G5T5,,N5,,S5,R,,,,R,R,,X,R,,H,R,H,SH,Spr-Sum,N,,Ericaceae,10,-5,,,N,,,
133004,ANDRPOP,,Andromeda polifolia var. polifolia,Northern Bog Rosemary,10,-5,G5T5,,N5,,S4,,,,,,,,,,,,,,SH,Spr-Sum,N,,Ericaceae,10,-5,,,N,,,
1009387,ANDRPOX,,Andromeda polifolia var. x jamesiana,(Andromeda polifolia var. latifolia X Andromeda polifolia var. polifolia),10,-5,G--TNA,,NNA,,SNA,,,,,,,,,,,,,,SH,Spr-Sum,N,,Ericaceae,10,-5,,,N,,,
22034,ANDRGER,,Andropogon gerardi,Big Bluestem,7,3,G5,,N5,,S4,C,,U,X,X,C,U,X,C,C,U,U,R,GR,Aut,N,,Poaceae,7,3,,,N,,,Y
22036,ANDRVIR,,Andropogon virginicus,Broomsedge Bluestem,5,3,G5,,N4,,S4,U,cz,R,R,R,U,U,,C,,R,,,GR,,N,,Poaceae,5,3,,,N,,,Y
22038,ANDRVIV,,Andropogon virginicus var. virginicus,Broomsedge Bluestem,5,3,G5T5,,N4,,S4,U,cz,R,R,R,U,U,,C,,R,,,GR,,N,,Poaceae,5,3,,,N,,,Y
135002,ANDROCC,,Androsace occidentalis,Western Fairy-candelabra,6,5,G5,,N4N5,,SH,,,,,,,,,,,,,,FO,,N,,Primulaceae,6,5,,,Y,,,
135004,ANDRSEP,,Androsace septentrionalis,Northern Fairy-candelabra,,0,G5,,N5,,S4,,,,,,,,,,,,,,FO,,N,,Primulaceae,0,0,,,N,,,
64010,ANEMCAN,,Anemonastrum canadense,Canada Anemone,3,-3,G5,,N5,,S5,C,,C,R,X,C,C,X,U,C,C,C,C,FO,Sum,N,,Ranunculaceae,3,-3,,,N,,,Y
64202,ANEMRIC,,Anemonastrum richardsonii,Richardson's Anemone,,0,G5,,N5,,SH,,,,,,,,,,,,,,FO,,N,,Ranunculaceae,,0,,,Y,,,
64008,ANEMBLA,,Anemone blanda,Greek Anemone,,5,GNR,,NNA,,SE1,IR,,,,,,IR,,,,,,,FO,,I,,Ranunculaceae,0,5,,,N,,,
64012,ANEMCYL,,Anemone cylindrica,Long-headed Anemone,7,5,G5,,N5,,S4,U,,R,R,X,R,R,,U,C,R,U,R,FO,Sum,N,,Ranunculaceae,7,5,,,N,,,Y
64014,ANEMMUL,,Anemone multifida,Cut-leaved Anemone,10,5,G5,,N5,,S5,,,,,,,,,,,,,,FO,,N,,Ranunculaceae,10,5,,,N,,,
1010334,ANEMMUM,,Anemone multifida var. multifida,Cut-leaved Anemone,10,5,G5T5,,N5,,S5,,,,,,,,,,,,,,FO,,N,,Ranunculaceae,10,5,,,N,,,
64016,ANEMPAR,,Anemone parviflora,Small-flowered Anemone,,3,G5,,N5,,S4S5,,,,,,,,,,,,,,FO,Sum,N,,Ranunculaceae,0,3,,,P,,,
64018,ANEMQUI,,Anemone quinquefolia,Wood Anemone,7,0,G5,,N5,,S5,C,,C,X,X,C,C,X,C,C,C,C,U,FO,Spr,N,,Ranunculaceae,7,0,,,N,,,
64162,ANEMQUQ,,Anemone quinquefolia var. quinquefolia,Wood Anemone,7,0,G5T5,,N5,,S5,C,,C,X,X,C,C,X,C,C,C,C,U,FO,Spr,N,,Ranunculaceae,7,0,,,N,,,
1257245,ANEMRAN,,Anemone ranunculoides,Yellow Woodland Anemone,,,GNR,,NNA,,SE1,,,,,,,,,,,,,,FO,,I,,Ranunculaceae,0,,,,N,,,
64020,ANEMVIR,,Anemone virginiana,Tall Anemone,4,3,G5,,N5,,S5,C,,C,X,X,C,C,X,C,C,C,C,C,FO,Sum,N,,Ranunculaceae,4,3,,,N,,,
64168,ANEMVIA,,Anemone virginiana var. alba,Riverbank Anemone,4,3,G5T4T5,,N4,,S4,C,,C,X,X,C,C,X,C,C,C,C,C,FO,,N,,Ranunculaceae,4,3,,,N,,,
64206,ANEMVIC,,Anemone virginiana var. cylindroidea,Cylindrical Anemone,4,3,G5T4T5,,N4N5,,SU,C,,C,X,X,C,C,X,C,C,C,C,C,FO,,N,,Ranunculaceae,4,3,,,N,,,
64166,ANEMVIV,,Anemone virginiana var. virginiana,Tall Anemone,4,3,G5T5,,N5,,S5?,C,,C,X,X,C,C,X,C,C,C,C,C,FO,Sum,N,,Ranunculaceae,4,3,,,N,,,
129002,ANETGRA,,Anethum graveolens,Dill,,5,GNR,,NNA,,SE1,IR,,,,,IR,,,,,,IR,,FO,,I,,Apiaceae,0,5,,,N,,,
129004,ANGEATR,,Angelica atropurpurea,Purple-stemmed Angelica,6,-5,G5,,N5,,S5,C,,R,,H,C,X,X,C,C,R,U,U,FO,Sum,N,,Apiaceae,6,-5,,,N,,,
129116,ANGESYL,,Angelica sylvestris,Woodland Angelica,,0,G5?,,NNA,,SE1,IR,,,,,,,,,,,,IR,FO,,I,,Apiaceae,0,0,,,N,,,
129008,ANGEVEN,,Angelica venenosa,Hairy Angelica,10,3,G5,,NH,,SH,H,CZ,H,,,,,,,,,,,FO,,N,,Apiaceae,10,3,,,Y,,,Y
109010,ANODCRI,,Anoda cristata,Crested Anoda,,0,G5,,NNA,,SEH,IH,,IH,,,,,,,,IH,,,FO,,I,,Malvaceae,0,0,,,N,,,
168032,ANTEHOW,,Antennaria howellii,Howell's Pussytoes,2,5,G5,,N5,,S5,U,,U,X,X,X,X,,C,X,R,R,H,FO,,N,,Asteraceae,2,5,,,N,,,
168034,ANTEHOC,,Antennaria howellii ssp. canadensis,Canada Pussytoes,2,5,G5T5?,,N4,,S4S5,,,,,,,,,,,,,,FO,,N,,Asteraceae,2,5,,,N,,,
168036,ANTEHOH,,Antennaria howellii ssp. howellii,Howell's Pussytoes,2,5,G5T5,,N5,,SU,,,,,,,,,,,,,,FO,,N,,Asteraceae,2,5,,,N,,,
168038,ANTEHON,,Antennaria howellii ssp. neodioica,Northern Pussytoes,2,5,G5T5,,N5,,S5?,,,,,,,,,,,,,,FO,,N,,Asteraceae,2,5,,,N,,,
168040,ANTEHOP,,Antennaria howellii ssp. petaloidea,Petaloid Pussytoes,2,5,G5T4T5,,N5?,,S5?,,,,,,,,,,,,,,FO,,N,,Asteraceae,2,5,,,N,,,
168042,ANTEMIC,,Antennaria microphylla,Little-leaved Pussytoes,,3,G5,,N5,,S1,,,,,,,,,,,,,,FO,,N,,Asteraceae,,3,,,Y,,,
168044,ANTENEG,,Antennaria neglecta,Field Pussytoes,3,5,G5,,N5,,S5,C,,R,X,R,X,X,X,X,X,C,C,X,FO,Spr-Sum,N,,Asteraceae,3,5,,,N,,,
168048,ANTEPAR,,Antennaria parlinii,Parlin's Pussytoes,2,5,G5,,N5,,S5,,,,,,,,,,,,,,FO,Spr-Sum,N,,Asteraceae,2,5,,,N,,,
168050,ANTEPAF,,Antennaria parlinii ssp. fallax,Deceitful Pussytoes,2,5,G5T5,,N5,,S5,C,,C,X,X,U,X,X,U,U,U,C,U,FO,,N,,Asteraceae,2,5,,,N,,,
168052,ANTEPAP,,Antennaria parlinii ssp. parlinii,Parlin's Pussytoes,2,5,G5T5?,,NNR,,SU,R,,R,R,,,,,,,,,R,FO,,N,,Asteraceae,2,5,,,N,,,
168054,ANTEPAV,,Antennaria parvifolia,Small-leaved Pussytoes,,5,G5,,N5,,S1,,,,,,,,,,,,,,FO,,N,,Asteraceae,,5,,,Y,,,
1007351,ANTEPUL,,Antennaria pulcherrima,Showy Pussytoes,,5,G5,,N5,,S5,,,,,,,,,,,,,,FO,,N,,Asteraceae,0,5,,,N,,,
1004780,ANTEPUP,,Antennaria pulcherrima ssp. pulcherrima,Showy Pussytoes,,5,G--T5,,N5,,S5,,,,,,,,,,,,,,FO,,N,,Asteraceae,0,5,,,N,,,
168058,ANTEROS,,Antennaria rosea,Rosy Pussytoes,,5,G5,,N5,,S1S2,,,,,,,,,,,,,,FO,,N,,Asteraceae,,5,,,Y,,,
168062,ANTEROC,,Antennaria rosea ssp. confinis,Brown-edged Pussytoes,,5,G5T4T5,,N4N5,,SH,,,,,,,,,,,,,,FO,,N,,Asteraceae,,5,,,Y,,,
17347,ANTEROP,,Antennaria rosea ssp. pulvinata,Pulvinate Pussytoes,,5,G5T5,,N5,,S1,,,,,,,,,,,,,,FO,,N,,Asteraceae,,5,,,Y,,,
168060,ANTEROR,,Antennaria rosea ssp. rosea,Rosy Pussytoes,,5,G5T4T5,,N4N5,,S1,,,,,,,,,,,,,,FO,,N,,Asteraceae,,5,,,Y,,,
168064,ANTHARV,,Anthemis arvensis,Corn Chamomile,,5,GNR,,NNA,,SE5,IR,,IR,,IR,,IR,IX,IU,IX,IR,IX,IX,FO,,I,,Asteraceae,0,5,,,N,,,
168066,ANTHCOT,,Anthemis cotula,Stinking Chamomile,,3,G5,,NNA,,SE5,IU,,IR,IX,IX,IU,IX,IX,IC,IX,IR,IX,IR,FO,,I,,Asteraceae,0,3,,,N,,,
22374,ANTHARC,,Anthoxanthum arcticum,Arctic Sweetgrass,,-3,G4G5,,N4N5,,S2?,,,,,,,,,,,,,,GR,,N,,Poaceae,,-3,,,Y,,,
1004480,ANTHHIR,,Anthoxanthum hirtum,Hairy Sweetgrass,5,-3,G5,,N5,,S4,R,,R,R,R,R,R,,R,R,,,,GR,,N,,Poaceae,5,-3,,,N,,,Y
22366,ANTHMON,,Anthoxanthum monticola,Alpine Sweetgrass,,5,G5,,N5,,S1S2,,,,,,,,,,,,,,GR,,N,,Poaceae,,5,,,Y,,,
22368,ANTHMOM,,Anthoxanthum monticola ssp. monticola,Alpine Sweetgrass,,5,G5T3T5,,N3N5,,S1S2,,,,,,,,,,,,,,GR,,N,,Poaceae,,5,,,Y,,,
1005321,ANTHNIT,,Anthoxanthum nitens,Vanilla Sweetgrass,5,-3,G5,,N5,,S4?,,,,,,,,,,,,,,GR,,N,,Poaceae,5,-3,,,N,,,
22040,ANTHODO,,Anthoxanthum odoratum,Sweet Vernalgrass,,3,GNR,,NNA,,SE4,IR,,,IR,IR,IR,IR,,IR,,IR,IH,IR,GR,,I,,Poaceae,0,3,,,N,,,
1004487,ANTHCAU,,Anthriscus caucalis,Burr Chervil,,,GNR,,NNA,,SE1,IR,,,,,,,,,,,IR,,FO,,I,,Apiaceae,0,,,,N,,,
129112,ANTHCER,,Anthriscus cerefolium,Garden Chervil,,,GNR,,NNA,,SEH,IH,,,,,,,,,,IH,,,FO,,I,,Apiaceae,0,,,,N,,,
83006,ANTHVUL,,Anthyllis vulneraria,Common Kidney-vetch,,5,GNR,,NNA,,SEH,IR,,,,,,,IH,,,,IR,,FO,,I,,Fabaceae,0,5,,,N,,,
32116,ANTIELE,,Anticlea elegans,Mountain Death Camas,10,-3,G5,,N5,,S4,R,,R,,,,,,R,R,R,,H,FO,,N,,Liliaceae,10,-3,,,N,,,Y
153020,ANTIMAJ,,Antirrhinum majus,Common Snapdragon,,5,GNR,,NNA,,SEH,IR,,,,,,,,IR,,IR,IR,IR,FO,,I,,Scrophulariaceae,0,5,,,N,,,
22044,APERINT,,Apera interrupta,Dense Silky Bentgrass,,5,GNR,,NNA,,SE2,IR,,IR,,IR,,IR,IR,,,IR,IR,IR,GR,,I,,Poaceae,0,5,,,N,,,
22046,APERSPI,,Apera spica-venti,Loose Silky Bentgrass,,5,GNR,,NNA,,SE3,IR,,,,,IR,IR,,IU,?,,,IR,GR,,I,,Poaceae,0,5,,,N,,,
156004,APHYFAS,,Aphyllon fasciculatum,Clustered Broomrape,10,5,G4G5,,N5,,S1,,,,,,,,,,,,,,FO,,N,,Orobanchaceae,10,5,,,Y,MV,High,
156006,APHYUNI,,Aphyllon uniflorum,One-flowered Broomrape,8,5,GNR,,N4N5,,S4,R,,R,R,X,R,R,,R,R,R,R,R,FO,Sum,N,,Orobanchaceae,8,5,,,N,,,
83008,APIOAME,,Apios americana,American Groundnut,6,-3,G5,,N5,,S5,C,,C,X,X,C,X,X,C,C,U,U,U,VI,Sum,N,,Fabaceae,6,-3,,,N,,,Y
39002,APLEHYE,,Aplectrum hyemale,Puttyroot,10,0,G5,,N2,,S2,R,cz,R,R,R,H,R,?,R,R,H,H,,FO,,N,,Orchidaceae,10,0,,,Y,MV,Mod,
144000,APOCAND,,Apocynum androsaemifolium,Spreading Dogbane,3,5,G5,,N5,,S5,C,,U,X,X,C,C,X,C,C,C,C,U,FO,,N,,Apocynaceae,3,5,,,N,,,
1008414,APOCCAN,,Apocynum cannabinum,Hemp Dogbane,3,0,GNR,,N5,,S5,,,,,,,,,,,,,,FO,,N,,Apocynaceae,3,0,,,N,,,Y
1008417,APOCCAC,,Apocynum cannabinum var. cannabinum,Hemp Dogbane,3,0,G5T5,,N5,,S5,C,,C,X,X,C,C,X,C,C,C,C,R,FO,,N,,Apocynaceae,3,0,,,N,,,Y
144006,APOCCAH,,Apocynum cannabinum var. hypericifolium,Clasping-leaved Hemp Dogbane,3,0,G5T5,,N5,,S5,R,,,X,R,,,,R,X,R,,U,FO,,N,,Apocynaceae,3,0,,,N,,,
144010,APOCX F,,Apocynum x floribundum,(Apocynum androsaemifolium ssp. androsaemifolium X Apocynum cannabinum),,,GNA,,NNA,,SNA,hyb,,hyb,,hyb,hyb,,,,,,hyb,hyb,FO,,N,,Apocynaceae,0,,,,N,,,
64024,AQUIBRE,,Aquilegia brevistyla,Blue Columbine,,3,G5,,N5,,S4?,,,,,,,,,,,,,,FO,,N,,Ranunculaceae,0,3,,,N,,,
64026,AQUICAN,,Aquilegia canadensis,Red Columbine,5,3,G5,,N5,,S5,C,,C,X,X,C,C,X,U,C,U,C,C,FO,Sum,N,,Ranunculaceae,5,3,,,N,,,
64028,AQUIVUL,,Aquilegia vulgaris,European Columbine,,3,GNR,,NNA,,SE3,IR,,IR,,,,,,IR,,IR,IR,IR,FO,,I,,Ranunculaceae,0,3,,,N,,,
73014,ARABARE,,Arabidopsis arenicola,Arctic Rockcress,,3,G4G5,,N4N5,,S3,,,,,,,,,,,,,,FO,,N,,Brassicaceae,,3,,,Y,,,
73038,ARABLYR,,Arabidopsis lyrata,Lyre-leaved Rockcress,7,3,G5,,N5,,S4,,,,,,,,,,,,,,FO,Spr,N,,Brassicaceae,7,3,,,P,,,
73040,ARABLYK,,Arabidopsis lyrata ssp. kamchatica,Kamchatka Rockcress,7,3,G--T5,,N5,,S2?,,,,,,,,,,,,,,FO,,N,,Brassicaceae,7,3,,,Y,,,
1008155,ARABLYL,,Arabidopsis lyrata ssp. lyrata,Lyre-leaved Rockcress,7,3,G--T5,,N4N5,,S4,R,,R,R,X,R,,,U,,R,,,FO,Spr,N,,Brassicaceae,7,3,,,N,,,
73006,ARABTHA,,Arabidopsis thaliana,Mouse-ear Cress,,5,GNR,,NNA,,SE5,IR,,IR,,IX,,IR,IR,IU,,IR,IX,IX,FO,Spr,I,,Brassicaceae,0,5,,,N,,,
73030,ARABADP,,Arabis adpressipilis,Soft-haired Rockcress,9,3,G4Q,,N1,,S1,R,cz,R,H,,,,,,,H,R,,FO,Sum,N,,Brassicaceae,9,3,,,Y,,,
73008,ARABALP,,Arabis alpina,Alpine Rockcress,,5,G5,,N5,,S1,,,,,,,,,,,,,,FO,,N,,Brassicaceae,,5,,,Y,,,
73012,ARABCAU,,Arabis caucasica,Wall Rockcress,,5,G5?,,NNA,,SE2,IR,,,,,,,,,,IR,IR,,FO,,I,,Brassicaceae,0,5,,,N,,,
1008158,ARABPYC,,Arabis pycnocarpa,Cream-flowered Rockcress,6,3,G5,,N5,,S5,R,,R,R,R,R,R,X,R,R,R,R,R,FO,,N,,Brassicaceae,6,3,,,N,,,
128000,ARALELA,,Aralia elata,Japanese Angelica-tree,,5,GNR,,NNA,,SE1,IR,,,,,,,,,,,IR,IR,SH,,I,,Araliaceae,0,5,,,N,,,
128002,ARALHIS,,Aralia hispida,Bristly Sarsaparilla,8,5,G5,,N5,,S5,R,,,,H,,H,,R,R,R,,,SH,,N,,Araliaceae,8,5,,,N,,,
128004,ARALNUD,,Aralia nudicaulis,Wild Sarsaparilla,4,3,G5,,N5,,S5,C,,C,X,X,C,X,X,C,C,C,C,C,FO,,N,,Araliaceae,4,3,,,N,,,
128006,ARALRAC,,Aralia racemosa,American Spikenard,7,3,G5,,N5,,S5,C,,R,R,R,C,X,X,C,U,U,C,U,FO,,N,,Araliaceae,7,3,override,Suppl. CW value matches more closely with values from US Wetland Plant List and Michigan Flora,N,,,
52000,ARCEAME,,Arceuthobium americanum,Lodgepole Pine Dwarf Mistletoe,,5,G5,,N5,,SH,,,,,,,,,,,,,,SH,,N,,Viscaceae,,5,,,Y,,,
52002,ARCEPUS,,Arceuthobium pusillum,Eastern Dwarf Mistletoe,10,0,G5,,N5,,S5,,,,,,,,,,,,,,FO,,N,,Viscaceae,10,0,,,N,,,
22048,ARCTLAT,,Arctagrostis latifolia,Wide-leaved Polargrass,,-3,G5,,N5,,S2S3,,,,,,,,,,,,,,GR,,N,,Poaceae,,-3,,,Y,,,
22050,ARCTLAL,,Arctagrostis latifolia ssp. latifolia,Wide-leaved Polargrass,,-3,G5T5,,N5,,S2S3,,,,,,,,,,,,,,GR,,N,,Poaceae,,-3,,,Y,,,
168376,ARCTARC,,Arctanthemum arcticum,Arctic Daisy,,-3,G5,,N4N5,,S3,,,,,,,,,,,,,,FO,,N,,Asteraceae,,-3,,,Y,,,
168378,ARCTARP,,Arctanthemum arcticum ssp. polare,Polar Daisy,,-3,G5T4,,N4N5,,S3,,,,,,,,,,,,,,FO,,N,,Asteraceae,,-3,,,Y,,,
168070,ARCTLAP,,Arctium lappa,Great Burdock,,3,GNR,,NNA,,SE5,IU,,IR,IR,IX,IR,IR,IX,IU,IX,IU,IX,IC,FO,,I,,Asteraceae,0,3,,,N,,,
168072,ARCTMIN,,Arctium minus,Common Burdock,,3,GNR,,NNA,,SE5,IC,,IC,IX,IX,IC,IC,IX,IC,IX,IC,IC,IC,FO,,I,,Asteraceae,0,3,,,N,,,
168080,ARCTTOM,,Arctium tomentosum,Woolly Burdock,,3,GNR,,NNA,,SE1,IR,,,,,,,,,,,,IR,FO,,I,,Asteraceae,0,3,,,N,,,
168082,ARCTX N,,Arctium x nothum,(Arctium lappa X Arctium minus),,3,GNA,,NNA,,SNA,,,,,,,,,,,,,,FO,,I,,Asteraceae,0,3,,,N,,,
22052,ARCTFUL,,Arctophila fulva,Pendant Grass,,-5,G5,,N5,,S2S3,,,,,,,,,,,,,,GR,,N,,Poaceae,,-5,,,Y,,,
133010,ARCTUVA,,Arctostaphylos uva-ursi,Common Bearberry,8,5,G5,,N5,,S5,R,,R,R,R,,,,R,,H,,R,SH,Spr-Sum,N,,Ericaceae,8,5,,,N,,,
133006,ARCTALP,,Arctous alpina,Alpine Bearberry,,0,G5,,N5,,S4?,,,,,,,,,,,,,,SH,,N,,Ericaceae,0,0,,,N,,,
133008,ARCTRUB,,Arctous rubra,Red Bearberry,,0,G5,,N5,,S4S5,,,,,,,,,,,,,,SH,,N,,Ericaceae,0,0,,,N,,,
61002,ARENHUM,,Arenaria humifusa,Creeping Sandwort,,-5,G4G5,,N4N5,,S2S3,,,,,,,,,,,,,,FO,,N,,Caryophyllaceae,,-5,,,Y,,,
61004,ARENSER,,Arenaria serpyllifolia,Thyme-leaved Sandwort,,0,GNR,,NNA,,SE5,IC,,IU,IX,IX,IC,IC,IX,IC,IX,IU,IX,IR,FO,Spr,I,,Caryophyllaceae,0,0,,,N,,,
1008239,ARENSES,,Arenaria serpyllifolia var. serpyllifolia,Thyme-leaved Sandwort,,0,GNRTNR,,NNA,,SE5,IC,,IU,IX,IX,IC,IC,IX,IC,IX,IU,IX,IR,FO,Spr,I,,Caryophyllaceae,0,0,,,N,,,
39004,ARETBUL,,Arethusa bulbosa,Dragon's-mouth,10,-5,G5,,N5,,S4S5,R,,,,,R,,R,,,,,H,FO,Spr-Sum,N,,Orchidaceae,10,-5,,,N,,,
71000,ARGEMEX,,Argemone mexicana,Mexican Prickly-poppy,,5,G5,,NNA,,SEH,IH,,,,IH,,,,,IH,,,,FO,,I,,Papaveraceae,0,5,,,N,,,
24000,ARISDRA,,Arisaema dracontium,Green Dragon,9,-3,G5,SC,N3,SC,S3,R,cz,R,R,X,U,U,R,R,R,R,R,,FO,Spr,N,,Araceae,9,-3,,,Y,,,
24002,ARISTRI,,Arisaema triphyllum,Jack-in-the-pulpit,5,-3,G5,,N5,,S5,C,,C,X,X,C,C,X,C,C,C,C,C,FO,Spr,N,,Araceae,5,-3,,,N,,,
1009436,ARISTRT,,Arisaema triphyllum ssp. triphyllum,Jack-in-the-pulpit,5,-2,G5T5,,N5,,S5,C,,C,X,X,C,C,X,C,C,C,C,C,FO,Spr,N,,Araceae,5,-2,override,Suppl. CW value matches more closely with observed occurrences,N,,,
22054,ARISBAS,,Aristida basiramea,Forked Threeawn Grass,10,5,G5,END,N2,END,S2,,,,,,,,,,,,,,GR,,N,,Poaceae,10,5,,,Y,,,
22056,ARISDIC,,Aristida dichotoma,Churchmouse Threeawn Grass,10,3,G5,,N1,,S1,IR,,,,,,IR,,,,IR,,,GR,,N,,Poaceae,10,3,,,Y,,,
1004500,ARISDID,,Aristida dichotoma var. dichotoma,Churchmouse Threeawn Grass,10,3,G5T5?,,N1,,S1,IR,,,,,,IR,,,,IR,,,GR,,N,,Poaceae,10,3,,,Y,,,
22058,ARISLON,,Aristida longespica,Slim-spike Threeawn Grass,8,3,G5,,N2,,S2,,,,,,,,,,,,,,GR,,N,,Poaceae,8,3,,,Y,,,Y
22060,ARISLOG,,Aristida longespica var. geniculata,Kearney's Threeawn Grass,8,3,G5T5?,,N2,,S2,R,CZ,R,R,R,R,R,,R,,,,,GR,,N,,Poaceae,8,3,,,Y,,,Y
22062,ARISLOL,,Aristida longespica var. longespica,Slim-spike Threeawn Grass,8,3,G5T5?,,N2,,S2,R,cz,R,R,R,R,,,,,,,,GR,,N,,Poaceae,8,3,,,Y,,,Y
22064,ARISOLI,,Aristida oligantha,Old Field Threeawn Grass,,5,G5,,NNA,,SE2,IR,,IR,IR,IR,,IR,,,,IR,IR,,GR,,I,,Poaceae,0,5,,,N,,,
22066,ARISPUR,,Aristida purpurascens,Arrowfeather Threeawn Grass,10,5,G5,,N1,,S1,R,CZ,R,,?,,,,R,,,,,GR,,N,,Poaceae,10,5,,,Y,,,Y
22068,ARISPUP,,Aristida purpurascens var. purpurascens,Arrowfeather Threeawn Grass,10,5,G5T5,,N1,,S1,R,CZ,R,,?,,,,R,,,,,GR,,N,,Poaceae,10,5,,,Y,,,Y
53000,ARISCLE,,Aristolochia clematitis,Birthwort,,5,GNR,,NNA,,SE1,,,,,,,,,,,,,,VI,,I,,Aristolochiaceae,0,5,,,N,,,
136000,ARMEMAR,,Armeria maritima,Sea Thrift,,3,G5,,N4N5,,S3,,,,,,,,,,,,,,FO,,N,,Plumbaginaceae,,3,,,Y,,,
136002,ARMEMAS,,Armeria maritima ssp. sibirica,Sea Thrift,,3,G5T5,,N4N5,,S3,,,,,,,,,,,,,,FO,,N,,Plumbaginaceae,,3,,,Y,,,
73050,ARMORUS,,Armoracia rusticana,Horseradish,,0,GNR,,NNA,,SE4,IR,,IR,IR,IX,IR,,,IU,,IR,,IX,FO,,I,,Brassicaceae,0,0,,,N,,,
168084,ARNIANG,,Arnica angustifolia,Narrow-leaved Arnica,,0,G5,,N5,,S4S5,,,,,,,,,,,,,,FO,,N,,Asteraceae,0,0,,,N,,,
17102,ARNIANA,,Arnica angustifolia ssp. angustifolia,Narrow-leaved Arnica,,0,G5T5,,N5,,S4S5,,,,,,,,,,,,,,FO,,N,,Asteraceae,0,0,,,N,,,
168088,ARNICHA,,Arnica chamissonis,Chamisso's Arnica,,-3,G5,,N5,,S4?,,,,,,,,,,,,,,FO,,N,,Asteraceae,0,-3,,,N,,,
168092,ARNICOR,,Arnica cordifolia,Heart-leaved Arnica,,3,G5,,N5,,S1,,,,,,,,,,,,,,FO,,N,,Asteraceae,,3,,,Y,,,
168094,ARNILON,,Arnica lonchophylla,Long-leaved Arnica,,0,G5,,N5,,S1,,,,,,,,,,,,,,FO,,N,,Asteraceae,,0,,,Y,,,
168288,ARNOPLA,,Arnoglossum plantagineum,Tuberous Indian-plantain,10,0,G4G5,SC,N2,SC,S2,R,,,,R,R,,,,,,,,FO,,N,,Asteraceae,10,0,,,Y,,,
17179,ARONARB,,Aronia arbutifolia,Red Chokeberry,,-3,G5,,N4N5,,SU,,,,,,,,,,,,,,SH,,N,,Rosaceae,,-3,,,N,,,
82028,ARONMEL,,Aronia melanocarpa,Black Chokeberry,7,-3,G5,,N5,,S5,U,,U,X,R,R,R,X,U,R,U,C,R,SH,Spr,N,,Rosaceae,7,-3,,,N,,,
1010338,ARONX P,,Aronia x prunifolia,(Aronia arbutifolia X Aronia melanocarpa),,-3,GNA,,NNA,,SNA,,,,,,,,,,,,,,SH,,N,,Rosaceae,0,-3,,,N,,,
22070,ARRHELA,,Arrhenatherum elatius,Tall Oatgrass,,3,GNR,,NNA,,SE4,IU,,?,IR,IR,IU,IR,IX,IR,IX,IU,IX,IR,GR,,I,,Poaceae,0,3,,,N,,,
1008089,ARRHELE,,Arrhenatherum elatius ssp. elatius,Tall Oatgrass,,3,GNRTNR,,NNA,,SE4,IU,,?,IR,IR,IU,IR,IX,IR,IX,IU,IX,IR,GR,,I,,Poaceae,0,3,,,N,,,
168100,ARTEABR,,Artemisia abrotanum,Southern Wormwood,,5,GNR,,NNA,,SE1,IR,,,,IH,,,,,,,,IR,FO,,I,,Asteraceae,0,5,,,N,,,
168102,ARTEABS,,Artemisia absinthium,Absinthe Wormwood,,5,GNR,,NNA,,SE5?,IR,,,,IR,IX,IX,IX,,,IR,IR,IX,FO,,I,,Asteraceae,0,5,,,N,,,
168104,ARTEANN,,Artemisia annua,Annual Wormwood,,3,GNR,,NNA,,SE1,IR,,IR,,,,,,,,IH,IR,IR,FO,,I,,Asteraceae,0,3,,,N,,,
168106,ARTEBIE,,Artemisia biennis,Biennial Wormwood,,-3,G5,,N5,,SE5,IR,,IR,IR,IX,IR,IX,IX,IX,,IU,IX,IX,FO,,I,,Asteraceae,0,-3,,,N,,,
168110,ARTEBOR,,Artemisia borealis,Boreal Wormwood,,3,G5,,N5,,S4?,,,,,,,,,,,,,,FO,,N,,Asteraceae,8,3,,,N,,,
1008369,ARTEBOB,,Artemisia borealis ssp. borealis,Northern Wormwood,,3,G5T5,,N5,,S4?,,,,,,,,,,,,,,FO,,N,,Asteraceae,0,3,,,N,,,
168108,ARTECAM,,Artemisia campestris,Field Wormwood,8,5,G5,,NNR,,S5,,,,,,,,,,,,,,FO,,N,,Asteraceae,8,5,,,N,,,
1009671,ARTECAC,,Artemisia campestris ssp. canadensis,Canada Wormwood,8,5,G5TNR,,NNR,,S4,,,,,,,,,,,,,,FO,,N,,Asteraceae,8,5,,,N,,,
168112,ARTECAA,,Artemisia campestris ssp. caudata,Tall Wormwood,8,5,G5T5,,N5,,S4S5,R,,R,R,R,R,R,X,U,U,R,,R,FO,,N,,Asteraceae,8,5,,,N,,,Y
168114,ARTEDRA,,Artemisia dracunculus,Dragon Wormwood,,5,G5,,N5,,S1,IH,,,,,,,,,,,,IH,FO,,N,,Asteraceae,,5,,,Y,,,Y
168118,ARTEFRI,,Artemisia frigida,Prairie Sagebrush,,5,G5,,N5,,S3,,,,,,,,,,,,,,FO,,N,,Asteraceae,,5,,,Y,,,Y
168120,ARTELUD,,Artemisia ludoviciana,Silver Wormwood,,5,G5,,N5,,SU,IR,,IR,IR,IX,,,,IR,,,IR,IR,FO,,N,,Asteraceae,,5,,,N,,,
1004504,ARTELUL,,Artemisia ludoviciana ssp. ludoviciana,Silver Wormwood,,5,G5T5,,N5,,SU,IR,,IR,IR,IX,,,,IR,,,IR,IR,FO,,N,,Asteraceae,,5,,,N,,,
168122,ARTEPON,,Artemisia pontica,Roman Wormwood,,5,GNR,,NNA,,SE2?,IR,,,,IX,IR,,,,,,,IR,FO,,I,,Asteraceae,0,5,,,N,,,
168124,ARTESTE,,Artemisia stelleriana,Beach Wormwood,,3,G4?,,NNA,,SE1,IR,,IR,,IH,,,,,,,,,FO,,I,,Asteraceae,0,3,,,N,,,
168126,ARTETIL,,Artemisia tilesii,Tilesius Wormwood,,3,G5,,N5,,S4,,,,,,,,,,,,,,FO,,N,,Asteraceae,0,3,,,N,,,
168130,ARTEVUL,,Artemisia vulgaris,Common Wormwood,,5,GU,,NNA,,SE5,IX,,IR,,IX,IR,IR,IR,IR,IX,IU,IX,IR,FO,,I,,Asteraceae,0,5,,,N,,,
82030,ARUNDIO,,Aruncus dioicus,Common Goatsbeard,,3,G5,,N5,,SE1,,,,,,,,,,,,,,FO,,I,,Rosaceae,0,3,,,N,,,
1010551,ARUNDIV,,Aruncus dioicus var. vulgaris,Common Goatsbeard,,3,G5TNR,,NNA,,SE1,,,,,,,,,,,,,,FO,,I,,Rosaceae,0,3,,,N,,,
53004,ASARCAN,,Asarum canadense,Canada Wild-ginger,6,5,G5,,N5,,S5,C,,U,X,X,C,C,X,C,C,C,C,C,FO,Spr,N,,Aristolochiaceae,6,5,,,N,,,
145000,ASCLEXA,,Asclepias exaltata,Poke Milkweed,8,5,G5,,N4,,S4,R,,R,R,X,R,R,X,C,R,R,C,R,FO,Sum,N,,Apocynaceae,8,5,,,N,,,
145002,ASCLHIR,,Asclepias hirtella,Tall Green Milkweed,10,5,G5,,N1,,S1,R,CZ,R,,,,,,,,,,,FO,,N,,Apocynaceae,10,5,,,Y,,,Y
145004,ASCLINC,,Asclepias incarnata,Swamp Milkweed,6,-5,G5,,N5,,S5,C,,C,X,X,C,C,X,C,C,C,C,U,FO,Sum,N,,Apocynaceae,6,-5,,,N,,,Y
145006,ASCLINI,,Asclepias incarnata ssp. incarnata,Swamp Milkweed,6,-5,G5T5,,N5,,S5,C,,C,X,X,C,C,X,C,C,C,C,U,FO,Sum,N,,Apocynaceae,6,-5,,,N,,,Y
145010,ASCLOVA,,Asclepias ovalifolia,Oval-leaved Milkweed,,3,G5?,,N5,,S2,,,,,,,,,,,,,,FO,,N,,Apocynaceae,,3,,,Y,,,Y
145012,ASCLPUR,,Asclepias purpurascens,Purple Milkweed,10,3,G5?,,N2,,S1,R,CZ,R,R,R,,,,R,,,,,FO,,N,,Apocynaceae,10,3,,,Y,,,Y
145014,ASCLQUA,,Asclepias quadrifolia,Four-leaved Milkweed,10,5,G5,END,N1,END,S1,H,,,,?,,,,,,H,,,FO,,N,,Apocynaceae,10,5,,,Y,,,
145016,ASCLSUL,,Asclepias sullivantii,Prairie Milkweed,8,5,G5,,N2N3,,S2S3,R,CZ,R,R,R,R,R,,,,,,H,FO,Sum,N,,Apocynaceae,8,5,,,Y,,,Y
145018,ASCLSYR,,Asclepias syriaca,Common Milkweed,0,5,G5,,N5,,S5,C,,C,X,X,C,C,X,C,C,C,C,C,FO,Sum,N,,Apocynaceae,0,5,,,N,,,
145020,ASCLTUB,,Asclepias tuberosa,Butterfly Milkweed,8,5,G5,,N4,,S4,U,,U,X,X,U,R,,C,C,R,U,R,FO,Sum,N,,Apocynaceae,8,5,,,N,,,Y
1010554,ASCLTUI,,Asclepias tuberosa ssp. interior,Interior Butterfly Milkweed,8,5,G5T5?,,N4,,S4,U,,U,X,X,U,R,,C,C,R,U,R,FO,,N,,Apocynaceae,8,5,,,N,,,Y
1257431,ASCLTUT,,Asclepias tuberosa ssp. tuberosa,Butterfly Milkweed,8,5,G5T5?,,NNR,,SU,U,,U,X,X,U,R,,C,C,R,U,R,FO,,N,,Apocynaceae,8,5,,,N,,,Y
145022,ASCLVAR,,Asclepias variegata,White Milkweed,,3,G5,,NX,,SX,H,CZ,,,,,,,,,,H,,FO,,N,,Apocynaceae,,3,,,Y,,,
145024,ASCLVER,,Asclepias verticillata,Whorled Milkweed,6,5,G5,,N4N5,,S4,R,cz,R,R,,,R,,R,,H,,,FO,Sum,N,,Apocynaceae,6,5,,,N,,,Y
145026,ASCLVIR,,Asclepias viridiflora,Green Cornet Milkweed,10,5,G5,,N5,,S2,R,cz,R,R,R,,,R,R,R,H,,,FO,,N,,Apocynaceae,10,5,,,Y,,,Y
69000,ASIMTRI,,Asimina triloba,Pawpaw,10,0,G5,,N3,,S3,R,cz,R,R,R,R,R,R,R,R,R,IR,,SH,,N,,Annonaceae,10,0,,,Y,,,
205814,ASKEELE,,Askellia elegans,Elegant Hawksbeard,,,G5,,N5,,SE1,,,,,,,,,,,,,,FO,,I,,Asteraceae,0,,,,N,,,
32022,ASPAOFF,,Asparagus officinalis,Garden Asparagus,,3,G5?,,NNA,,SE5,IC,,IC,IX,IX,IC,IC,IX,IC,IX,IC,IX,IC,FO,Sum,I,,Liliaceae,0,3,,,N,,,
149004,ASPEPRO,,Asperugo procumbens,German Madwort,,5,GNR,,NNA,,SEH,,,,,,,,,,,,,,FO,,I,,Boraginaceae,0,5,,,N,,,
161056,ASPEARV,,Asperula arvensis,Blue Woodruff,,,G5,,NNA,,SEH,,,,,,,,,,,,,,FO,,I,,Rubiaceae,0,,,,N,,,
9600,ASPLPLA,,Asplenium platyneuron,Ebony Spleenwort,6,3,G5,,N4,,S4,R,,R,R,R,R,U,R,U,R,R,U,R,FE,,N,,Aspleniaceae,6,3,,,N,,,
9602,ASPLRHI,,Asplenium rhizophyllum,Walking Fern,9,5,G5,,N4,,S4,R,,,,R,,,,,,R,U,R,FE,,N,,Aspleniaceae,9,5,,,N,,,
9604,ASPLRUT,,Asplenium ruta-muraria,Wallrue Spleenwort,10,5,G5,,N2,,S2,,,,,,,,,,,,,,FE,,N,,Aspleniaceae,10,5,,,Y,MV,Mod,
1010557,ASPLRUC,,Asplenium ruta-muraria var. cryptolepis,Wallrue Spleenwort,10,5,G5T5,,N2,,S2,,,,,,,,,,,,,,FE,,N,,Aspleniaceae,10,5,,,Y,,,
9608,ASPLSCO,,Asplenium scolopendrium,Hart's-tongue Fern,10,5,G4,,N3,,S3,R,,,,,,,,,,?,,R,FE,,N,,Aspleniaceae,10,5,,,P,,,
9610,ASPLSCA,,Asplenium scolopendrium var. americanum,American Hart's-tongue Fern,10,5,G4T3,SC,N3,SC,S3,,,,,,,,,,,,,,FE,,N,,Aspleniaceae,10,5,,,Y,HV,Mod,
1257234,ASPLSCS,,Asplenium scolopendrium var. scolopendrium,European Hart's-tongue Fern,,5,G4TNR,,NNA,,SE1,,,,,,,,,,,,,,FE,,I,,Aspleniaceae,0,5,,,N,,,
9612,ASPLTRI,,Asplenium trichomanes,Maidenhair Spleenwort,8,5,G5,,N5,,S4,R,,,,,,,,,,R,R,R,FE,,N,,Aspleniaceae,8,5,,,N,,,
9614,ASPLTRQ,,Asplenium trichomanes ssp. quadrivalens,Limestone Maidenhair Spleenwort,8,5,G5T5?,,N4,,S4,,,,,,,,,,,,,,FE,,N,,Aspleniaceae,8,5,,,N,,,
9616,ASPLTRT,,Asplenium trichomanes ssp. trichomanes,Maidenhair Spleenwort,8,5,G5T5,,N4N5,,SU,,,,,,,,,,,,,,FE,,N,,Aspleniaceae,8,5,,,N,,,
9618,ASPLVIR,,Asplenium viride,Green Spleenwort,10,5,G5,,N5,,S4,,,,,,,,,,,,,,FE,,N,,Aspleniaceae,10,5,,,N,,,
168136,ASTEALP,,Aster alpinus,Alpine Aster,,0,G5,,N5,,S1,,,,,,,,,,,,,,FO,,N,,Asteraceae,,0,,,Y,,,
168138,ASTEALV,,Aster alpinus ssp. vierhapperi,Vierhapper's Aster,,0,G5T5,,N5,,S1,,,,,,,,,,,,,,FO,,N,,Asteraceae,,0,,,Y,,,
83014,ASTRAGR,,Astragalus agrestis,Field Milk-vetch,,-3,G5,,N5,,SH,,,,,,,,,,,,,,FO,,N,,Fabaceae,,-3,,,Y,,,
83016,ASTRALP,,Astragalus alpinus,Alpine Milk-vetch,,0,G5,,N5,,S5,,,,,,,,,,,,,,FO,,N,,Fabaceae,0,0,,,P,,,
83258,ASTRALA,,Astragalus alpinus var. alpinus,Alpine Milk-vetch,,0,G5T5,,N5,,S5,,,,,,,,,,,,,,FO,,N,,Fabaceae,0,0,,,P,,,
83018,ASTRAME,,Astragalus americanus,American Milk-vetch,,0,G5,,N5,,S1S2,,,,,,,,,,,,,,FO,,N,,Fabaceae,,0,,,Y,,,
83020,ASTRAUS,,Astragalus australis,Southern Milk-vetch,,0,G5,,N5,,S1,,,,,,,,,,,,,,FO,,N,,Fabaceae,,0,,,Y,,,
1010560,ASTRAUG,,Astragalus australis var. glabriusculus,Aboriginal Milk-vetch,,0,G5TNR,,NNR,,S1,,,,,,,,,,,,,,FO,,N,,Fabaceae,,0,,,Y,,,
83022,ASTRCAN,,Astragalus canadensis,Canada Milk-vetch,8,0,G5,,N5,,S4,R,,R,R,R,?,,,R,,R,R,R,FO,,N,,Fabaceae,8,0,,,N,,,Y
1010563,ASTRCAC,,Astragalus canadensis var. canadensis,Canada Milk-vetch,8,0,G5T5,,N5,,S4,R,,R,R,R,?,,,R,,R,R,R,FO,,N,,Fabaceae,8,0,,,N,,,Y
83024,ASTRCIC,,Astragalus cicer,Chickpea Milk-vetch,,5,G5,,NNA,,SEH,,,,,,,,,,,,,,FO,,I,,Fabaceae,0,5,,,N,,,
83026,ASTREUC,,Astragalus eucosmus,Elegant Milk-vetch,,3,G5,,N5,,S4,,,,,,,,,,,,,,FO,,N,,Fabaceae,0,3,,,N,,,
83028,ASTRGLY,,Astragalus glycyphyllos,Liquorice Milk-vetch,,5,G5,,NNA,,SE1,,,,,,,,,,,,,,FO,,I,,Fabaceae,0,5,,,N,,,
83010,ASTRLAX,,Astragalus laxmannii,Laxmann's Milk-vetch,,,G5,,N5,,SEH,,,,,,,,,,,,,,FO,,I,,Fabaceae,0,,,,N,,,
83012,ASTRLAR,,Astragalus laxmannii var. robustior,Ascending Purple Milk-vetch,,,G5T5,,N5,,SEH,,,,,,,,,,,,,,FO,,I,,Fabaceae,0,,,,N,,,
83030,ASTRNEG,,Astragalus neglectus,Neglected Milk-vetch,9,3,G4,,N3,,S3,R,,,,R,R,,R,R,,H,,R,FO,,N,,Fabaceae,9,3,,,Y,LV,Low,
83032,ASTRTEN,,Astragalus tenellus,Loose-flowered Milk-vetch,,3,G5,,N5,,S1,,,,,,,,,,,,,,FO,,N,,Fabaceae,,3,,,Y,,,
9300,ATHYFIL,,Athyrium filix-femina,Common Lady Fern,4,0,G5,,N5,,S5,,,,,,,,,,,,,,FE,,N,,Dryopteridaceae,4,0,,,N,,,
9302,ATHYFIA,,Athyrium filix-femina var. angustum,Northeastern Lady Fern,4,0,G5T5,,N5,,S5,C,,C,X,X,X,C,X,C,C,C,C,C,FE,,N,,Dryopteridaceae,4,0,,,N,,,
9301,ATHYFIC,,Athyrium filix-femina var. cyclosorum,Northwestern Lady Fern,,0,G5T5,,N5,,SU,,,,,,,,,,,,,,FE,,N,,Dryopteridaceae,,0,,,N,,,
61112,ATOCARM,,Atocion armeria,Sweet William Catchfly,,5,GU,,NNA,,SE2,IR,,,IR,IX,,,,,,IR,,IR,FO,,I,,Caryophyllaceae,0,5,,,N,,,
55012,ATRIDIO,,Atriplex dioica,Saline Saltbush,,-3,G5,,N5,,S2?,,,,,,,,,,,,,,FO,,N,,Chenopodiaceae,,-3,,,Y,,,
55082,ATRIGLA,,Atriplex glabriuscula,Glabrous Saltbush,,3,G5,,N5,,SU,,,,,,,,,,,,,,FO,,N,,Chenopodiaceae,,3,,,N,,,
1010511,ATRIGLG,,Atriplex glabriuscula var. glabriuscula,Glabrous Saltbush,,3,G--T5,,N5,,SU,,,,,,,,,,,,,,FO,,N,,Chenopodiaceae,,3,,,N,,,
55002,ATRIHET,,Atriplex heterosperma,Russian Saltbush,,3,G5,,NNA,,SE4,IR,,IR,,,,IR,IR,,,IR,IR,IR,FO,,I,,Chenopodiaceae,0,3,,,N,,,
55000,ATRIHOR,,Atriplex hortensis,Garden Saltbush,,0,GNR,,NNA,,SE1,IR,,,,,,,,,,,,IR,FO,,I,,Chenopodiaceae,0,0,,,N,,,
55004,ATRIOBL,,Atriplex oblongifolia,Oblong-leaved Saltbush,,,GNR,,NNA,,SE1,,,,,,,,,,,,,,FO,,I,,Chenopodiaceae,0,,,,N,,,
16880,ATRIPAT,,Atriplex patula,Spear Saltbush,,-3,G5,,NNA,,SE5,IU,,IU,,IX,IX,IU,IX,IC,IX,IU,IU,IX,FO,,I,,Chenopodiaceae,0,-3,,,N,,,
55008,ATRIPRO,,Atriplex prostrata,Creeping Saltbush,,0,G5,,N5,,SE5,IU,,IU,IX,IX,IX,IU,IX,IU,,IR,IR,IX,FO,,I,,Chenopodiaceae,0,0,,,N,,,
55010,ATRIROS,,Atriplex rosea,Redscale Saltbush,,3,GNR,,NNA,,SEH,IH,,,,,,,,,,IH,,IH,FO,,I,,Chenopodiaceae,0,3,,,N,,,
153022,AUREFLA,,Aureolaria flava,Smooth Yellow False Foxglove,10,5,G5,THR,N2?,,S2?,R,cz,R,,R,R,,,R,R,H,R,R,FO,,N,,Scrophulariaceae,10,5,,,Y,,,Y
153024,AUREPED,,Aureolaria pedicularia,Fern-leaved Yellow False Foxglove,10,5,G5,THR,N2?,,S2?,R,cz,R,R,R,,,,R,R,H,R,R,FO,,N,,Scrophulariaceae,10,5,,,Y,MV,Mod,Y
153026,AUREVIR,,Aureolaria virginica,Downy Yellow False Foxglove,10,5,G5,END,N1,,S1,R,cz,,,,,,,R,R,H,R,,FO,Sum,N,,Scrophulariaceae,10,5,,,Y,,,Y
73052,AURISAX,,Aurinia saxatilis,Basket of Gold,,5,GNR,,NNA,,SE1,,,,,,,,,,,,,,FO,,I,,Brassicaceae,0,5,,,N,,,
22072,AVENFAT,,Avena fatua,Common Wild Oats,,5,GNR,,NNA,,SE3,IR,,IR,,IR,IR,IR,,IR,,IR,,IR,GR,,I,,Poaceae,0,5,,,N,,,
22074,AVENSAT,,Avena sativa,Cultivated Oats,,5,GNR,,NNA,,SE2,IR,,,IR,IR,IR,,,IC,,IH,IR,IR,GR,,I,,Poaceae,0,5,,,N,,,
22656,AVENSTE,,Avena sterilis,Animated Oats,,5,GNR,,NNA,,SEH,,,,,,,,,,,,,,GR,,I,,Poaceae,0,5,,All other CW values within this Genus are identical,N,,,
22190,AVENFLE,,Avenella flexuosa,Wavy Hairgrass,8,5,G5,,N5,,S5,R,,,,R,,,,R,,R,?,R,GR,,N,,Poaceae,8,5,,,N,,,
22364,AVENPUB,,Avenula pubescens,Hairy Oatgrass,,,GNR,,NNA,,SEH,IH,,,,,IH,,,,,,,,GR,,I,,Poaceae,0,,,,N,,,
55014,AXYRAMA,,Axyris amaranthoides,Russian Pigweed,,,GNR,,NNA,,SE2,IH,,,IH,,,,,,,,,,FO,,I,,Chenopodiaceae,0,,,,N,,,
11000,AZOLCRI,,Azolla cristata,Eastern Mosquito Fern,5,-5,G5,,N1N2,,S1S2,R,,,,,,,,,,R,R,R,FE,,N,,Azollaceae,5,-5,,,Y,LV,High,
151012,BALLNIG,,Ballota nigra,Black Horehound,,,GNR,,NNA,,SE1,IR,,,,,IH,,,,,,IR,,FO,,I,,Lamiaceae,0,,,,N,,,
151014,BALLNIN,,Ballota nigra ssp. nigra,Black Horehound,,,GNRTNR,,NNA,,SE1,IR,,,,,IH,,,,,,IR,,FO,,I,,Lamiaceae,0,,,,N,,,
83034,BAPTAUS,,Baptisia australis,Blue Wild Indigo,,3,G5,,NNA,,SEH,,,,,,,,,,,,,,FO,,I,,Fabaceae,0,3,,,N,,,
1010918,BAPTAUM,,Baptisia australis var. minor,Blue Wild Indigo,,3,G5T5,,NNA,,SEH,,,,,,,,,,,,,,FO,,I,,Fabaceae,0,3,,,N,,,
83036,BAPTTIN,,Baptisia tinctoria,Yellow Wild Indigo,10,5,G5,,N1N2,,S1S2,R,CZ,R,H,R,,,,R,,H,,,FO,,N,,Fabaceae,10,5,,,Y,,,Y
73054,BARBORT,,Barbarea orthoceras,Erect-fruit Wintercress,9,-5,G5,,N5,,SU,,,,,,,,,,,,,,FO,,N,,Brassicaceae,9,-5,,,N,,,
1008161,BARBSTR,,Barbarea stricta,Small-flowered Wintercress,,5,GNR,,NNA,,SEH,,,,,,,,,,,,,,FO,,I,,Brassicaceae,0,5,,,N,,,
73058,BARBVUL,,Barbarea vulgaris,Bitter Wintercress,,0,GNR,,NNA,,SE5,IC,,IC,IX,IX,IC,IC,IX,IC,IX,IC,IX,IC,FO,Spr,I,,Brassicaceae,0,0,,,N,,,
143000,BARTPAN,,Bartonia paniculata,Branched Bartonia,10,-5,G5,,N4N5,,S2,,,,,,,,,,,,,,FO,,N,,Gentianaceae,10,-5,,,Y,,,
143002,BARTPAP,,Bartonia paniculata ssp. paniculata,Branched Bartonia,10,-5,G5T5,THR,N2,THR,S2,,,,,,,,,,,,,,FO,,N,,Gentianaceae,10,-5,,,Y,MV,Mod,
143004,BARTVIR,,Bartonia virginica,Yellow Bartonia,9,-3,G5,,N3,,S2,R,cz,,,R,R,R,,R,,R,,,FO,,N,,Gentianaceae,9,-3,,,Y,,,
153028,BARTALP,,Bartsia alpina,Alpine Bartsia,,-3,G5,,N4N5,,S4,,,,,,,,,,,,,,FO,,N,,Scrophulariaceae,0,-3,,,N,,,
1005020,BASSSCO,,Bassia scoparia,Common Kochia,,3,GNR,,NNA,,SE5,IC,,IU,IX,IX,IX,IU,IX,IC,IX,IR,IX,IX,FO,,I,,Chenopodiaceae,0,3,,,N,,,
22076,BECKSYZ,,Beckmannia syzigachne,American Sloughgrass,4,-5,G5,,N5,,S4,R,,,,R,H,,,,,,,R,GR,,N,,Poaceae,4,-5,,,N,,,
168260,BELLPER,,Bellis perennis,English Daisy,,5,GNR,,NNA,,SE5,IR,,,,IH,IR,IR,IX,,,IR,IR,IR,FO,Sum,I,,Asteraceae,0,5,,,N,,,
65004,BERBX O,,Berberis x ottawensis,(Berberis thunbergii X Berberis vulgaris),,3,GNA,,NNA,,SNA,,,,,,,,,,,,,,SH,Sum,I,,Berberidaceae,0,3,,,N,,,
73060,BERTINC,,Berteroa incana,Hoary Alyssum,,5,GNR,,NNA,,SE5,IX,,IU,IX,IX,IX,IX,,IC,IX,IR,IX,IR,FO,Sum,I,,Brassicaceae,0,5,,,N,,,
45010,BETUALL,,Betula alleghaniensis,Yellow Birch,6,0,G5,,N5,,S5,C,,R,X,R,X,C,X,C,C,C,C,C,TR,,N,,Betulaceae,6,0,,,N,,,
45054,BETUCOR,,Betula cordifolia,Heart-leaved Birch,7,3,G5,,N5,,S4?,,,,,,,,,,,,,,TR,,N,,Betulaceae,7,3,,,N,,,
45012,BETUGLA,,Betula glandulosa,Glandular Birch,,0,G5,,N5,,S4?,,,,,,,,,,,,,,TR,,N,,Betulaceae,0,0,,,N,,,
45014,BETULEN,,Betula lenta,Cherry Birch,9,3,G5,END,N1,END,S1,R,CZ,,,,,,,,,R,,,TR,,N,,Betulaceae,9,3,,,Y,,,
45056,BETUMIN,,Betula minor,Dwarf White Birch,,,G4G5Q,,N4N5,,S1?,,,,,,,,,,,,,,TR,,N,,Betulaceae,,,,,Y,,,
1010791,BETUMUR,,Betula murrayana,Murray's Birch,9,-3,G1Q,,NH,,SH,H,CZ,,,,,,,H,,,,,TR,,N,,Betulaceae,9,-3,,,Y,,,
45048,BETUNEO,,Betula neoalaskana,Alaska Paper Birch,,3,G5,,N5,,S4,,,,,,,,,,,,,,TR,,N,,Betulaceae,0,3,,,N,,,
45018,BETUOCC,,Betula occidentalis,Water Birch,,0,G5,,N5,,S3,,,,,,,,,,,,,,TR,,N,,Betulaceae,,0,,,Y,,,
45020,BETUPAP,,Betula papyrifera,Paper Birch,2,3,G5,,N5,,S5,C,,IR,R,X,X,C,X,C,C,C,C,C,TR,,N,,Betulaceae,2,3,,,N,,,
45024,BETUPOP,,Betula populifolia,Grey Birch,5,0,G5,,N5,,S4,R,,,,,,R,,,,,,,TR,,N,,Betulaceae,5,0,,,N,,,
45026,BETUPUB,,Betula pubescens,Downy Birch,,3,GNR,,NNA,,SE1,,,,,,,,,,,,,,TR,,I,,Betulaceae,0,3,,,N,,,
1004789,BETUPUP,,Betula pubescens ssp. pubescens,Downy Birch,,3,GNRTNR,,NNA,,SE1,,,,,,,,,,,,,,TR,,I,,Betulaceae,0,3,,,N,,,
45028,BETUPUM,,Betula pumila,Bog Birch,9,-5,G5,,N5,,S5,R,,R,,H,R,,X,R,,,R,,SH,,N,,Betulaceae,9,-5,,,N,,,
1010931,BETUPUG,,Betula pumila var. glandulifera,Northern Bog Birch,9,-5,G5T5,,N5,,S5,,,,,,,,,,,,,,SH,,N,,Betulaceae,9,-5,,,N,,,
1010934,BETUPUU,,Betula pumila var. pumila,Southern Bog Birch,9,-5,G5T5?,,NNR,,SU,,,,,,,,,,,,,,SH,,N,,Betulaceae,9,-5,,,N,,,
45034,BETUX P,,Betula x purpusii,(Betula alleghaniensis X Betula pumila),,-5,GNA,,NNA,,SNA,,,,,,,,,,,,,,TR,,N,,Betulaceae,0,-5,,,N,,,
45036,BETUX S,,Betula x sandbergii,(Betula papyrifera X Betula pumila),,-5,GNA,,NNA,,SNA,hyb,,,,,,hyb,,,,,,,TR,,N,,Betulaceae,0,-5,,,N,,,
45038,BETUX A,,Betula x sargentii,(Betula glandulosa X Betula pumila var. glandulifera),,-5,GNA,,NNA,,SNA,,,,,,,,,,,,,,TR,,N,,Betulaceae,0,-5,,,N,,,
168262,BIDEARI,,Bidens aristosa,Bearded Beggarticks,,-3,G5,,NNA,,SE1,IR,,IR,,,,,,,,,,,FO,,I,,Asteraceae,0,-3,,,N,,,
168622,BIDEBEC,,Bidens beckii,Water Beggarticks,8,-5,G5,,N5,,S5,R,,R,,H,,,,R,,H,R,H,FO,,N,,Asteraceae,8,-5,,,N,,,
168264,BIDECER,,Bidens cernua,Nodding Beggarticks,2,-5,G5,,N5,,S5,C,,C,X,X,X,C,X,C,C,C,C,C,FO,Aut,N,,Asteraceae,2,-5,,,N,,,
1004507,BIDECON,,Bidens connata,Purple-stemmed Beggarticks,5,-3,G5,,N4N5,,S4?,X,,,,,,,,,,X,,,FO,,N,,Asteraceae,5,-3,,,N,,,
168268,BIDEDIS,,Bidens discoidea,Small Beggarticks,6,-3,G5,,N4,,S4,R,,R,R,R,R,R,X,C,R,R,R,R,FO,,N,,Asteraceae,6,-3,,,N,,,
168270,BIDEFRO,,Bidens frondosa,Devil's Beggarticks,3,-3,G5,,N5,,S5,C,,C,X,X,X,C,X,C,C,C,C,C,FO,Aut,N,,Asteraceae,3,-3,,,N,,,
168272,BIDEHYP,,Bidens hyperborea,Estuary Beggarticks,,-5,G4,,N4,,S1S2,,,,,,,,,,,,,,FO,,N,,Asteraceae,,-5,,,Y,,,
168276,BIDEPIL,,Bidens pilosa,Hairy Beggarticks,,-3,G5,,NNA,,SEH,IH,,IH,,,,,,,,,,,FO,,I,,Asteraceae,0,-3,,,N,,,
168278,BIDEPOL,,Bidens polylepis,Awnless Beggarticks,,-3,G5,,NNA,,SEH,IH,,,,,IH,,,,,,,,FO,,I,,Asteraceae,0,-3,,,N,,,
168266,BIDETRI,,Bidens trichosperma,Crowned Beggarticks,9,-5,G5?,,N2,,S2,R,CZ,R,R,R,H,,,R,,R,,,FO,,N,,Asteraceae,9,-5,,,Y,,,
1010258,BIDETRP,,Bidens tripartita,Three-parted Beggarticks,5,-3,G5,,N5,,S5?,C,,C,X,R,X,X,X,C,C,X,C,R,FO,,N,,Asteraceae,5,-3,,,N,,,
168282,BIDEVUL,,Bidens vulgata,Tall Beggarticks,5,0,G5,,N5,,S5,C,,C,R,R,X,X,X,C,,U,C,R,FO,Aut,N,,Asteraceae,5,0,,,N,,,
54080,BISTVIV,,Bistorta vivipara,Alpine Bistort,10,-3,G5,,N5,,S5,,,,,,,,,,,,,,FO,Sum,N,,Polygonaceae,10,-3,,,N,,,
151016,BLEPCIL,,Blephilia ciliata,Downy Wood Mint,10,5,G5,,N1,,S1,R,CZ,R,,H,,,,,,,,,FO,Sum,N,,Lamiaceae,10,5,,,Y,,,Y
151018,BLEPHIR,,Blephilia hirsuta,Hairy Wood Mint,10,3,G5?,,N1,,S1,R,CZ,,,H,R,,,,,,,,FO,,N,,Lamiaceae,10,3,,,Y,,,
55026,BLITBON,,Blitum bonus-henricus,Good King Henry,,5,GNR,,NNA,,SE1,IR,,,IR,,,,,,,IH,,IR,FO,,I,,Chenopodiaceae,0,5,,,N,,,
55032,BLITCAP,,Blitum capitatum,Strawberry-blite,4,5,G5,,N5,,S5,U,,,,R,R,R,,H,,R,U,R,FO,,N,,Chenopodiaceae,4,5,,,N,,,
1008243,BLITCAC,,Blitum capitatum ssp. capitatum,Strawberry-blite,4,5,G--T5,,N5,,S5,U,,,,R,R,R,,H,,R,U,R,FO,,N,,Chenopodiaceae,4,5,,,N,,,
1004586,BLITNUT,,Blitum nuttallianum,Nuttall's Povertyweed,,,G5,,N5,,SEH,,,,,,,,,,,,,,FO,,I,,Chenopodiaceae,0,,,,N,,,
23674,BLYSRUF,,Blysmopsis rufa,Red Bulrush,,-5,G5,,N4N5,,S4,,,,,,,,,,,,,,SE,,N,,Cyperaceae,0,-5,,,N,,,
17189,BOECCOL,,Boechera collinsii,Collins' Rockcress,,5,G5,,N5,,S1,,,,,,,,,,,,,,FO,,N,,Brassicaceae,,5,,,Y,,,
17192,BOECGRA,,Boechera grahamii,Graham's Rockcress,7,3,G5,,N5,,S5,R,,,,R,R,,,,,R,R,H,FO,,N,,Brassicaceae,7,3,,,N,,,
73266,BOECRET,,Boechera retrofracta,Reflexed Rockcress,9,5,G5,,N5,,S4?,,,,,,,,,,,,,,FO,,N,,Brassicaceae,9,5,,,N,,,
73024,BOECSTR,,Boechera stricta,Drummond's Rockcress,9,3,G5,,N5,,S4,R,,R,,R,,,,R,,R,,,FO,,N,,Brassicaceae,9,3,,,N,,,
50000,BOEHCYL,,Boehmeria cylindrica,Small-spike False Nettle,4,-5,G5,,N5,,S5,C,,C,X,X,X,X,X,C,C,C,C,U,FO,,N,,Urticaceae,4,-5,,,N,,,
23654,BOLBFLU,,Bolboschoenus fluviatilis,River Bulrush,7,-5,G5,,N5,,S4S5,R,,U,R,R,R,R,,R,R,R,R,R,SE,,N,,Cyperaceae,7,-5,,,N,,,
23662,BOLBMAR,,Bolboschoenus maritimus,Saltmarsh Bulrush,,-5,G5,,N5,,S4,,,,,,,,,,,,,,SE,,N,,Cyperaceae,0,-5,,,N,,,
1008090,BOLBMAM,,Bolboschoenus maritimus ssp. maritimus,Saltmarsh Bulrush,,-5,G5TNR,,NNR,,SE1,IR,,,,IR,,,,,,,,,SE,,I,,Cyperaceae,0,-5,,,N,,,
1004799,BOLBMAP,,Bolboschoenus maritimus ssp. paludosus,Alkali Bulrush,,-5,G5T5,,N5,,S4,,,,,,,,,,,,,,SE,,N,,Cyperaceae,0,-5,,,N,,,
149006,BORAOFF,,Borago officinalis,Common Borage,,5,GNR,,NNA,,SEH,IH,,,,IH,,,,,,,,IH,FO,,I,,Boraginaceae,0,5,,,N,,,
73020,BOROCAN,,Borodinia canadensis,Canada Rockcress,7,5,G5,,N4,,S4?,R,cz,R,R,R,R,R,,R,R,R,U,R,FO,,N,,Brassicaceae,7,5,,,N,,,
73044,BORODEN,,Borodinia dentata,Toothed Rockcress,9,5,G5,,N1,,S1,R,CZ,R,,,,,,,,,,,FO,,N,,Brassicaceae,9,5,,,Y,,,
73036,BOROLAE,,Borodinia laevigata,Smooth Rockcress,5,5,G5,,N4,,S4,U,cz,U,R,R,R,U,,C,X,U,U,R,FO,Spr,N,,Brassicaceae,5,5,,,N,,,
5016,BOTRANG,,Botrychium angustisegmentum,Narrow Triangle Moonwort,7,-3,G4,,N3N4,,S3,R,,,,,,H,,R,,R,,,FE,,N,,Ophioglossaceae,7,-3,,,Y,,,
5002,BOTRASC,,Botrychium ascendens,Upswept Moonwort,,3,G3,,N4,,S1S2,,,,,,,,,,,,,,FE,,N,,Ophioglossaceae,,3,,,Y,MV,Low,
5004,BOTRCAM,,Botrychium campestre,Prairie Moonwort,9,5,GNR,,NNR,,S1S2,,,,,,,,,,,,,,FE,,N,,Ophioglossaceae,9,5,,,Y,,,Y
1268419,BOTRCAC,,Botrychium campestre var. campestre,Prairie Moonwort,9,5,G--T3T4,,N3,,S1S2,,,,,,,,,,,,,,FE,,N,,Ophioglossaceae,9,5,,,Y,,,Y
1005250,BOTRCRE,,Botrychium crenulatum,Dainty Moonwort,,3,G4,,N4,,S1,,,,,,,,,,,,,,FE,,N,,Ophioglossaceae,,3,,,Y,,,
5018,BOTRLUN,,Botrychium lunaria,Common Moonwort,7,3,G5,,N5,,SU,,,,,,,,,,,,,,FE,,N,,Ophioglossaceae,7,3,,,N,,,
1257016,BOTRLUL,,Botrychium lunaria var. lunaria,Common Moonwort,7,3,G5TNR,,N5,,SU,,,,,,,,,,,,,,FE,,N,,Ophioglossaceae,7,3,,,N,,,
5020,BOTRMAT,,Botrychium matricariifolium,Daisy-leaved Moonwort,5,3,G5,,N5,,S4S5,R,,R,R,R,R,R,X,C,R,R,,R,FE,,N,,Ophioglossaceae,5,3,,,N,,,
1011113,BOTRMIC,,Botrychium michiganense,Michigan Moonwort,10,5,G3,,N3,,S1S2,,,,,,,,,,,,,,FE,,N,,Ophioglossaceae,10,5,,,Y,,,
5022,BOTRMIN,,Botrychium minganense,Mingan Moonwort,8,5,G5,,N5,,S4,,,,,,,,,,,,,,FE,,N,,Ophioglossaceae,8,5,,,N,,,
1295778,BOTRMOR,,Botrychium mormo,Little Goblin Moonwort,10,5,G3,,N1,,S1,,,,,,,,,,,,,,FE,,N,,Ophioglossaceae,10,5,,,Y,,,
1257015,BOTRNEO,,Botrychium neolunaria,North American Moonwort,7,3,GNR,,NNR,,S4S5,,,,,,,,,,,,,,FE,,N,,Ophioglossaceae,7,3,,,N,,,
5028,BOTRPAL,,Botrychium pallidum,Pale Moonwort,10,5,G3,,N2N3,,S1S2,,,,,,,,,,,,,,FE,,N,,Ophioglossaceae,10,5,,,Y,MV,VH,
5030,BOTRPSE,,Botrychium pseudopinnatum,False Northwestern Moonwort,10,5,G1,,N1,,S1,,,,,,,,,,,,,,FE,,N,,Ophioglossaceae,10,5,,,Y,,,
1010209,BOTRSIM,,Botrychium simplex,Least Moonwort,5,0,G5,,N4?,,SU,,,,,,,,,,,,,,FE,,N,,Ophioglossaceae,5,0,,,N,,,
1010922,BOTRSIS,,Botrychium simplex var. simplex,Least Moonwort,5,0,G5T3T4,,N3N4,,SU,,,,,,,,,,,,,,FE,,N,,Ophioglossaceae,5,0,,,N,,,
5038,BOTRSPA,,Botrychium spathulatum,Spatulate Moonwort,10,5,G3,,N3N4,,S2S3,,,,,,,,,,,,,,FE,,N,,Ophioglossaceae,10,5,,,Y,LV,VH,
1010206,BOTRTEN,,Botrychium tenebrosum,Swamp Moonwort,7,-3,G4?,,NU,,SU,R,,,,,,R,R,R,R,R,R,H,FE,,N,,Ophioglossaceae,7,-3,,,N,,,
5040,BOTRVIR,,Botrypus virginianus,Rattlesnake Fern,5,3,G5,,N5,,S5,C,,C,X,X,X,C,X,C,C,U,C,R,FE,,N,,Ophioglossaceae,5,3,,,N,,,
22078,BOUTCUR,,Bouteloua curtipendula,Side-oats Grama,10,5,G5,,N3,,S2,R,,,,,,,,R,R,,IR,IR,GR,,N,,Poaceae,10,5,,,Y,LV,Low,Y
22080,BOUTCUC,,Bouteloua curtipendula var. curtipendula,Side-oats Grama,10,5,G5T5,,N3,,S2,R,,,,,,,,R,R,,IR,IR,GR,,N,,Poaceae,10,5,,,Y,LV,Low,Y
1004510,BOUTGRA,,Bouteloua gracilis,Blue Grama,,5,G5,,N5,,SE1,,,,,,,,,,,,,,GR,,I,,Poaceae,0,5,,,N,,,
22086,BRACARI,,Brachyelytrum aristosum,Northern Shorthusk,7,3,G5,,N5,,S5?,X,,,,,,X,,X,,X,?,R,GR,,N,,Poaceae,7,3,,,N,,,
22084,BRACERE,,Brachyelytrum erectum,Southern Shorthusk,7,3,G5,,N4N5,,S4,U,,R,R,X,X,U,X,C,X,X,U,R,GR,,N,,Poaceae,7,3,,,N,,,
1008151,BRACSYL,,Brachypodium sylvaticum,Slender False Brome,,0,GNR,,NNA,,SE1,,,,,,,,,,,,,,GR,,I,,Poaceae,0,0,,,N,,,
1008523,BRACSYS,,Brachypodium sylvaticum ssp. sylvaticum,Slender False Brome,,0,GNRTNR,,NNA,,SE1,,,,,,,,,,,,,,GR,,I,,Poaceae,0,0,,,N,,,
63600,BRASSCH,,Brasenia schreberi,Watershield,7,-5,G5,,N5,,S5,R,,R,R,R,R,,X,R,R,H,,H,FO,Sum,N,,Cabombaceae,7,-5,,,N,,,
73062,BRASJUN,,Brassica juncea,Chinese Mustard,,5,GNR,,NNA,,SE5,IX,,IR,,IX,IX,IX,,,IX,IH,IX,IX,FO,,I,,Brassicaceae,0,5,,,N,,,
73064,BRASNAP,,Brassica napus,Rapeseed,,5,GNR,,NNA,,SE1,IR,,IR,,,,,,,,IR,IX,IR,FO,,I,,Brassicaceae,0,5,,,N,,,
73066,BRASNIG,,Brassica nigra,Black Mustard,,5,GNR,,NNA,,SE5,IR,,IH,IX,IX,IX,,,IU,IX,IR,IR,IR,FO,,I,,Brassicaceae,0,5,,,N,,,
73068,BRASOLE,,Brassica oleracea,Cabbage,,5,GNR,,NNA,,SE1,IR,,,,,,,,,,,,IR,FO,,I,,Brassicaceae,0,5,,,N,,,
73070,BRASRAP,,Brassica rapa,Field Mustard,,5,GNR,,NNA,,SE5,IR,,IU,,IX,IX,,,,,IR,IR,IR,FO,,I,,Brassicaceae,0,5,,,N,,,
73072,BRAYHUM,,Braya humilis,Low Braya,,3,G5,,N5,,S5,,,,,,,,,,,,,,FO,,N,,Brassicaceae,0,3,override,Suppl. CW value matches more closely with values from US Wetland Plant List and Michigan Flora,N,,,
1008213,BRAYHUH,,Braya humilis ssp. humilis,Low Braya,,0,G5T5,,N5,,S5,,,,,,,,,,,,,,FO,,N,,Brassicaceae,0,0,,,N,,,
22088,BRIZMAX,,Briza maxima,Big Quaking Grass,,,GNR,,NNA,,SE1,IH,,,,,IH,IH,,,,,,,GR,,I,,Poaceae,0,,,,N,,,
22090,BRIZMED,,Briza media,Perennial Quaking Grass,,0,GNR,,NNA,,SE1,IR,,,,,IR,,,,IR,IR,,IR,GR,,I,,Poaceae,0,0,,,N,,,
22092,BROMARV,,Bromus arvensis,Field Brome,,3,GNR,,NNA,,SE1,IR,,IR,,,,?,,,,,IR,,GR,,I,,Poaceae,0,3,,,N,,,
22094,BROMBRI,,Bromus briziformis,Rattlesnake Brome,,5,GNR,,NNA,,SEH,IR,,,,IH,IH,IH,,?,,,IR,IR,GR,,I,,Poaceae,0,5,,,N,,,
22096,BROMCIL,,Bromus ciliatus,Fringed Brome,6,-3,G5,,N5,,S5,U,,R,X,X,X,U,X,U,C,R,U,R,GR,,N,,Poaceae,6,-3,,,N,,,
22098,BROMCOM,,Bromus commutatus,Hairy Brome,,5,GNR,,NNA,,SE4,IU,,IU,IR,IR,IX,IR,IX,IC,,IU,IX,IR,GR,,I,,Poaceae,0,5,,,N,,,
22102,BROMERE,,Bromus erectus,Upright Brome,,5,GNR,,NNA,,SE1,IR,,,,,IR,,,,,IH,,,GR,,I,,Poaceae,0,5,,,N,,,
22104,BROMHOR,,Bromus hordeaceus,Soft Brome,,5,GNR,,NNA,,SE2?,,,,,,,,,,,,,,GR,,I,,Poaceae,0,5,,,N,,,
22106,BROMHOH,,Bromus hordeaceus ssp. hordeaceus,Soft Brome,,5,GNRTNR,,NNA,,SE2?,IR,,IR,,IR,IR,IR,,IR,,IR,IR,IR,GR,,I,,Poaceae,0,5,,,N,,,
22114,BROMJAP,,Bromus japonicus,Japanese Brome,,3,GNR,,NNA,,SE4,IC,,IC,IX,IX,IX,IU,IX,IR,IX,IR,IX,IR,GR,,I,,Poaceae,0,3,,,N,,,
22116,BROMKAL,,Bromus kalmii,Kalm's Brome,8,0,G5,,N4N5,,S4,R,,R,R,R,R,R,,U,R,H,R,H,GR,,N,,Poaceae,8,0,,,N,,,Y
22118,BROMLAT,,Bromus latiglumis,Broad-glumed Brome,7,-3,G5,,N4N5,,S4,U,,R,R,R,U,U,X,U,C,R,R,R,GR,,N,,Poaceae,7,-3,,,N,,,
22124,BROMNOT,,Bromus nottowayanus,Nottoway Brome,9,3,G4G5,,N4?,,S4?,R,,,,,R,,,,R,H,,,GR,,N,,Poaceae,9,3,,,N,,,
22126,BROMPUB,,Bromus pubescens,Hairy Woodland Brome,7,3,G5,,N4,,S4,U,cz,U,X,X,R,R,X,U,U,U,U,R,GR,,N,,Poaceae,7,3,,,N,,,
22112,BROMPUM,,Bromus pumpellianus,Pumpelly's Brome,10,5,G5,,N5,,SH,,,,,,,,,,,,,,GR,,N,,Poaceae,10,5,,,Y,,,
22130,BROMRAC,,Bromus racemosus,Bald Brome,,5,GNR,,NNA,,SE1,IR,,IR,,,,,,,,IR,,,GR,,I,,Poaceae,0,5,,,N,,,
22666,BROMSEC,,Bromus secalinus,Rye Brome,,5,GNR,,NNA,,SE4,IU,,IR,IR,IR,IX,IR,IX,IR,,IR,IX,IX,GR,,I,,Poaceae,0,5,,,N,,,
1257200,BROMSIT,,Bromus sitchensis,Sitka Brome,,,G5,,N5,,SE1,,,,,,,,,,,,,,GR,,I,,Poaceae,0,,,,N,,,
1010341,BROMSIA,,Bromus sitchensis var. aleutensis,Aleut Brome,,,G5T5?,,N5,,SEH,,,,,,,,,,,,,,GR,,I,,Poaceae,0,,,,N,,,
22658,BROMSIC,,Bromus sitchensis var. carinatus,California Brome,,,G--T5,,N5,,SE1,IR,,,,,IR,,,,,,,IR,GR,,I,,Poaceae,0,,,,N,,,
22132,BROMSQU,,Bromus squarrosus,Corn Brome,,5,GNR,,NNA,,SE2,IR,,IR,IR,,IR,IR,,IR,IR,,IR,,GR,,I,,Poaceae,0,5,,,N,,,
1256762,BROMSQS,,Bromus squarrosus var. squarrosus,Corn Brome,,5,GNRTNR,,NNA,,SE2,IR,,IR,IR,,IR,IR,,IR,IR,,IR,,GR,,I,,Poaceae,0,5,,,N,,,
22134,BROMSTE,,Bromus sterilis,Barren Brome,,5,GNR,,NNA,,SE1,IR,,IH,,IH,,,,,,IR,IR,IR,GR,,I,,Poaceae,0,5,,,N,,,
22136,BROMTEC,,Bromus tectorum,Downy Brome,,5,GNR,,NNA,,SE5,IC,,IU,IX,IX,IX,IU,IX,IC,IX,IU,IX,IR,GR,,I,,Poaceae,0,5,,,N,,,
22662,BROMX P,,Bromus x pseudothominii,(Bromus hordeaceus ssp. hordeaceus X Bromus lepidus),,5,GNA,,NNA,,SNA,hyb,,hyb,hyb,hyb,hyb,,,hyb,,hyb,hyb,,GR,,I,,Poaceae,0,5,,,N,,,
153030,BUCHAME,,Buchnera americana,American Bluehearts,10,0,G5?,END,N1,END,S1,R,CZ,,,R,,,,,,,,,FO,Sum,N,,Scrophulariaceae,10,0,,,Y,,,
205813,BUDDDAV,,Buddleja davidii,Orange-eye Butterfly-bush,,3,G4G5,,NNA,,SE1,IR,,,,,,,,IR,,,,,SH,,I,,Buddlejaceae,0,3,,,N,,,
149008,BUGLARV,,Buglossoides arvensis,Corn Gromwell,,5,GNR,,NNA,,SE5,IU,,IU,IR,IX,IR,IR,,IU,IX,IR,IX,IR,FO,,I,,Boraginaceae,0,5,,,N,,,
23000,BULBCAP,,Bulbostylis capillaris,Dense-tufted Hair Sedge,5,3,G5,,N4,,S4,R,,R,,R,IR,IR,IX,IR,,IR,,,SE,,N,,Cyperaceae,5,3,,,N,,,Y
73074,CAKIEDE,,Cakile edentula,American Sea Rocket,9,3,G5,,N5,,S4,U,,U,R,X,,U,,U,,R,R,R,FO,,N,,Brassicaceae,9,3,,,N,,,
1008170,CAKIEDN,,Cakile edentula ssp. edentula,American Sea Rocket,9,3,G5T5,,N5,,S4,U,,U,R,X,,U,,U,,R,R,R,FO,,N,,Brassicaceae,9,3,,,N,,,
1008165,CAKIEDL,,Cakile edentula ssp. edentula var. lacustris,Great Lakes Sea Rocket,9,3,G5T3T5,,N4,,S4,U,,U,R,X,,U,,U,,R,R,R,FO,,N,,Brassicaceae,9,3,,,N,,,
22032,AMMOBRE,,Calamagrostis breviligulata,American Beachgrass,10,5,G5,,N5,,S4,R,,R,R,R,,R,,R,,R,R,R,GR,,N,,Poaceae,10,5,,,N,,,
1268566,CALABRB,,Calamagrostis breviligulata ssp. breviligulata,American Beachgrass,10,5,G--T5,,N5,,S4,,,,,,,,,,,,,,GR,,N,,Poaceae,10,5,,,N,,,
22138,CALACAN,,Calamagrostis canadensis,Bluejoint Reedgrass,4,-5,G5,,N5,,S5,C,,C,X,X,X,C,X,C,C,C,C,U,GR,,N,,Poaceae,4,-5,,,N,,,Y
22140,CALACAC,,Calamagrostis canadensis var. canadensis,Bluejoint Reedgrass,4,-5,G5T5,,N5,,S5,C,,C,X,X,X,C,X,C,C,C,C,U,GR,,N,,Poaceae,4,-5,,,N,,,Y
22676,CALACAL,,Calamagrostis canadensis var. langsdorffii,Langsdorff's Reedgrass,4,-5,G5T5,,N5,,SU,,,,,,,,,,,,,,GR,,N,,Poaceae,4,-5,,,N,,,
22674,CALACAM,,Calamagrostis canadensis var. macouniana,Macoun's Reedgrass,4,-5,G5T5?,,N5?,,SU,,,,,,,,,,,,,,GR,,N,,Poaceae,4,-5,,,N,,,
22142,CALADES,,Calamagrostis deschampsioides,Circumpolar Reedgrass,,-3,G4G5,,N4N5,,S1S2,,,,,,,,,,,,,,GR,,N,,Poaceae,,-3,,,Y,,,
22144,CALAEPI,,Calamagrostis epigeios,Chee Reedgrass,,0,G5,,NNA,,SE2,IR,,IR,,,IR,IR,IR,,,,IR,IR,GR,,I,,Poaceae,0,0,,,N,,,
22148,CALALAP,,Calamagrostis lapponica,Lapland Reedgrass,,0,G5,,N5,,S2S3,,,,,,,,,,,,,,GR,,N,,Poaceae,,0,,,Y,,,
22152,CALAPUR,,Calamagrostis purpurascens,Purple Reedgrass,,5,G5,,N5,,S2,,,,,,,,,,,,,,GR,,N,,Poaceae,,5,,,Y,,,
22156,CALASTR,,Calamagrostis stricta,Slim-stemmed Reedgrass,8,-3,G5,,N5,,S5,,,,,,,,,,,,,,GR,,N,,Poaceae,8,-3,,,N,,,
22146,CALASTI,,Calamagrostis stricta ssp. inexpansa,Northern Reedgrass,8,-3,G5T5,,N5,,S5,R,,R,R,R,R,R,,R,R,,R,,GR,,N,,Poaceae,8,-3,,,N,,,
22158,CALASTS,,Calamagrostis stricta ssp. stricta,Slim-stemmed Reedgrass,8,-3,G5T5,,N5,,S4,,,,,,,,,,,,,,GR,,N,,Poaceae,8,-3,,,N,,,
168290,CALEOFF,,Calendula officinalis,Pot Marigold,,5,GNR,,NNA,,SE1,IR,,,,,,,,,,,,IR,FO,,I,,Asteraceae,0,5,,,N,,,
24006,CALLPAL,,Calla palustris,Wild Calla,8,-5,G5,,N5,,S5,R,,,,H,R,R,X,U,R,R,C,R,FO,Sum,N,,Araceae,8,-5,,,N,,,
93000,CALLHER,,Callitriche hermaphroditica,Northern Water-starwort,10,-5,G5,,N5,,S4?,H,,,,,,,,,,,H,,FO,,N,,Callitrichaceae,10,-5,,,N,,,
93002,CALLHET,,Callitriche heterophylla,Large Water-starwort,9,-5,G5,,N5,,S2S3,H,,,,,,,,,,H,,,FO,,N,,Callitrichaceae,9,-5,,,Y,,,
93006,CALLPAU,,Callitriche palustris,Spring Water-starwort,6,-5,G5,,N5,,S5,R,,,,H,R,R,R,R,,H,U,,FO,,N,,Callitrichaceae,6,-5,,,N,,,
1005270,CALLSTE,,Callitriche stenoptera,Narrow-winged Water-starwort,,-5,GNR,,NU,,SU,,,,,,,,,,,,,,FO,,N,,Callitrichaceae,,-5,,,N,,,
39008,CALOTUB,,Calopogon tuberosus,Tuberous Grass Pink,9,-5,G5,,N4N5,,S4S5,R,,,R,R,R,,X,R,,H,R,H,FO,Sum,N,,Orchidaceae,9,-5,,,N,,,
39146,CALOTUT,,Calopogon tuberosus var. tuberosus,Tuberous Grass Pink,9,-5,G5T5,,N4N5,,S4S5,R,,,R,R,R,,X,R,,H,R,H,FO,Sum,N,,Orchidaceae,9,-5,,,N,,,
64030,CALTNAT,,Caltha natans,Floating Marsh Marigold,,-5,G5,,N5,,S2,,,,,,,,,,,,,,FO,,N,,Ranunculaceae,,-5,,,Y,,,
64032,CALTPAL,,Caltha palustris,Yellow Marsh Marigold,5,-5,G5,,N5,,S5,C,,R,X,X,C,C,X,C,C,U,C,C,FO,Spr,N,,Ranunculaceae,5,-5,,,N,,,
39010,CALYBUL,,Calypso bulbosa,Calypso,10,-3,G5,,N5,,S4?,H,,,,,,,,,,,,H,FO,Spr,N,,Orchidaceae,10,-3,,,N,,,
39148,CALYBUA,,Calypso bulbosa var. americana,Calypso,10,-3,G5T5,,N5,,S4?,H,,,,,,,,,,,,H,FO,Spr,N,,Orchidaceae,10,-3,,,N,,,
1257429,CALYPUB,,Calystegia pubescens,Japanese False Bindweed,,5,GNR,,NNA,,SEH,IH,,IH,,,,,,,,IH,,,VI,,I,,Convolvulaceae,0,5,,,N,,,
146002,CALYSEP,,Calystegia sepium,Hedge False Bindweed,2,0,G5,,N5,,S5,C,,X,X,X,X,X,X,X,C,C,C,C,FO,Sum,N,,Convolvulaceae,2,0,,,N,,,
146004,CALYSEA,,Calystegia sepium ssp. americana,American False Bindweed,2,0,G5T5,,N5,,S5,,,,,,,,,,,,,,VI,Sum,N,,Convolvulaceae,2,0,,,N,,,
146006,CALYSEN,,Calystegia sepium ssp. angulata,Angled False Bindweed,2,0,G5T5,,N5,,SU,,,,,,,,,,,,,,VI,Sum,N,,Convolvulaceae,2,0,,,N,,,
146008,CALYSEE,,Calystegia sepium ssp. erratica,Erratic False Bindweed,2,0,G5TNR,,NU,,SU,,,,,,,,,,,,,,VI,Sum,N,,Convolvulaceae,2,0,,,N,,,
146010,CALYSPI,,Calystegia spithamaea,Low False Bindweed,7,5,G4G5,,N4N5,,S4S5,R,,,,R,,R,,U,R,H,R,R,FO,Spr-Sum,N,,Convolvulaceae,7,5,,,N,,,
1268434,CALYSPS,,Calystegia spithamaea ssp. stans,Erect False Bindweed,7,5,G4G5TNR,,N4N5,,S4S5,,,,,,,,,,,,,,FO,,N,,Convolvulaceae,7,5,,,N,,,
32024,CAMASCI,,Camassia scilloides,Eastern Camas,10,0,G4G5,THR,N1,THR,S1,R,CZ,R,,,,,,,,,,,FO,,N,,Liliaceae,10,0,,,Y,,,
73076,CAMEMIC,,Camelina microcarpa,Small-seed False-flax,,5,GNR,,NNA,,SE5,IU,,IU,IX,IX,IX,IX,IX,IR,IX,IR,IX,IX,FO,,I,,Brassicaceae,0,5,,,N,,,
73078,CAMESAT,,Camelina sativa,Large-seed False-flax,,3,GNR,,NNA,,SE2,IR,,,,IH,,IR,,,,IR,IR,IR,FO,,I,,Brassicaceae,0,3,,,N,,,
167002,CAMPAPA,,Campanula aparinoides,Marsh Bellflower,7,-5,G5,,N5,,S5,R,,R,R,X,R,R,X,U,U,R,R,R,FO,Sum,N,,Campanulaceae,7,-5,,,N,,,Y
167004,CAMPCOC,,Campanula cochlearifolia,Ear-leaved Bellflower,,,GNR,,NNA,,SE1,,,,,,,,,,,,,,FO,,I,,Campanulaceae,0,,,,N,,,
167006,CAMPGLO,,Campanula glomerata,Clustered Bellflower,,5,GNR,,NNA,,SE1,IR,,,,,,,,IR,,,,,FO,Sum,I,,Campanulaceae,0,5,,,N,,,
1010520,CAMPGLG,,Campanula glomerata ssp. glomerata,Clustered Bellflower,,5,GNRTNR,,NNA,,SE1,IR,,,,,,,,IR,,,,,FO,Sum,I,,Campanulaceae,0,5,,,N,,,
167008,CAMPMED,,Campanula medium,Canterbury Bellflower,,5,GNR,,NNA,,SE1,,,,,,,,,,,,,,FO,,I,,Campanulaceae,0,5,,,N,,,
167010,CAMPPER,,Campanula persicifolia,Peach-leaved Bellflower,,5,GNR,,NNA,,SE1,IR,,,,,,,,,,,,IR,FO,,I,,Campanulaceae,0,5,,,N,,,
1010517,CAMPPEP,,Campanula persicifolia ssp. persicifolia,Peach-leaved Bellflower,,5,GNRTNR,,NNA,,SE1,IR,,,,,,,,,,,,IR,FO,,I,,Campanulaceae,0,5,,,N,,,
167012,CAMPRAP,,Campanula rapunculoides,Creeping Bellflower,,5,GNR,,NNA,,SE5,IU,,IU,IX,IX,IR,IR,IX,IU,IX,IR,IC,IX,FO,Sum,I,,Campanulaceae,0,5,,,N,,,
167014,CAMPGIE,,Campanula rotundifolia,Harebell,7,3,G5,,N5,,S5,R,,R,,R,R,R,,U,R,R,U,R,FO,Sum,N,,Campanulaceae,7,3,,,N,,,Y
167016,CAMPTRA,,Campanula trachelium,Nettle-leaved Bellflower,,5,GNR,,NNA,,SE1,IR,,,,,,,,,,,,IR,FO,,I,,Campanulaceae,0,5,,,N,,,
1010523,CAMPTRT,,Campanula trachelium ssp. trachelium,Nettle-leaved Bellflower,,5,GNRTNR,,NNA,,SE1,IR,,,,,,,,,,,,IR,FO,,I,,Campanulaceae,0,5,,,N,,,
1005244,CAMPUNI,,Campanula uniflora,Arctic Bellflower,,5,G5,,N5,,S1,,,,,,,,,,,,,,FO,,N,,Campanulaceae,,5,,,Y,,,
167000,CAMPAME,,Campanulastrum americanum,American Bellflower,8,0,G5,,N4,,S4,U,cz,C,X,R,R,U,,R,R,R,C,R,FO,Sum,N,,Campanulaceae,8,0,,,N,,,
154000,CAMPRAD,,Campsis radicans,Trumpet Creeper,3,0,G5,,N2?,,S2?,R,CZ,R,R,,IR,,,,,IR,IR,,VW,Sum,N,,Bignoniaceae,3,0,,,Y,,,
168192,CANAMOD,,Canadanthus modestus,Great Northern Aster,8,0,G5,,N5,,S4S5,,,,,,,,,,,,,,FO,,N,,Asteraceae,8,0,,,N,,,
49000,CANNSAT,,Cannabis sativa,Hemp,,0,GNR,,NNA,,SE1,IR,,IR,,IX,IR,IR,IX,IR,IX,IR,,IR,FO,,I,,Cannabaceae,0,0,,,N,,,
71508,CAPNSEM,,Capnoides sempervirens,Pale Corydalis,7,5,G5,,N5,,S5,R,,,,H,,,,,,,R,H,FO,,N,,Fumariaceae,7,5,,,N,,,
73080,CAPSBUR,,Capsella bursa-pastoris,Common Shepherd's Purse,,3,GNR,,NNA,,SE5,IC,,IC,IX,IX,IC,IC,IX,IC,IX,IC,IX,IX,FO,Spr,I,,Brassicaceae,0,3,,,N,,,
83040,CARAFRU,,Caragana frutex,Russian Pea Shrub,,,GNR,,NNA,,SEH,IR,,,,IR,,,,,,,,,SH,,I,,Fabaceae,0,,,,N,,,
73082,CARDBUL,,Cardamine bulbosa,Bulbous Bittercress,8,-5,G5,,N4,,S4,C,cz,C,X,X,X,R,X,U,R,R,C,R,FO,Spr,N,,Brassicaceae,8,-5,,,N,,,
73126,CARDCON,,Cardamine concatenata,Cut-leaved Toothwort,6,3,G5,,N5,,S5,C,,R,X,X,X,C,X,U,U,U,C,U,FO,,N,,Brassicaceae,6,3,,,N,,,
73102,CARDDEN,,Cardamine dentata,Toothed Bittercress,10,-5,G5,,N5,,S5,R,,,,,,,,,R,,R,H,FO,,N,,Brassicaceae,10,-5,,,N,,,
73084,CARDDIP,,Cardamine diphylla,Two-leaved Toothwort,7,3,G5,,N5,,S5,C,,R,X,R,X,C,X,C,U,U,C,U,FO,,N,,Brassicaceae,7,3,,,N,,,
73086,CARDDOU,,Cardamine douglassii,Limestone Bittercress,7,-3,G5,,N4,,S4,C,cz,C,X,X,X,X,X,U,R,R,C,R,FO,Spr,N,,Brassicaceae,7,-3,,,N,,,
73088,CARDFLE,,Cardamine flexuosa,Wavy Bittercress,,0,GNR,,NNA,,SE1,IR,,,IR,,,,,IR,,,,,FO,,I,,Brassicaceae,0,0,,,N,,,
73090,CARDHIR,,Cardamine hirsuta,Hairy Bittercress,,3,GNR,,NNA,,SE4,IU,,IR,IX,IX,IR,IR,IR,IR,IR,IU,IX,IX,FO,Spr,I,,Brassicaceae,0,3,,,N,,,
73108,CARDMAX,,Cardamine maxima,Large Toothwort,10,3,G5,,N3N4,,S3,R,,,,R,R,R,,,R,R,U,R,FO,,N,,Brassicaceae,10,3,,,Y,,,
1257104,CARDOCC,,Cardamine occulta,Hidden Bittercress,,3,GNR,,NNA,,SE1?,,,,,,,,,,,,,,FO,,I,,Brassicaceae,0,3,,,N,,,
73094,CARDPAR,,Cardamine parviflora,Small-flowered Bittercress,7,0,G5,,N4N5,,S4,R,,R,,,,,,,,,,,FO,,N,,Brassicaceae,7,0,,,N,,,
73096,CARDPEN,,Cardamine pensylvanica,Pennsylvania Bittercress,6,-3,G5,,N5,,S5,C,,C,R,X,X,X,X,U,,U,C,R,FO,,N,,Brassicaceae,6,-3,,,N,,,
73100,CARDNYM,,Cardamine polemonioides,Nyman's Bittercress,,-3,G5,,N5,,S4?,,,,,,,,,,,,,,FO,,N,,Brassicaceae,7,-3,,,N,,,
73104,CARDPRA,,Cardamine pratensis,Meadow Bittercress,,-3,GU,,NNA,,SE1,IR,,,IR,IR,,,,IR,IR,IR,,,FO,Spr,I,,Brassicaceae,0,-3,,,N,,,
168292,CARDACA,,Carduus acanthoides,Spiny Plumeless Thistle,,5,GNR,,NNA,,SE5,IR,,IR,,,IR,,IX,IR,IX,IR,IX,IC,FO,,I,,Asteraceae,0,5,,,N,,,
1008240,CARDACC,,Carduus acanthoides ssp. acanthoides,Spiny Plumeless Thistle,,5,GNRTNR,,NNA,,SE5,IR,,IR,,,IR,,IX,IR,IX,IR,IX,IC,FO,,I,,Asteraceae,0,5,,,N,,,
168294,CARDCRI,,Carduus crispus,Curled Thistle,,5,GNR,,NNA,,SE2?,IR,,,,,,,,,?,IR,,IR,FO,,I,,Asteraceae,0,5,,,N,,,
168296,CARDNUT,,Carduus nutans,Nodding Thistle,,3,GNR,,NNA,,SE5,IX,,IR,IR,,,,IX,IU,IX,IR,IX,IR,FO,Sum,I,,Asteraceae,0,3,,,N,,,
1009379,CARDNUL,,Carduus nutans ssp. leiophyllus,Smooth-leaved Nodding Thistle,,3,GNRTNR,,NNA,,SE1?,,,,,,,,,,,,,,FO,,I,,Asteraceae,0,3,,,N,,,
1009354,CARDNUN,,Carduus nutans ssp. nutans,Nodding Thistle,,3,GNRTNR,,NNA,,SE5,,,,,,,,,,,,,,FO,Sum,I,,Asteraceae,0,3,,,N,,,
168298,CARDX O,,Carduus x orthocephalus,(Carduus acanthoides X Carduus nutans),,,GNA,,NNA,,SNA,hyb,,,,,,,,,,,hyb,,FO,,I,,Asteraceae,0,,,,N,,,
23006,CAREADU,,Carex adusta,Lesser Brown Sedge,4,5,G5,,N5,,S4,,,,,,,,,,,,,,SE,,N,,Cyperaceae,4,5,,,N,,,
23010,CAREAGG,,Carex aggregata,Smooth Clustered Sedge,5,5,G5,,N1,,S1,R,CZ,R,,,,R,,,,,,,SE,,N,,Cyperaceae,5,5,,,Y,MV,VH,
23012,CAREALA,,Carex alata,Broad-winged Sedge,10,-5,G5,,N1,,S1,R,CZ,,,,,,,R,,,,,SE,,N,,Cyperaceae,10,-5,,,Y,HV,High,
23014,CAREALB,,Carex albicans,White-tinged Sedge,8,5,G5,,N4N5,,S3,,,,,,,,,,,,,,SE,,N,,Cyperaceae,8,5,override,Suppl. CW value matches more closely with values from US Wetland Plant List and Michigan Flora,Y,,,Y
23016,CAREALL,,Carex albicans var. albicans,White-tinged Sedge,8,5,G5T5,,N3,,S3,R,cz,R,R,?,,,,R,R,U,R,,SE,,N,,Cyperaceae,8,5,override,Suppl. CW value matches more closely with values from US Wetland Plant List and Michigan Flora,Y,,,Y
23018,CAREALE,,Carex albicans var. emmonsii,Emmons' Sedge,9,0,G5T5,,N4,,S2,R,,,R,,,,,,,R,,,SE,,N,,Cyperaceae,9,0,,,Y,,,
23022,CAREALU,,Carex albursina,White Bear Sedge,7,5,G5,,N5,,S5,C,,R,R,X,C,U,X,U,C,U,C,U,SE,,N,,Cyperaceae,7,5,,,N,,,
23024,CAREALO,,Carex alopecoidea,Foxtail Sedge,6,-3,G5,,N4N5,,S4,U,,U,R,X,U,R,X,U,X,R,U,R,SE,,N,,Cyperaceae,6,-3,,,N,,,
23026,CAREAMP,,Carex amphibola,Eastern Narrow-leaved Sedge,9,0,G5,,N2,,S2,R,CZ,R,R,R,,,,R,,R,,,SE,,N,,Cyperaceae,9,0,,,Y,,,
23030,CAREANN,,Carex annectens,Yellow-fruited Sedge,6,-3,G5,,N2,,S2,R,cz,R,,R,,,,,,R,,,SE,,N,,Cyperaceae,6,-3,,,Y,,,Y
23032,CAREAPP,,Carex appalachica,Appalachian Sedge,9,3,G4,,N3,,S2S3,R,cz,,R,,,U,,R,,R,,R,SE,,N,,Cyperaceae,9,3,,,Y,,,
23034,CAREAQU,,Carex aquatilis,Water Sedge,7,-5,G5,,N5,,S5,U,,C,U,R,R,U,X,U,X,R,U,R,SE,,N,,Cyperaceae,7,-5,,,N,,,
1004805,CAREAQA,,Carex aquatilis var. aquatilis,Water Sedge,7,-5,G5T5,,N5,,S5,,,,,,,,,,,,,,SE,,N,,Cyperaceae,7,-5,,,N,,,
1008219,CAREAQS,,Carex aquatilis var. substricta,Calcareous Water Sedge,7,-5,G5TNR,,NNR,,SU,,,,,,,,,,,,,,SE,,N,,Cyperaceae,7,-5,,,N,,,
23036,CAREARC,,Carex arcta,Northern Clustered Sedge,8,-5,G5,,N5,,S4S5,,,,,,,,,,,,,,SE,,N,,Cyperaceae,8,-5,,,N,,,
23038,CAREART,,Carex arctata,Drooping Woodland Sedge,5,5,G5,,N5,,S5,C,,,R,R,C,U,X,C,C,R,C,C,SE,,N,,Cyperaceae,5,5,,,N,,,
1010344,CAREARO,,Carex arctogena,Round-headed Sedge,,3,G5,,N5,,S3?,,,,,,,,,,,,,,SE,,N,,Cyperaceae,,3,,,Y,,,
23040,CAREARG,,Carex argyrantha,Silvery-flowered Sedge,8,5,G5,,N2N4,,S2?,R,,,?,,,,,R,,,,,SE,,N,,Cyperaceae,8,5,,,Y,,,
23042,CAREASS,,Carex assiniboinensis,Assiniboia Sedge,,5,G4G5,,N3N4,,S2,,,,,,,,,,,,,,SE,,N,,Cyperaceae,,5,,,Y,,,
23044,CAREATH,,Carex atherodes,Wheat Sedge,6,-5,G5,,N5,,S4,R,,U,R,R,R,R,X,R,,,R,R,SE,,N,,Cyperaceae,6,-5,,,N,,,Y
23046,CAREATL,,Carex atlantica,Atlantic Sedge,10,-3,G5,,N4,,S1S2,R,,,,,R,,,,,,,,SE,,N,,Cyperaceae,10,-3,,,Y,,,
23048,CAREATC,,Carex atlantica ssp. capillacea,Howe's Sedge,10,-3,G5T5?,,N4,,S1S2,,,,,,,,,,,,,,SE,,N,,Cyperaceae,10,-3,,,Y,,,
23050,CAREATR,,Carex atratiformis,Scabrous Black Sedge,,-3,G5,,NNR,,S2S3,,,,,,,,,,,,,,SE,,N,,Cyperaceae,,-3,,,Y,MV,High,
23054,CAREATO,,Carex atrofusca,Dark-brown Sedge,,-3,G5,,N4N5,,S4,,,,,,,,,,,,,,SE,,N,,Cyperaceae,0,-3,,,N,,,
23056,CAREAUR,,Carex aurea,Golden Sedge,4,-3,G5,,N5,,S5,C,,R,X,R,C,R,X,C,X,U,C,C,SE,,N,,Cyperaceae,4,-3,,,N,,,
23058,CAREBAC,,Carex backii,Back's Sedge,8,5,G5,,N5,,S4,R,,,,,,,R,R,,R,,R,SE,,N,,Cyperaceae,8,5,,,N,,,
23060,CAREBEB,,Carex bebbii,Bebb's Sedge,3,-5,G5,,N5,,S5,C,,C,X,X,C,C,X,C,C,C,C,C,SE,,N,,Cyperaceae,3,-5,,,N,,,
16909,CAREBIC,,Carex bicknellii,Bicknell's Sedge,10,0,G5,,NNR,,S2,R,cz,R,R,R,,,,,R,,R,,SE,,N,,Cyperaceae,10,0,,,Y,,,Y
23066,CAREBIO,,Carex bicolor,Two-coloured Sedge,,-5,G5,,N4N5,,S4,,,,,,,,,,,,,,SE,,N,,Cyperaceae,0,-5,,,N,,,
23068,CAREBIG,,Carex bigelowii,Bigelow's Sedge,,0,G5,,N5,,S1,,,,,,,,,,,,,,SE,,N,,Cyperaceae,,0,,,Y,,,
1004812,CAREBIB,,Carex bigelowii ssp. bigelowii,Bigelow's Sedge,,0,G--T5,,N5,,S1,,,,,,,,,,,,,,SE,,N,,Cyperaceae,,0,,,Y,,,
23756,CAREBIL,,Carex billingsii,Billings' Sedge,10,-5,G4G5,,N4N5,,S4,R,,,,,R,,,,,R,R,,SE,,N,,Cyperaceae,10,-5,,,N,,,
23070,CAREBLA,,Carex blanda,Woodland Sedge,3,0,G5,,N5,,S5,C,,C,X,X,C,C,X,C,C,C,C,C,SE,,N,,Cyperaceae,3,0,,,N,,,
23072,CAREBRE,,Carex brevior,Short-beaked Sedge,7,0,G5,,N5,,S4,R,,R,R,R,R,R,,R,X,H,,,SE,,N,,Cyperaceae,7,0,,,N,,,Y
23074,CAREBRO,,Carex bromoides,Brome-like Sedge,7,-3,G5,,N5,,S5,C,,C,R,R,C,C,X,C,C,C,C,R,SE,,N,,Cyperaceae,7,-3,,,N,,,
23714,CAREBRB,,Carex bromoides ssp. bromoides,Brome-like Sedge,7,-3,G5T5,,N5,,S5,C,,C,R,R,C,C,X,C,C,C,C,R,SE,,N,,Cyperaceae,7,-3,,,N,,,
23076,CAREBRU,,Carex brunnescens,Brownish Sedge,6,-3,G5,,N5,,S5,U,,,,,R,R,X,C,X,U,R,R,SE,,N,,Cyperaceae,6,-3,,,N,,,
23078,CAREBRR,,Carex brunnescens ssp. brunnescens,Brownish Sedge,6,-3,G5T5,,N5,,SU,U,,,,,R,R,X,C,X,U,R,R,SE,,N,,Cyperaceae,6,-3,,,N,,,
1004815,CAREBRS,,Carex brunnescens ssp. sphaerostachya,Round-spike Brownish Sedge,6,-3,G5T5,,N5,,S5,U,,,,,R,R,X,C,X,U,R,R,SE,,N,,Cyperaceae,6,-3,,,N,,,
23080,CAREBUX,,Carex buxbaumii,Buxbaum's Sedge,10,-5,G5,,N5,,S5,R,,R,,X,,R,,U,,R,,R,SE,,N,,Cyperaceae,10,-5,,,N,,,
23082,CARECAN,,Carex canescens,Hoary Sedge,7,-5,G5,,N5,,S5,U,,R,,H,R,R,X,C,X,U,U,R,SE,,N,,Cyperaceae,7,-5,,,N,,,
23084,CARECAC,,Carex canescens ssp. canescens,Hoary Sedge,7,-5,G5T5,,N5,,SU,,,,,,,,,,,,,,SE,,N,,Cyperaceae,7,-5,,,N,,,
1004818,CARECAD,,Carex canescens ssp. disjuncta,Disjunct Hoary Sedge,7,-5,G5T5,,N5,,SU,,,,,,,,,,,,,,SE,,N,,Cyperaceae,7,-5,,,N,,,
23086,CARECAP,,Carex capillaris,Hair-like Sedge,10,-3,G5,,N5,,S5,,,,,,,,,,,,,,SE,,N,,Cyperaceae,10,-3,,,P,,,
1009504,CARECAA,,Carex capillaris ssp. capillaris,Hair-like Sedge,10,-3,G5T5,,N5,,S5,R,,,,H,,,,,,,,R,SE,,N,,Cyperaceae,10,-3,,,N,,,
1011117,CARECAF,,Carex capillaris ssp. fuscidula,Dusky-spike Sedge,10,-3,G5TNR,,NNR,,S2?,,,,,,,,,,,,,,SE,,N,,Cyperaceae,10,-3,,,Y,,,
1009432,CARECAI,,Carex capitata,Capitate Sedge,,0,G5,,N5,,S4,,,,,,,,,,,,,,SE,,N,,Cyperaceae,0,0,,,N,,,
23094,CARECAR,,Carex careyana,Carey's Sedge,10,5,G4G5,,N2,,S2,R,cz,,R,R,R,R,R,R,R,,R,,SE,,N,,Cyperaceae,10,5,,,Y,,,
23096,CARECAS,,Carex castanea,Chestnut Sedge,7,-3,G5,,N5,,S5,R,,,,R,,,,,,,R,,SE,,N,,Cyperaceae,7,-3,,,N,,,
23098,CARECEP,,Carex cephaloidea,Thin-leaved Sedge,6,3,G5,,N4,,S4,U,,U,X,R,U,R,X,U,X,R,R,R,SE,,N,,Cyperaceae,6,3,,,N,,,
23100,CARECEH,,Carex cephalophora,Oval-leaved Sedge,5,3,G5,,N5,,S5,C,,C,X,X,C,U,X,C,C,C,C,U,SE,,N,,Cyperaceae,5,3,,,N,,,
23102,CARECHO,,Carex chordorrhiza,Creeping Sedge,10,-5,G5,,N5,,S5,R,,,,R,R,,X,R,,,,,SE,,N,,Cyperaceae,10,-5,,,N,,,
23104,CARECOM,,Carex communis,Fibrous-root Sedge,6,5,G5,,N5,,S5,C,,R,R,R,C,U,X,C,X,C,C,C,SE,,N,,Cyperaceae,6,5,,,N,,,
1004821,CARECOC,,Carex communis var. communis,Fibrous-root Sedge,6,5,G5T5,,N5,,S5,C,,R,R,R,C,U,X,C,X,C,C,C,SE,,N,,Cyperaceae,6,5,,,N,,,
23106,CARECOO,,Carex comosa,Bearded Sedge,5,-5,G5,,N5,,S5,C,,U,X,X,C,R,X,C,C,U,C,R,SE,,N,,Cyperaceae,5,-5,,,N,,,
23108,CARECON,,Carex concinna,Northern Elegant Sedge,10,3,G5,,N5,,S5,,,,,,,,,,,,,,SE,,N,,Cyperaceae,10,3,,,N,,,
23112,CARECOI,,Carex conoidea,Field Sedge,9,-3,G5,,N4N5,,S3,R,,R,R,R,R,,,,,R,,H,SE,,N,,Cyperaceae,9,-3,,,Y,,,Y
23116,CARECRA,,Carex crawei,Crawe's Sedge,10,-3,G5,,N4N5,,S4,R,,R,R,R,R,,,R,,R,,,SE,,N,,Cyperaceae,10,-3,,,N,,,
23118,CARECRW,,Carex crawfordii,Crawford's Sedge,7,-3,G5,,N5,,S5,H,,,,H,,,,H,,,IR,,SE,,N,,Cyperaceae,7,-3,,,N,,,
23120,CARECRI,,Carex crinita,Fringed Sedge,6,-5,G5,,N5,,S5,C,,C,X,X,C,C,X,C,C,C,C,R,SE,,N,,Cyperaceae,6,-5,,,N,,,
23710,CARECRC,,Carex crinita var. crinita,Fringed Sedge,6,-5,G5T5,,N5,,S5,C,,C,X,X,C,C,X,C,C,C,C,R,SE,,N,,Cyperaceae,6,-5,,,N,,,
23122,CARECRS,,Carex cristatella,Crested Sedge,3,-3,G5,,N5,,S5,C,,C,X,X,C,C,X,C,C,U,C,C,SE,,N,,Cyperaceae,3,-3,,,N,,,
23124,CARECRU,,Carex crus-corvi,Ravenfoot Sedge,10,-5,G5,,N1,,S1,R,CZ,R,,R,,,,,,,,,SE,,N,,Cyperaceae,10,-5,,,Y,,,
23126,CARECRY,,Carex cryptolepis,Northeastern Sedge,7,-5,G4G5,,N4N5,,S4,R,,?,,R,R,R,X,R,,R,R,,SE,,N,,Cyperaceae,7,-5,,,N,,,
23128,CARECUM,,Carex cumulata,Clustered Sedge,8,3,G4G5,,N4N5,,S4,R,,,,,,,,,,R,,,SE,,N,,Cyperaceae,8,3,,,N,,,
23130,CAREDAV,,Carex davisii,Davis' Sedge,10,0,G4,,N2,,S2,R,CZ,U,,R,,,,,,R,,,SE,,N,,Cyperaceae,10,0,,,Y,,,
23132,CAREDEB,,Carex debilis,White-edge Sedge,7,-3,G5,,N5,,S5,R,,,,,,R,,R,,,,,SE,,N,,Cyperaceae,7,-3,,,N,,,
23134,CAREDER,,Carex debilis var. rudgei,Rudge's Sedge,7,-3,G5T5,,N5,,S5,R,,,,,,R,,R,,,,,SE,,N,,Cyperaceae,7,-3,,,N,,,
23136,CAREDEF,,Carex deflexa,Bent Northern Sedge,8,3,G5,,N5,,S5,,,,,,,,,,,,,,SE,,N,,Cyperaceae,8,3,,,N,,,
1004824,CAREDED,,Carex deflexa var. deflexa,Bent Northern Sedge,8,3,G5T5,,N5,,S5,,,,,,,,,,,,,,SE,,N,,Cyperaceae,8,3,,,N,,,
23138,CAREDEW,,Carex deweyana,Dewey's Sedge,6,3,G5,,N5,,S5,C,,R,R,R,C,U,X,C,C,U,C,R,SE,,N,,Cyperaceae,6,3,,,N,,,
1004827,CAREDEE,,Carex deweyana var. deweyana,Dewey's Sedge,6,3,G5T5,,N5,,S5,C,,R,R,R,C,U,X,C,C,U,C,R,SE,,N,,Cyperaceae,6,3,,,N,,,
23140,CAREDIA,,Carex diandra,Lesser Panicled Sedge,7,-5,G5,,N5,,S5,R,,H,R,R,R,R,X,R,R,H,R,R,SE,,N,,Cyperaceae,7,-5,,,N,,,
23142,CAREDIG,,Carex digitalis,Slender Woodland Sedge,7,5,G5,,N4N5,,S4S5,C,,R,R,R,U,C,X,C,R,U,C,R,SE,,N,,Cyperaceae,7,5,,,N,,,
23144,CAREDIS,,Carex disperma,Two-seeded Sedge,8,-5,G5,,N5,,S5,U,,,,R,R,R,X,U,X,R,U,R,SE,,N,,Cyperaceae,8,-5,,,N,,,
23150,CAREDIV,,Carex divulsa,Grassland Sedge,,0,GNR,,NNA,,SE1,IR,,,,,IR,,,,,,,IR,SE,,I,,Cyperaceae,0,0,,,N,,,
17183,CAREDUR,,Carex duriuscula,Needle-leaved Sedge,,5,G5,,N5,,S1,,,,,,,,,,,,,,SE,,N,,Cyperaceae,,5,,,Y,,,
23154,CAREEBU,,Carex eburnea,Bristle-leaved Sedge,6,3,G5,,N5,,S5,R,,R,R,R,R,R,X,R,X,U,C,R,SE,,N,,Cyperaceae,6,3,,,N,,,
23156,CAREECH,,Carex echinata,Star Sedge,7,-5,G5,,N5,,S5,R,,,,,,,R,,,,,,SE,,N,,Cyperaceae,7,-5,,,N,,,
23158,CAREECE,,Carex echinata ssp. echinata,Star Sedge,7,-5,G5T5,,N5,,S5,R,,,,,,,R,,,,,,SE,,N,,Cyperaceae,7,-5,,,N,,,
23752,CAREECI,,Carex echinodes,Quill Sedge,5,-3,GNR,,N4,,S4,R,,R,R,R,R,,,,,R,R,R,SE,,N,,Cyperaceae,5,-3,,,N,,,
23160,CAREEMO,,Carex emoryi,Emory's Sedge,8,-5,G5,,N4,,S4,R,cz,R,X,R,U,R,R,R,R,,,,SE,,N,,Cyperaceae,8,-5,,,N,,,
23162,CAREEXI,,Carex exilis,Meagre Sedge,10,-5,G5,,N5,,S5,,,,,,,,,,,,,,SE,,N,,Cyperaceae,10,-5,,,N,,,
23164,CAREFES,,Carex festucacea,Fescue Sedge,9,0,G5,,N1,,S1,R,CZ,R,,,,,,,,,,,SE,,N,,Cyperaceae,9,0,,,Y,,,
23168,CAREFLV,,Carex flava,Yellow Sedge,5,-5,G5,,N5,,S5,U,,?,,R,C,R,X,R,C,R,C,R,SE,,N,,Cyperaceae,5,-5,,,N,,,
1008215,CAREFOE,,Carex foenea,Bronze Sedge,3,5,G5,,N5,,S5,IR,,,,,IR,,X,,,,,,SE,,N,,Cyperaceae,3,5,,,N,,,
23172,CAREFOL,,Carex folliculata,Northern Long Sedge,10,-5,G5,,N5,,S3,,,,,,,,,,,,,,SE,,N,,Cyperaceae,10,-5,,,Y,,,
23174,CAREFOR,,Carex formosa,Handsome Sedge,6,0,G4,,N4,,S4,R,,,R,R,R,,R,R,R,H,R,R,SE,,N,,Cyperaceae,6,0,,,N,,,
23176,CAREFRA,,Carex frankii,Frank's Sedge,7,-5,G5,,N2,,S2,R,CZ,R,,,,R,,,,,,,SE,,N,,Cyperaceae,7,-5,,,Y,,,
23306,CAREFUL,,Carex fuliginosa,Short-leaved Sedge,,0,G5,,N5,,S1,,,,,,,,,,,,,,SE,,N,,Cyperaceae,,0,,,Y,,,
23178,CAREGAR,,Carex garberi,Garber's Sedge,10,-3,G5,,N5,,S4,R,,,R,R,R,R,,R,,R,,R,SE,,N,,Cyperaceae,10,-3,,,N,,,
23180,CAREGLA,,Carex glacialis,Glacier Sedge,,3,G5,,N5,,S4,,,,,,,,,,,,,,SE,,N,,Cyperaceae,0,3,,,P,,,
23182,CAREGLR,,Carex glareosa,Gravel Sedge,,-5,G5,,N5,,S4,,,,,,,,,,,,,,SE,,N,,Cyperaceae,0,-5,,,N,,,
23704,CAREGLG,,Carex glareosa ssp. glareosa,Gravel Sedge,,-5,G5T5,,N5,,S4,,,,,,,,,,,,,,SE,,N,,Cyperaceae,0,-5,,,N,,,
1010445,CAREGLU,,Carex glaucodea,Blue Sedge,6,0,G5,,N1,,S1,R,CZ,R,,,,,,R,,,,,SE,,N,,Cyperaceae,6,0,,,Y,,,
23190,CAREGRA,,Carex gracilescens,Slender Loose-flowered Sedge,7,5,G5?,,N4,,S4,U,cz,C,R,R,U,R,,U,U,U,R,R,SE,,N,,Cyperaceae,7,5,,,N,,,
23192,CAREGRC,,Carex gracillima,Graceful Sedge,4,3,G5,,N5,,S5,C,,C,X,C,C,C,X,C,C,C,C,C,SE,,N,,Cyperaceae,4,3,,,N,,,
23194,CAREGRN,,Carex granularis,Limestone Meadow Sedge,3,-3,G5,,N5,,S5,C,,C,X,X,C,C,X,C,C,C,C,C,SE,,N,,Cyperaceae,3,-3,,,N,,,
23196,CAREGRV,,Carex gravida,Heavy Sedge,10,3,G5,,N1N2,,S1,H,,H,,,,,,,,,,,SE,,N,,Cyperaceae,10,3,,,Y,,,Y
23200,CAREGRY,,Carex grayi,Gray's Sedge,8,-3,G4G5,,N4N5,,S4,U,cz,C,X,X,U,U,,U,R,R,U,R,SE,,N,,Cyperaceae,8,-3,,,N,,,
23202,CAREGRI,,Carex grisea,Grey Sedge,8,0,G5,,N4N5,,S4,C,cz,C,X,X,C,U,X,C,R,U,U,R,SE,,N,,Cyperaceae,8,0,,,N,,,
23204,CAREGYN,,Carex gynandra,Nodding Sedge,7,-5,G5,,N5,,S5,R,,,,,,,,,,R,,,SE,,N,,Cyperaceae,7,-5,,,N,,,
23206,CAREGYO,,Carex gynocrates,Northern Bog Sedge,10,-5,G5,,N5,,S5,R,,,,R,,,,,,,R,,SE,,N,,Cyperaceae,10,-5,,,N,,,
23208,CAREHAY,,Carex haydenii,Hayden's Sedge,9,-5,G5,,N5,,S4,,,,,,,,,,,,,,SE,,N,,Cyperaceae,9,-5,,,N,,,
23210,CAREHEL,,Carex heleonastes,Hudson Bay Sedge,10,-5,G4,,N4,,S2S3,,,,,,,,,,,,,,SE,,N,,Cyperaceae,10,-5,,,Y,,,
23214,CAREHIR,,Carex hirsutella,Hairy Green Sedge,8,5,G5,,N3,,S3,R,cz,R,R,R,R,R,,R,,R,,,SE,,N,,Cyperaceae,8,5,,,Y,,,
23216,CAREHIT,,Carex hirta,Hammer Sedge,,5,GNR,,NNA,,SE2,IR,,,,,IU,IR,,IR,,,IR,,SE,,I,,Cyperaceae,0,5,override,Suppl. CW value matches more closely with value from Michigan Flora,N,,,
23218,CAREHII,,Carex hirtifolia,Pubescent Sedge,5,5,G5,,N4N5,,S4S5,C,,C,R,X,C,C,X,C,U,U,C,R,SE,,N,,Cyperaceae,5,5,,,N,,,
23220,CAREHIC,,Carex hitchcockiana,Hitchcock's Sedge,6,5,G5,,N4N5,,S4S5,C,,,R,R,U,U,X,U,U,C,C,R,SE,,N,,Cyperaceae,6,5,,,N,,,
23222,CAREHOO,,Carex hookeriana,Hooker's Sedge,,,G4?,,N4,,SEH,,,,,,,,,,,,,,SE,,I,,Cyperaceae,0,,,,N,,,Y
23224,CAREHOU,,Carex houghtoniana,Houghton's Sedge,6,5,G5,,N5,,S5,,,,,,,,,,,,,,SE,,N,,Cyperaceae,6,5,,,N,,,
23226,CAREHYA,,Carex hyalinolepis,Shoreline Sedge,4,-5,G4G5,,N4,,S4,R,CZ,C,R,R,,,,,,,,,SE,,N,,Cyperaceae,4,-5,,,N,,,
23228,CAREHYS,,Carex hystericina,Porcupine Sedge,5,-5,G5,,N5,,S5,C,,R,X,X,C,C,X,U,C,C,C,C,SE,,N,,Cyperaceae,5,-5,,,N,,,
23230,CAREINO,,Carex inops,Long-stolon Sedge,10,5,G5,,N5,,S1S2,R,,,,,,,,R,,,,,SE,,N,,Cyperaceae,10,5,,,Y,,,Y
23232,CAREINH,,Carex inops ssp. heliophila,Sun Sedge,10,5,G5T5,,N5,,S1S2,R,,,,,,,,R,,,,,SE,,N,,Cyperaceae,10,5,,,Y,,,Y
23234,CAREINT,,Carex interior,Inland Sedge,6,-5,G5,,N5,,S5,C,,R,R,R,C,U,X,C,C,U,U,R,SE,,N,,Cyperaceae,6,-5,,,N,,,
23236,CAREINU,,Carex intumescens,Bladder Sedge,6,-3,G5,,N5,,S5,C,,U,X,C,C,U,X,C,C,C,C,U,SE,,N,,Cyperaceae,6,-3,,,N,,,
23238,CAREJAM,,Carex jamesii,James' Sedge,8,5,G5,,N4,,S4,R,cz,R,R,X,U,R,R,R,R,R,R,R,SE,,N,,Cyperaceae,8,5,,,N,,,
23240,CAREJUN,,Carex juniperorum,Juniper Sedge,10,5,G3,END,N1,END,S1,R,,,,,,,,R,,,,,SE,,N,,Cyperaceae,10,5,,,Y,MV,Mod,
23244,CAREKRA,,Carex krausei,Krause's Sedge,,-3,G5,,N5,,S1S2,,,,,,,,,,,,,,SE,,N,,Cyperaceae,,-3,,,Y,,,
1011053,CARELAC,,Carex lachenalii,Lachenal's Sedge,,-5,G5,,N5,,S1,,,,,,,,,,,,,,SE,,N,,Cyperaceae,,-5,,,Y,,,
23246,CARELAU,,Carex lacustris,Lake Sedge,5,-5,G5,,N5,,S5,C,,C,X,X,C,C,X,C,C,C,C,U,SE,,N,,Cyperaceae,5,-5,,,N,,,
23247,CARELAE,,Carex laeviconica,Smooth-cone Sedge,9,-5,G4G5,,N4,,S2,,,,,,,,,,,,,,SE,,N,,Cyperaceae,9,-5,,,Y,,,
23248,CARELAV,,Carex laevivaginata,Smooth-sheathed Sedge,8,-5,G5,,N4,,S4,U,cz,R,R,R,U,R,X,C,C,R,U,R,SE,,N,,Cyperaceae,8,-5,,,N,,,
23252,CARELAS,,Carex lasiocarpa,Woolly-fruit Sedge,8,-5,G5,,N5,,S5,R,,R,R,R,R,R,X,R,R,R,,H,SE,,N,,Cyperaceae,8,-5,,,N,,,
1009582,CARELAA,,Carex lasiocarpa ssp. americana,American Woolly-fruit Sedge,8,-5,G5T5,,N5,,S5,R,,R,R,R,R,R,X,R,R,R,,H,SE,,N,,Cyperaceae,8,-5,,,N,,,
23254,CARELAX,,Carex laxiculmis,Spreading Sedge,7,3,G5,,N4,,S4,,,,,,,,,,,,,,SE,,N,,Cyperaceae,7,3,,,N,,,
23762,CARELAO,,Carex laxiculmis var. copulata,Bright-green Spreading Sedge,7,3,G5T4,,N4?,,S4?,R,,X,R,R,R,R,X,,X,R,R,R,SE,,N,,Cyperaceae,7,3,,,N,,,
23720,CARELAL,,Carex laxiculmis var. laxiculmis,Spreading Sedge,7,3,G5T5,,N4,,S4,C,,C,R,R,U,U,X,C,X,U,C,R,SE,,N,,Cyperaceae,7,3,,,N,,,
23256,CARELAI,,Carex laxiflora,Loose-flowered Sedge,5,0,G5,,N5,,S5,C,,R,X,R,C,U,X,C,C,C,C,U,SE,,N,,Cyperaceae,5,0,,,N,,,
23258,CARELEA,,Carex leavenworthii,Leavenworth's Sedge,8,5,G5,,N1,,S1,R,CZ,R,,,,,,,,,,,SE,,N,,Cyperaceae,8,5,,,Y,,,
1009534,CARELEE,,Carex leersii,Leers' Sedge,,0,GNR,,NNA,,SE2,IR,,IR,,,,,,,,,,,SE,,I,,Cyperaceae,0,0,,,N,,,
23260,CARELEN,,Carex lenticularis,Lenticular Sedge,9,-5,G5,,N5,,S5,,,,,,,,,,,,,,SE,,N,,Cyperaceae,9,-5,,,N,,,
23262,CARELEP,,Carex leptalea,Bristle-stalked Sedge,8,-5,G5,,N5,,S5,U,,R,R,R,U,U,X,U,C,R,C,R,SE,,N,,Cyperaceae,8,-5,,,N,,,
23266,CARELET,,Carex leptonervia,Finely-nerved Sedge,5,0,G5,,N5,,S5,U,,,R,R,U,U,X,U,X,R,C,R,SE,,N,,Cyperaceae,5,0,,,N,,,
23268,CARELIM,,Carex limosa,Mud Sedge,10,-5,G5,,N5,,S5,R,,,,R,R,,X,R,,R,,,SE,,N,,Cyperaceae,10,-5,,,N,,,
23270,CARELIV,,Carex livida,Livid Sedge,10,-5,G5,,N5,,S5,H,,,,H,,,,,,,,,SE,,N,,Cyperaceae,10,-5,,,N,,,
23272,CARELOL,,Carex loliacea,Ryegrass Sedge,10,-5,G5,,N5,,S1S2,,,,,,,,,,,,,,SE,,N,,Cyperaceae,10,-5,,,Y,MV,Mod,
23274,CARELON,,Carex longii,Long's Sedge,10,-5,G5,,N2,,SH,,,,,,,,,,,,,,SE,,N,,Cyperaceae,10,-5,,,Y,,,
1257211,CARELUC,,Carex lucorum,Forest Sedge,8,5,G5,,N4N5,,S4,R,,,,,,,R,R,,,,,SE,,N,,Cyperaceae,8,5,,,N,,,
23278,CARELUP,,Carex lupuliformis,False Hop Sedge,10,-5,G4,END,N1N2,END,S1,R,cz,R,,R,R,R,,,,?,,,SE,,N,,Cyperaceae,10,-5,,,Y,HV,VH,
23280,CARELUU,,Carex lupulina,Hop Sedge,6,-5,G5,,N5,,S5,C,,C,X,X,C,C,X,C,C,C,C,U,SE,,N,,Cyperaceae,6,-5,,,N,,,
23282,CARELUR,,Carex lurida,Sallow Sedge,6,-5,G5,,N5,,S4S5,U,,R,,R,R,R,X,C,,U,R,,SE,,N,,Cyperaceae,6,-5,,,N,,,
23284,CAREMAC,,Carex mackenziei,Mackenzie's Sedge,,-5,G5,,N5,,S4,,,,,,,,,,,,,,SE,,N,,Cyperaceae,0,-5,,,N,,,
23286,CAREMAG,,Carex magellanica,Boreal Bog Sedge,10,-5,G5,,N5,,S5,R,,,,R,R,,X,R,,R,R,,SE,,N,,Cyperaceae,10,-5,,,N,,,
23288,CAREMAI,,Carex magellanica ssp. irrigua,Boreal Bog Sedge,10,-5,G5T5,,N5,,S5,R,,,,R,R,,X,R,,R,R,,SE,,N,,Cyperaceae,10,-5,,,N,,,
23290,CAREMAR,,Carex marina,Sea Sedge,,-5,G5,,N4N5,,S4?,,,,,,,,,,,,,,SE,,N,,Cyperaceae,0,-5,,,N,,,
23294,CAREMAT,,Carex maritima,Seaside Sedge,,-3,G5,,N5,,S4,,,,,,,,,,,,,,SE,,N,,Cyperaceae,0,-3,,,N,,,
23296,CAREMEA,,Carex meadii,Mead's Sedge,9,0,G4G5,,N2,,S2,R,CZ,R,R,R,R,R,,,,,,,SE,,N,,Cyperaceae,9,0,,,Y,,,Y
23730,CAREMED,,Carex media,Intermediate Sedge,10,-3,G5,,N5,,S5?,,,,,,,,,,,,,,SE,,N,,Cyperaceae,10,-3,,,N,,,
1010853,CAREMEM,,Carex membranacea,Fragile Sedge,,-3,G5,,N5,,S1,,,,,,,,,,,,,,SE,,N,,Cyperaceae,,-3,,,Y,,,
23298,CAREMER,,Carex merritt-fernaldii,Fernald's Sedge,6,5,G5,,N4N5,,S4,R,,,,?,,R,,R,,,,,SE,,N,,Cyperaceae,6,5,,,N,,,
23300,CAREMES,,Carex mesochorea,Midland Sedge,8,5,G4G5,,N1,,S1,R,,,,,,,,,R,,H,,SE,,N,,Cyperaceae,8,5,,,Y,,,Y
23302,CAREMIC,,Carex michauxiana,Michaux's Sedge,10,-5,G5,,N5,,S4,,,,,,,,,,,,,,SE,,N,,Cyperaceae,10,-5,,,N,,,
23304,CAREMIR,,Carex microglochin,Few-seeded Fen Sedge,,-5,G5,,N5,,S4,,,,,,,,,,,,,,SE,,N,,Cyperaceae,0,-5,,,N,,,
23308,CAREMOL,,Carex molesta,Troublesome Sedge,5,0,G4,,N4N5,,S4S5,C,,C,X,X,U,C,X,U,C,U,C,R,SE,,N,,Cyperaceae,5,0,,,N,,,
23316,CAREMUE,,Carex muehlenbergii,Muhlenberg's Sedge,7,5,G5,,N4N5,,S4S5,,,,,,,,,,,,,,SE,,N,,Cyperaceae,7,5,,,P,,,
23312,CAREMUN,,Carex muehlenbergii var. enervis,Nerveless Muhlenberg's Sedge,7,5,G5T5,,N1N2,,S1S2,R,,,,,,,,R,,,,,SE,,N,,Cyperaceae,7,5,,,Y,,,
23314,CAREMUM,,Carex muehlenbergii var. muehlenbergii,Muhlenberg's Sedge,7,5,G5T5,,N4N5,,S4S5,R,,R,R,X,R,R,X,C,X,R,R,R,SE,,N,,Cyperaceae,7,5,,,N,,,
23318,CAREMUR,,Carex muricata,Lesser Prickly Sedge,,0,GNR,,NNA,,SE1,IR,,,,,,,,IR,,,,,SE,,I,,Cyperaceae,0,0,,,N,,,
1008092,CAREMUL,,Carex muricata ssp. lamprocarpa,Paira's Sedge,,0,GNRTNR,,NNA,,SE1,IR,,,,,,,,IR,,,,,SE,,I,,Cyperaceae,0,0,,,N,,,
23320,CAREMUS,,Carex muskingumensis,Muskingum Sedge,9,-5,G4,,N3,,S3,R,CZ,C,R,R,R,,,,,,,,SE,,N,,Cyperaceae,9,-5,,,Y,,,
23626,CAREMYO,,Carex myosuroides,Mouse-tail Bog Sedge,,3,G5,,N5,,S2,,,,,,,,,,,,,,SE,,N,,Cyperaceae,,3,,,Y,,,
200904,CARENAR,,Carex nardina,Nard Sedge,,3,G5,,N5,,S1S2,,,,,,,,,,,,,,SE,,N,,Cyperaceae,,3,,,Y,,,
1011066,CARENIG,,Carex nigra,Smooth Black Sedge,7,-3,G5,,N5,,SU,,,,,,,,,,,,,,SE,,N,,Cyperaceae,7,-3,,,N,,,
17100,CARENIR,,Carex nigromarginata,Black-edged Sedge,10,5,G5,,N1,,S1,R,CZ,,,,,,,R,,,,,SE,,N,,Cyperaceae,10,5,,,Y,HV,VH,Y
23324,CARENOR,,Carex normalis,Larger Straw Sedge,6,-3,G5,,N4,,S4,U,cz,C,X,X,R,R,X,U,X,R,C,R,SE,,N,,Cyperaceae,6,-3,,,N,,,
23326,CARENOV,,Carex norvegica,Norway Sedge,,0,G5,,N5,,S4,,,,,,,,,,,,,,SE,,N,,Cyperaceae,0,0,,,N,,,
23328,CARENOA,,Carex novae-angliae,New England Sedge,10,3,G5,,N5,,S4,,,,,,,,,,,,,,SE,,N,,Cyperaceae,10,3,,,N,,,
23330,CAREOBT,,Carex obtusata,Blunt Sedge,,5,G5,,N5,,S2,,,,,,,,,,,,,,SE,,N,,Cyperaceae,,5,,,Y,,,
23332,CAREOLI,,Carex oligocarpa,Eastern Few-fruited Sedge,9,5,G4G5,,N3,,S3,R,cz,R,,,,H,,,,R,R,,SE,,N,,Cyperaceae,9,5,,,Y,,,
23334,CAREOLG,,Carex oligosperma,Few-seeded Sedge,10,-5,G5,,N5,,S5,R,,,,H,H,R,,,,R,R,,SE,,N,,Cyperaceae,10,-5,,,N,,,
23336,CAREORM,,Carex ormostachya,Necklace Spike Sedge,8,5,G4G5,,N4N5,,S4,R,,,,,,,,,,R,,,SE,,N,,Cyperaceae,8,5,,,N,,,
23338,CAREPAL,,Carex paleacea,Chaffy Sedge,,-5,G5,,N5,,S4,,,,,,,,,,,,,,SE,,N,,Cyperaceae,0,-5,,,N,,,
23340,CAREPAE,,Carex pallescens,Pale Sedge,5,0,G5,,N5,,S4,R,,,,,R,R,,,R,R,R,R,SE,,N,,Cyperaceae,5,0,,,N,,,
23342,CAREPAR,,Carex parryana,Parry's Sedge,,-3,G4G5,,N5?,,S1,IR,,,,,IR,,,,,,,,SE,,N,,Cyperaceae,0,-3,,,Y,,,
23344,CAREPAU,,Carex pauciflora,Few-flowered Sedge,10,-5,G5,,N5,,S5,R,,,,,H,,,,,R,,,SE,,N,,Cyperaceae,10,-5,,,N,,,
23346,CAREPEC,,Carex peckii,Peck's Sedge,6,5,G5,,N5,,S5,R,,,,?,R,R,X,R,R,R,R,U,SE,,N,,Cyperaceae,6,5,,,N,,,
23348,CAREPED,,Carex pedunculata,Long-stalked Sedge,5,3,G5,,N5,,S5,C,,R,X,X,C,C,X,C,C,C,C,C,SE,,N,,Cyperaceae,5,3,,,N,,,
23250,CAREPEL,,Carex pellita,Woolly Sedge,2,-5,G5,,N5,,S5,C,,C,R,X,C,R,X,C,C,R,C,R,SE,,N,,Cyperaceae,2,-5,,,N,,,
23350,CAREPEN,,Carex pensylvanica,Pennsylvania Sedge,5,5,G5,,N5,,S5,C,,C,X,X,C,C,X,C,C,C,C,C,SE,,N,,Cyperaceae,5,5,,,N,,,
23352,CAREPLA,,Carex plantaginea,Plantain-leaved Sedge,7,5,G5,,N5,,S5,C,,R,X,R,C,C,X,U,C,U,C,U,SE,,N,,Cyperaceae,7,5,,,N,,,
23354,CAREPLT,,Carex platyphylla,Broad-leaved Sedge,7,5,G5,,N4N5,,S4S5,U,,,,R,,R,,U,R,U,C,U,SE,,N,,Cyperaceae,7,5,,,N,,,
23356,CAREPRA,,Carex praegracilis,Clustered Field Sedge,,-3,G5,,N5,,SE5,IU,,IU,IX,IX,IU,IU,IX,IR,,IR,IX,IR,SE,,I,,Cyperaceae,0,-3,,,N,,,
23358,CAREPRI,,Carex prairea,Prairie Sedge,7,-3,G5,,N5,,S5,R,,R,,?,R,R,,R,R,R,,R,SE,,N,,Cyperaceae,7,-3,,,N,,,
23360,CAREPRS,,Carex prasina,Drooping Sedge,10,-5,G4,,N4,,S4,R,,,R,R,R,U,,C,,R,U,H,SE,,N,,Cyperaceae,10,-5,,,N,,,
23362,CAREPRT,,Carex praticola,Northern Meadow Sedge,8,0,G5,,N5,,S2S3,IR,,IR,,,,IR,,,,,,,SE,,N,,Cyperaceae,8,0,,,Y,,,
23364,CAREPRO,,Carex projecta,Necklace Sedge,5,-3,G5,,N5,,S5,R,,R,R,R,U,R,X,R,R,R,U,R,SE,,N,,Cyperaceae,5,-3,,,N,,,
23366,CAREPSE,,Carex pseudocyperus,Cyperus-like Sedge,6,-5,G5,,N5,,S5,U,,R,R,R,U,U,X,U,C,U,C,C,SE,,N,,Cyperaceae,6,-5,,,N,,,
23368,CARERAD,,Carex radiata,Eastern Star Sedge,4,0,G5,,N5,,S5,C,,C,X,X,C,C,X,U,C,C,C,C,SE,,N,,Cyperaceae,4,0,,,N,,,
23370,CARERAR,,Carex rariflora,Loose-flowered Alpine Sedge,,-5,G5,,N5,,S5,,,,,,,,,,,,,,SE,,N,,Cyperaceae,0,-5,,,N,,,
23774,CAREREC,,Carex recta,Estuary Sedge,,-5,G4G5,,N4N5,,S4,,,,,,,,,,,,,,SE,,N,,Cyperaceae,0,-5,,,N,,,
23374,CARERET,,Carex retroflexa,Reflexed Sedge,9,5,G5,,N2,,S2,R,CZ,R,,,,,,,,R,,,SE,,N,,Cyperaceae,9,5,,,Y,,,
23376,CARERER,,Carex retrorsa,Retrorse Sedge,5,-5,G5,,N5,,S5,C,,R,R,R,C,C,X,C,C,U,C,U,SE,,N,,Cyperaceae,5,-5,,,N,,,
23378,CARERIC,,Carex richardsonii,Richardson's Sedge,9,5,G5,,N5,,S4,R,,R,,R,R,H,,R,,H,,,SE,,N,,Cyperaceae,9,5,,,N,,,Y
17099,CAREROS,,Carex rosea,Rosy Sedge,2,5,G5,,N5,,S5,C,,C,X,C,C,C,X,C,C,C,C,C,SE,,N,,Cyperaceae,2,5,,,N,,,
23822,CAREROI,,Carex rossii,Ross' Sedge,,5,G5,,N5,,S3,,,,,,,,,,,,,,SE,,N,,Cyperaceae,,5,,,Y,,,
23382,CAREROT,,Carex rostrata,Swollen Beaked Sedge,10,-5,G5,,N5,,S4?,,,,,,,,,,,,,,SE,,N,,Cyperaceae,10,-5,,,N,,,
194329,CARERUP,,Carex rupestris,Rock Sedge,,3,G5,,N5,,S2S3,,,,,,,,,,,,,,SE,,N,,Cyperaceae,,3,,,Y,,,
23388,CARESAL,,Carex salina,Saltmarsh Sedge,10,-5,G5,,N5?,,S4,,,,,,,,,,,,,,SE,,N,,Cyperaceae,10,-5,,,N,,,
23390,CARESAR,,Carex sartwellii,Sartwell's Sedge,8,-5,G5,,N5,,S4,R,,U,R,R,,,,R,,,,,SE,,N,,Cyperaceae,8,-5,,,N,,,Y
23392,CARESAX,,Carex saxatilis,Russet Sedge,,-3,G5,,N5,,S4,,,,,,,,,,,,,,SE,,N,,Cyperaceae,0,-3,,,P,,,
23824,CARESAI,,Carex saximontana,Rocky Mountain Sedge,,5,G5,,N3,,S2,,,,,,,,,,,,,,SE,,N,,Cyperaceae,8,5,,,Y,,,
23394,CARESCA,,Carex scabrata,Eastern Rough Sedge,8,-5,G5,,N5,,S5,U,,,,R,U,C,X,U,U,R,U,U,SE,,N,,Cyperaceae,8,-5,,,N,,,
23396,CARESCH,,Carex schweinitzii,Schweinitz's Sedge,9,-5,G3G4,,N3,,S3,R,,,,,R,R,X,U,R,,,,SE,,N,,Cyperaceae,9,-5,,,Y,MV,VH,
23398,CARESCI,,Carex scirpoidea,Single-spike Sedge,10,3,G5,,N5,,S4,,,,,,,,,,,,,,SE,,N,,Cyperaceae,10,3,,,P,,,
200201,CARESCC,,Carex scirpoidea ssp. convoluta,Lake Huron Single-spike Sedge,10,3,G5T3,,N3,,S3,,,,,,,,,,,,,,SE,,N,,Cyperaceae,10,3,,,Y,,,
200200,CARESCS,,Carex scirpoidea ssp. scirpoidea,Single-spike Sedge,10,3,G5T5,,N5,,S4,,,,,,,,,,,,,,SE,,N,,Cyperaceae,10,3,,,P,,,
23400,CARESCO,,Carex scoparia,Pointed Broom Sedge,5,-3,G5,,N5,,S5,U,,R,U,R,,R,,C,R,U,C,U,SE,,N,,Cyperaceae,5,-3,,,N,,,
23402,CARESEO,,Carex seorsa,Weak Stellate Sedge,10,-3,G5,,N2,,S2,U,CZ,,,,R,R,,U,,U,,,SE,,N,,Cyperaceae,10,-3,,,Y,,,
23404,CARESHO,,Carex shortiana,Short's Sedge,9,-3,G5,,N1,,S1,R,CZ,R,,,,R,,,,,,,SE,,N,,Cyperaceae,9,-3,,,Y,,,
1008218,CARESIC,,Carex siccata,Dry-spike Sedge,5,5,G5,,N5,,S4,R,,R,R,R,R,R,X,U,C,,,R,SE,,N,,Cyperaceae,5,5,,,N,,,Y
23628,CARESIM,,Carex simpliciuscula,Simple Bog Sedge,,-3,G5,,N5,,S4,,,,,,,,,,,,,,SE,,N,,Cyperaceae,0,-3,,,N,,,
1268562,CARESIS,,Carex simpliciuscula ssp. subholarctica,Simple Bog Sedge,,-3,G5TNR,,NNR,,S4,,,,,,,,,,,,,,SE,,N,,Cyperaceae,,-3,,,N,,,
23408,CARESPA,,Carex sparganioides,Burreed Sedge,5,3,G5,,N4N5,,S4S5,C,,C,X,X,U,U,X,C,C,U,C,R,SE,,N,,Cyperaceae,5,3,,,N,,,
23114,CARESPI,,Carex spicata,Spiked Sedge,,3,GNR,,NNA,,SE5,IC,,IR,IX,IX,IC,IR,IX,IC,IX,IC,IC,IC,SE,,I,,Cyperaceae,0,3,,,N,,,
23410,CARESPR,,Carex sprengelii,Sprengel's Sedge,6,0,G5,,N5,,S5,R,,,,R,U,R,,R,X,R,R,R,SE,,N,,Cyperaceae,6,0,,,N,,,
23412,CARESQU,,Carex squarrosa,Squarrose Sedge,8,-5,G4G5,,N2,,S2,R,CZ,C,R,,,,,,,H,,,SE,,N,,Cyperaceae,8,-5,,,Y,,,
23414,CARESTE,,Carex sterilis,Sterile Sedge,10,-5,G4G5,,N4N5,,S4,R,,,,,R,R,,,R,R,,,SE,,N,,Cyperaceae,10,-5,,,N,,,
23416,CARESTI,,Carex stipata,Awl-fruited Sedge,3,-5,G5,,N5,,S5,C,,C,X,X,C,C,X,C,C,C,C,C,SE,,N,,Cyperaceae,3,-5,,,N,,,
23750,CARESTS,,Carex stipata var. stipata,Awl-fruited Sedge,3,-5,G5T5,,N5,,S5,C,,C,X,X,C,C,X,C,C,C,C,C,SE,,N,,Cyperaceae,3,-5,,,N,,,
23418,CARESTR,,Carex stricta,Tussock Sedge,4,-5,G5,,N5,,S5,C,,C,U,X,C,C,X,C,C,U,C,R,SE,,N,,Cyperaceae,4,-5,,,N,,,
23420,CARESUB,,Carex suberecta,Prairie Straw Sedge,10,-5,G4,,N2,,S2,R,CZ,R,,R,R,,,,,,,,SE,,N,,Cyperaceae,10,-5,,,Y,,,Y
23422,CARESUS,,Carex subspathacea,Hoppner's Sedge,,-5,G5,,N5,,S4,,,,,,,,,,,,,,SE,,N,,Cyperaceae,0,-5,,,N,,,
23424,CARESUP,,Carex supina,Weak Arctic Sedge,,5,G5,,N5,,S1,,,,,,,,,,,,,,SE,,N,,Cyperaceae,,5,,,Y,,,
23426,CARESUA,,Carex supina ssp. spaniocarpa,Weak Arctic Sedge,,5,G5T5,,N5,,S1,,,,,,,,,,,,,,SE,,N,,Cyperaceae,,5,,,Y,,,
23428,CARESWA,,Carex swanii,Swan's Sedge,7,3,G5,,N4,,S4,U,cz,C,R,R,R,R,,C,,U,,,SE,,N,,Cyperaceae,7,3,,,N,,,Y
23430,CARESYC,,Carex sychnocephala,Many-headed Sedge,5,-3,G5,,N5?,,S4,R,,,,R,R,,,,,,R,H,SE,,N,,Cyperaceae,5,-3,,,N,,,
23432,CARESYL,,Carex sylvatica,European Woodland Sedge,,3,GNR,,NNA,,SE2,IR,,,,,IR,,,,,IR,,,SE,,I,,Cyperaceae,0,3,,,N,,,
23434,CARETEN,,Carex tenera,Tender Sedge,4,0,G5,,N5,,S5,C,,C,X,X,U,U,X,C,C,C,C,C,SE,,N,,Cyperaceae,4,0,,,N,,,
23436,CARETEU,,Carex tenuiflora,Sparse-flowered Sedge,10,-5,G5,,N5,,S5,H,,,,H,H,,,,,,,,SE,,N,,Cyperaceae,10,-5,,,N,,,
23438,CARETET,,Carex tetanica,Rigid Sedge,8,-3,G4G5,,N3,,S3?,R,,R,R,R,R,R,,R,R,R,,,SE,,N,,Cyperaceae,8,-3,,,Y,,,Y
23702,CARETIN,,Carex tincta,Tinged Sedge,6,5,G4G5,,N2N4,,SH,,,,,,,,,,,,,,SE,,N,,Cyperaceae,6,5,,,Y,,,
16883,CARETON,,Carex tonsa,Deep-green Sedge,5,5,G5,,N5,,S5,,,,,,,,,,,,,,SE,,N,,Cyperaceae,5,5,,,N,,,
23386,CARETOR,,Carex tonsa var. rugosperma,Rough-fruited Deep-green Sedge,5,5,G5T5,,N5,,S5,R,,,,R,R,R,X,U,,R,R,U,SE,,N,,Cyperaceae,5,5,,,N,,,
23440,CARETOT,,Carex tonsa var. tonsa,Deep-green Sedge,5,5,G5T5,,N5,,S5,R,,,,R,,,,,,,,,SE,,N,,Cyperaceae,5,5,,,N,,,
23441,CARETOE,,Carex torreyi,Torrey's Sedge,,3,G4G5,,N4N5,,S2,,,,,,,,,,,,,,SE,,N,,Cyperaceae,,3,,,Y,,,Y
23442,CARETOA,,Carex torta,Twisted Sedge,10,-5,G5,,N5,,SX,H,CZ,,,,H,,,,,,,,SE,,N,,Cyperaceae,10,-5,,,Y,,,
23444,CARETRI,,Carex tribuloides,Blunt Broom Sedge,5,-3,G5,,N5,,S4,C,,C,X,X,U,U,X,C,,U,C,R,SE,,N,,Cyperaceae,5,-3,,,N,,,
1004846,CARETRT,,Carex tribuloides var. tribuloides,Blunt Broom Sedge,5,-3,G5T5,,N5,,S4,C,,C,X,X,U,U,X,C,,U,C,R,SE,,N,,Cyperaceae,5,-3,,,N,,,
23446,CARETRC,,Carex trichocarpa,Hairy-fruited Sedge,8,-5,G4,,N3,,S3,R,cz,,R,,U,R,R,R,R,,,R,SE,,N,,Cyperaceae,8,-5,,,Y,,,
23448,CARETRS,,Carex trisperma,Three-seeded Sedge,9,-5,G5,,NNR,,S5,R,,,,H,R,,X,U,R,R,R,?,SE,,N,,Cyperaceae,9,-5,,,N,,,
23450,CARETUC,,Carex tuckermanii,Tuckerman's Sedge,7,-5,G5,,N5,,S5,U,,R,,R,R,R,X,U,X,U,C,U,SE,,N,,Cyperaceae,7,-5,,,N,,,
23452,CARETYP,,Carex typhina,Cattail Sedge,9,-5,G5,,N2N3,,S2,R,,R,,,,,,,,,,,SE,,N,,Cyperaceae,9,-5,,,Y,,,
17090,CAREUMB,,Carex umbellata,Umbellate Sedge,5,5,G5,,N5,,S5,R,,R,R,R,R,,,R,R,R,R,,SE,,N,,Cyperaceae,5,5,,,N,,,
1010471,CAREURS,,Carex ursina,Bear Sedge,,-3,G5,,N5,,S1,,,,,,,,,,,,,,SE,,N,,Cyperaceae,,-3,,,Y,,,
23456,CAREUTR,,Carex utriculata,Northern Beaked Sedge,7,-5,G5,,N5,,S5,R,,R,,R,U,R,X,R,R,R,C,R,SE,,N,,Cyperaceae,7,-5,,,N,,,
23458,CAREVAG,,Carex vaginata,Sheathed Sedge,10,-5,G5,,N5,,S5,H,,,,,,,,,,,,H,SE,,N,,Cyperaceae,10,-5,,,N,,,
23460,CAREVES,,Carex vesicaria,Inflated Sedge,7,-5,G5,,N5,,S5,R,,,,R,R,R,,,,R,,,SE,,N,,Cyperaceae,7,-5,,,N,,,
23462,CAREVIR,,Carex virescens,Ribbed Sedge,7,3,G5,,N3,,S3,R,CZ,R,,,R,R,,U,,R,R,,SE,,N,,Cyperaceae,7,3,,,Y,,,
23464,CAREVII,,Carex viridula,Greenish Sedge,5,-5,G5,,N5,,S5,R,,R,R,X,R,R,,U,C,U,R,R,SE,,N,,Cyperaceae,5,-5,,,N,,,
23466,CAREVIV,,Carex viridula ssp. viridula,Greenish Sedge,5,-5,G5T5,,N5,,S5,,,,,,,,,,,,,,SE,,N,,Cyperaceae,5,-5,,,N,,,
1008223,CAREVID,,Carex viridula ssp. viridula var. viridula,Greenish Sedge,5,-5,G5T5,,N5,,S5,,,,,,,,,,,,,,SE,,N,,Cyperaceae,5,-5,,,N,,,
23470,CAREVUL,,Carex vulpinoidea,Fox Sedge,3,-5,G5,,N5,,S5,C,,C,X,X,C,C,X,C,C,C,C,C,SE,,N,,Cyperaceae,3,-5,,,N,,,
23472,CAREWIE,,Carex wiegandii,Wiegand's Sedge,10,-5,G4G5,,N4N5,,S1,,,,,,,,,,,,,,SE,,N,,Cyperaceae,10,-5,,,Y,MV,VH,
23474,CAREWIL,,Carex willdenowii,Willdenow's Sedge,9,5,G5,,N1,,S1,R,CZ,,,,,,,R,R,R,,,SE,,N,,Cyperaceae,9,5,,,Y,,,
23478,CAREWII,,Carex williamsii,Williams' Sedge,,0,G4G5,,N4N5,,S1S2,,,,,,,,,,,,,,SE,,N,,Cyperaceae,,0,,,Y,,,
23480,CAREWOO,,Carex woodii,Wood's Sedge,6,3,G4,,N4,,S4,U,cz,R,R,X,C,U,X,C,U,R,C,R,SE,,N,,Cyperaceae,6,3,,,N,,,
1009597,CAREX A,,Carex x arctophila,(Carex bigelowii X Carex subspathacea),,,GNA,,NNA,,SNA,,,,,,,,,,,,,,SE,,N,,Cyperaceae,0,,,,N,,,
23780,CAREX C,,Carex x crinitoides,(Carex aquatilis X Carex crinita),,-5,GNA,,NNA,,SNA,,,,,,,,,,,,,,SE,,N,,Cyperaceae,0,-5,,,N,,,
23764,CAREX D,,Carex x dumanii,(Carex paleacea X Carex subspathacea),,-5,GNA,,NNA,,SNA,,,,,,,,,,,,,,SE,,N,,Cyperaceae,,-5,,,N,,,
23482,CAREX F,,Carex x flavicans,(Carex aquatilis X Carex subspathacea),,-5,GNA,,NNA,,SNA,,,,,,,,,,,,,,SE,,N,,Cyperaceae,0,-5,,,N,,,
23486,CAREX G,,Carex x grantii,(Carex aquatilis X Carex recta),,-5,GNA,,NNA,,SNA,,,,,,,,,,,,,,SE,,N,,Cyperaceae,0,-5,,,N,,,
23488,CAREX H,,Carex x hartii,(Carex lurida X Carex retrorsa),,-5,GNA,,NNA,,SNA,,,,,,,,,,,,,,SE,,N,,Cyperaceae,0,-5,,,N,,,
23490,CAREX K,,Carex x knieskernii,(Carex arctata X C. castanea),,0,GNA,,NNA,,SNA,,,,,,,,,,,,,,SE,,N,,Cyperaceae,,0,,,N,,,
23820,CAREX L,,Carex x limosoides,(Carex limosa X Carex paleacea),,-5,GNA,,NNA,,SNA,,,,,,,,,,,,,,SE,,N,,Cyperaceae,0,-5,,,N,,,
23492,CAREX M,,Carex x mendica,(Carex recta X Carex salina),,-5,GNA,,NNA,,SNA,,,,,,,,,,,,,,SE,,N,,Cyperaceae,,-5,,,N,,,
23784,CAREX I,,Carex x mirata,(Carex atherodes X Carex lupulina),,-5,GNA,,NNA,,SNA,,,,,,,,,,,,,,SE,,N,,Cyperaceae,0,-5,,,N,,,
23782,CAREX N,,Carex x neofilipendula,(Carex aquatilis X Carex paleacea),,-5,GNA,,NNA,,SNA,,,,,,,,,,,,,,SE,,N,,Cyperaceae,0,-5,,,N,,,
23494,CAREX E,,Carex x neomiliaris,(Carex aquatilis X Carex saxatilis var. miliaris),,-5,GNA,,NNA,,SNA,,,,,,,,,,,,,,SE,,N,,Cyperaceae,,-5,,,N,,,
23498,CAREX P,,Carex x persalina,(Carex salina X Carex subspathacea),,-5,GNA,,NNA,,SNA,,,,,,,,,,,,,,SE,,N,,Cyperaceae,,-5,,,N,,,
23772,CAREX S,,Carex x saxenii,(Carex paleacea X Carex recta),,-5,GNA,,NNA,,SNA,,,,,,,,,,,,,,SE,,N,,Cyperaceae,0,-5,,,N,,,
23794,CAREX T,,Carex x stenolepis,(Carex saxatilis X Carex vesicaria),,-5,GNA,,NNA,,SNA,,,,,,,,,,,,,,SE,,N,,Cyperaceae,0,-5,,,N,,,
23500,CAREX U,,Carex x subimpressa,(Carex hyalinolepis X Carex pellita),,-5,GNA,,NNA,,SNA,hyb,,hyb,hyb,hyb,,,,,,,,,SE,,N,,Cyperaceae,,-5,,,N,,,
23792,CAREX B,,Carex x subpaleacea,(Carex paleacea X Carex salina),,-5,GNA,,NNA,,SNA,,,,,,,,,,,,,,SE,,N,,Cyperaceae,,-5,,,N,,,
23502,CAREX V,,Carex x subviridula,(Carex flava X Carex viridula ssp. viridula),,-5,GNA,,NNA,,SNA,hyb,,,,,hyb,,,hyb,hyb,,hyb,,SE,,N,,Cyperaceae,,-5,,,N,,,
23504,CAREX O,,Carex x sullivantii,(Carex gracillima X Carex hirtifolia),,5,GNA,,NNA,,SNA,hyb,,hyb,,,,,,,,,,,SE,,N,,Cyperaceae,,5,,,N,,,
23700,CAREXER,,Carex xerantica,Dryland Sedge,10,5,G5,,N4N5,,S2,,,,,,,,,,,,,,SE,,N,,Cyperaceae,10,5,,,Y,,,
45040,CARPCAR,,Carpinus caroliniana,Blue-beech,6,0,G5,,N5,,S5,C,,C,X,X,C,C,X,C,C,C,C,C,TR,,N,,Betulaceae,6,0,,,N,,,
1004849,CARPCAV,,Carpinus caroliniana ssp. virginiana,Blue-beech,6,0,G5T5,,N5,,S5,C,,C,X,X,C,C,X,C,C,C,C,C,SH,,N,,Betulaceae,6,0,,,N,,,
129014,CARUCAR,,Carum carvi,Wild Caraway,,5,GNR,,NNA,,SE3?,IR,,,,,IX,IX,,,,IH,IX,IR,FO,,I,,Apiaceae,0,5,,,N,,,
44000,CARYCOR,,Carya cordiformis,Bitternut Hickory,6,0,G5,,N5,,S5,C,,C,X,X,X,C,X,C,C,C,C,C,TR,,N,,Juglandaceae,6,0,,,N,,,
44002,CARYGLA,,Carya glabra,Pignut Hickory,9,3,G5,,N3,,S3,U,cz,R,R,R,R,R,,C,C,U,R,,TR,,N,,Juglandaceae,9,3,,,Y,,,Y
44004,CARYLAC,,Carya laciniosa,Shellbark Hickory,9,-3,G5,,N3,,S3,U,CZ,C,U,R,,H,,R,,R,,,TR,,N,,Juglandaceae,9,-3,,,Y,LV,Mod,Y
44008,CARYOVA,,Carya ovata,Shagbark Hickory,6,3,G5,,N5,,S5,C,,C,X,X,X,C,X,C,C,C,C,U,TR,,N,,Juglandaceae,6,3,,,N,,,
1008241,CARYOVO,,Carya ovata var. ovata,Shagbark Hickory,6,3,G--T5,,N5,,S5,C,,C,X,X,X,C,X,C,C,C,C,U,TR,,N,,Juglandaceae,6,3,,,N,,,
44010,CARYX L,,Carya x laneyi,(Carya cordiformis X Carya ovata),,,GNA,,NNA,,SNA,,,,,,,,,,,,,,TR,,N,,Juglandaceae,,,,,N,,,
46000,CASTDEN,,Castanea dentata,American Chestnut,8,5,G4,END,N1N2,END,S1S2,U,cz,U,R,H,R,C,R,C,R,U,U,?,TR,,N,,Fagaceae,8,5,,,Y,MV,Mod,
153032,CASTCOC,,Castilleja coccinea,Scarlet Paintbrush,9,0,G5,,N5,,S4S5,R,,H,R,R,R,R,,R,H,R,R,H,FO,Spr-Sum,N,,Scrophulariaceae,9,0,,,N,,,Y
153034,CASTMIN,,Castilleja miniata,Great Red Paintbrush,,0,G5,,N5,,SEH,,,,,,,,,,,,,,FO,,I,,Scrophulariaceae,0,0,,,N,,,
1010566,CASTMIM,,Castilleja miniata var. miniata,Great Red Paintbrush,,0,G5T5,,N5,,SEH,,,,,,,,,,,,,,FO,,I,,Scrophulariaceae,0,0,,,N,,,
153036,CASTRAU,,Castilleja raupii,Raup's Paintbrush,,0,G5,,N5,,S4,,,,,,,,,,,,,,FO,,N,,Scrophulariaceae,0,0,,,N,,,
153038,CASTSEP,,Castilleja septentrionalis,Northeastern Paintbrush,,3,G5,,N5,,S5,,,,,,,,,,,,,,FO,,N,,Scrophulariaceae,0,3,,,P,,,
22678,CATAAQU,,Catabrosa aquatica,Water Whorlgrass,,-5,G5,,N4N5,,S4,,,,,,,,,,,,,,GR,,N,,Poaceae,0,-5,,,N,,,
154002,CATABIG,,Catalpa bignonioides,Southern Catalpa,,3,G3G4,,NNA,,SE1,IR,,,,,,IR,,IR,,IR,,,TR,,I,,Bignoniaceae,0,3,,,N,,,
154004,CATAOVA,,Catalpa ovata,Chinese Catalpa,,3,GNR,,NNA,,SE1,IR,,,,,IR,IR,,,,,IR,,TR,,I,,Bignoniaceae,0,3,,,N,,,
154006,CATASPE,,Catalpa speciosa,Northern Catalpa,,3,G4?,,NNA,,SE1,IR,,?,IR,,,IR,IX,,IX,IR,IR,IR,TR,,I,,Bignoniaceae,0,3,,,N,,,
65016,CAULGIG,,Caulophyllum giganteum,Giant Blue Cohosh,5,5,G4G5,,N4N5,,S5,X,,X,X,X,X,X,X,X,?,X,C,C,FO,Spr,N,,Berberidaceae,5,5,,,N,,,
65018,CAULTHA,,Caulophyllum thalictroides,Blue Cohosh,5,5,G5,,N5,,S5,X,,U,X,X,X,C,X,C,X,X,C,U,FO,Spr,N,,Berberidaceae,5,5,,,N,,,
106000,CEANAME,,Ceanothus americanus,New Jersey Tea,7,5,G5,,N4,,S4,R,cz,R,R,X,R,R,,C,R,R,U,R,SH,Sum,N,,Rhamnaceae,7,5,,,N,,,Y
106002,CEANHER,,Ceanothus herbaceus,Narrow-leaved New Jersey Tea,9,5,G5,,N4,,S4,R,,R,R,R,,,,,,,R,H,SH,Spr,N,,Rhamnaceae,9,5,,,N,,,Y
100002,CELASCA,,Celastrus scandens,Climbing Bittersweet,3,3,G5,,N5,,S5,C,,C,X,X,X,X,X,C,C,C,C,C,VW,,N,,Celastraceae,3,3,,,N,,,
47000,CELTOCC,,Celtis occidentalis,Common Hackberry,8,0,G5,,N4,,S4,C,,C,X,X,X,C,X,U,U,R,U,R,TR,,N,,Ulmaceae,8,0,,,N,,,
47002,CELTTEN,,Celtis tenuifolia,Dwarf Hackberry,10,5,G5,THR,N2,THR,S2,R,cz,R,,R,IR,,,,R,R,,,SH,,N,,Ulmaceae,10,5,,,Y,LV,VH,Y
22166,CENCLON,,Cenchrus longispinus,Long-spined Sandbur,3,5,G5,,N4,,S4,U,cz,U,R,X,R,U,,C,R,R,IR,IR,GR,Aut,N,,Poaceae,3,5,,,N,,,
168352,CENTBEN,,Centaurea benedicta,Blessed Thistle,,5,GNR,,NNA,,SE1,,,,,,,,,,,,,,FO,,I,,Asteraceae,0,5,,,N,,,
168300,CENTCAL,,Centaurea calcitrapa,Purple Starthistle,,5,GNR,,NNA,,SE1,IR,,,,,IH,,,,,,,IR,FO,,I,,Asteraceae,0,5,,,N,,,
168302,CENTCYA,,Centaurea cyanus,Bachelor's Button,,5,GNR,,NNA,,SE1,IR,,IH,,IH,,,,IR,,IH,IR,IR,FO,,I,,Asteraceae,0,5,,,N,,,
168304,CENTDIF,,Centaurea diffusa,Diffuse Knapweed,,5,GNR,,NNA,,SE1,IR,,,,,,,IR,,,IR,,IR,FO,,I,,Asteraceae,0,5,,,N,,,
168306,CENTJAC,,Centaurea jacea,Brown Knapweed,,5,GNR,,NNA,,SE5,IX,,,IX,IX,IX,IX,IX,IR,IX,IU,IX,IR,FO,,I,,Asteraceae,0,5,,,N,,,
168308,CENTMAC,,Centaurea macrocephala,Globe Knapweed,,5,GNR,,NNA,,SE1,,,,,,,,,,,,,,FO,,I,,Asteraceae,0,5,,,N,,,
168312,CENTMON,,Centaurea montana,Mountain Cornflower,,5,GNR,,NNA,,SE1,,,,,,,,,,,,,,FO,,I,,Asteraceae,0,5,,,N,,,
168314,CENTNIG,,Centaurea nigra,Black Knapweed,,5,GNR,,NNA,,SE5?,IX,,,,IX,IX,IX,IX,IR,IX,IU,IX,IR,FO,,I,,Asteraceae,0,5,,,N,,,
168868,CENTNIR,,Centaurea nigrescens,Short-fringed Knapweed,,5,GNR,,NNA,,SE5,IX,,,,IR,IX,IX,,,IX,IR,IX,,FO,,I,,Asteraceae,0,5,,,N,,,
168318,CENTSCA,,Centaurea scabiosa,Greater Knapweed,,5,GNR,,NNA,,SE1,,,,,,,,,,,,,,FO,,I,,Asteraceae,0,5,,,N,,,
168320,CENTSOL,,Centaurea solstitialis,Yellow Starthistle,,5,GNR,,NNA,,SE1,IH,,,,,IH,,,,,,,,FO,,I,,Asteraceae,0,5,,,N,,,
1008242,CENTSTO,,Centaurea stoebe,Spotted Knapweed,,5,GNR,,NNA,,SE5,IC,,IU,IX,IX,IX,IX,IX,IC,IX,IU,IX,IR,FO,Aut,I,,Asteraceae,0,5,,,N,,,
168898,CENTX M,,Centaurea x moncktonii,(Centaurea jacea X Centaurea nigra),,5,GNA,,NNA,,SNA,hyb,,,hyb,hyb,hyb,hyb,,hyb,,hyb,hyb,hyb,FO,,I,,Asteraceae,0,5,,,N,,,
1010178,CENTX P,,Centaurea x psammogena,(Centaurea diffusa X Centaurea stoebe ssp. micranthos),,5,GNA,,NNA,,SNA,,,,,,,,,,,,,,FO,,I,,Asteraceae,0,5,,,N,,,
143006,CENTERY,,Centaurium erythraea,European Centaury,,0,GNR,,NNA,,SE3,IR,,,,IR,IR,IR,,,,IH,,,FO,Sum-Aut,I,,Gentianaceae,0,0,,,N,,,
143008,CENTPUL,,Centaurium pulchellum,Branching Centaury,,0,GNR,,NNA,,SE3,IR,,IU,IR,IR,IR,IR,,IR,,IR,IR,IU,FO,Sum,I,,Gentianaceae,0,0,,,N,,,
161000,CEPHOCC,,Cephalanthus occidentalis,Eastern Buttonbush,7,-5,G5,,N5,,S5,C,,C,X,X,X,X,X,C,C,C,C,R,SH,Sum,N,,Rubiaceae,7,-5,,,N,,,
1268438,CEPHOCO,,Cephalanthus occidentalis var. occidentalis,Eastern Buttonbush,7,-5,G5T5,,N5,,S5,C,,C,X,X,X,X,X,C,C,C,C,R,SH,,N,,Rubiaceae,7,-5,,,N,,,
165000,CEPHGIG,,Cephalaria gigantea,Giant Yellow Scabious,,,GNR,,NNA,,SE1,IR,,,,,,,,,,,IR,,FO,,I,,Dipsacaceae,0,,,,N,,,
61006,CERAALP,,Cerastium alpinum,Alpine Chickweed,,0,G5,,N5,,S4,,,,,,,,,,,,,,FO,,N,,Caryophyllaceae,0,0,,,P,,,
205799,CERAALA,,Cerastium alpinum ssp. alpinum,Alpine Chickweed,,0,G5TNRQ,,NNR,,SU,,,,,,,,,,,,,,FO,,N,,Caryophyllaceae,,0,,,N,,,
61180,CERAALL,,Cerastium alpinum ssp. lanatum,Woolly Alpine Chickweed,,0,G5T5Q,,NNR,,S4,,,,,,,,,,,,,,FO,,N,,Caryophyllaceae,0,0,,,P,,,
1009701,CERAARC,,Cerastium arcticum,Arctic Chickweed,,0,G5,,N4N5,,S1,,,,,,,,,,,,,,FO,,N,,Caryophyllaceae,,0,,,Y,,,
61008,CERAARV,,Cerastium arvense,Field Chickweed,8,3,G5,,N5,,S4,,,,,,,,,,,,,,FO,Spr-Sum,N,,Caryophyllaceae,8,3,,,N,,,
61010,CERAARA,,Cerastium arvense ssp. arvense,Field Chickweed,,3,G5T5,,NNA,,SE2,IR,,?,,IR,IR,IR,IX,,IX,,IR,IR,FO,Spr-Sum,I,,Caryophyllaceae,0,3,,,N,,,
61012,CERAARS,,Cerastium arvense ssp. strictum,Matted Field Chickweed,8,3,G5T5,,N5,,S4,R,,,,,,,,,,H,R,,FO,,N,,Caryophyllaceae,8,3,,,N,,,
205800,CERABEE,,Cerastium beeringianum,Bering Sea Chickweed,,0,G5,,N5,,S1,,,,,,,,,,,,,,FO,,N,,Caryophyllaceae,,0,,,Y,,,
61186,CERABRA,,Cerastium brachypodum,Short-stalked Chickweed,9,3,G5,,N4,,S2,,,,,,,,,,,,,,FO,,N,,Caryophyllaceae,9,3,,,Y,,,
61018,CERAFON,,Cerastium fontanum,Common Mouse-ear Chickweed,,3,GNR,,NNA,,SE5,IC,,IC,IX,IX,IC,IC,IX,IC,IX,IC,IC,IC,FO,Sum-Aut,I,,Caryophyllaceae,0,3,,,N,,,
61020,CERAFOV,,Cerastium fontanum ssp. vulgare,Common Mouse-ear Chickweed,,3,GNRTNR,,NNA,,SE5,IC,,IC,IX,IX,IC,IC,IX,IC,IX,IC,IC,IC,FO,Sum-Aut,I,,Caryophyllaceae,0,3,,,N,,,
61022,CERAGLO,,Cerastium glomeratum,Sticky Chickweed,,3,GNR,,NNA,,SE2,IR,,IR,IR,,IR,IR,,IR,IR,IR,,,FO,,I,,Caryophyllaceae,0,3,,,N,,,
61024,CERANUT,,Cerastium nutans,Nodding Chickweed,4,3,G5,,N5,,S4,R,,R,,R,R,,,R,,R,R,,FO,,N,,Caryophyllaceae,4,3,,,N,,,
1004854,CERANUN,,Cerastium nutans var. nutans,Nodding Chickweed,4,3,G5T5,,N5,,S4,R,,R,,R,R,,,R,,R,R,,FO,,N,,Caryophyllaceae,4,3,,,N,,,
61028,CERAPUM,,Cerastium pumilum,Dwarf Mouse-ear Chickweed,,5,GNR,,NNA,,SE2,IR,,IR,IR,,,IR,,IR,IR,IR,IR,IR,FO,,I,,Caryophyllaceae,0,5,,,N,,,
61030,CERASEM,,Cerastium semidecandrum,Five-stamen Chickweed,,5,GNR,,NNA,,SE5,IU,,IR,IX,IX,IU,IR,IX,IU,IX,IU,IX,IX,FO,,I,,Caryophyllaceae,0,5,,,N,,,
61032,CERATOM,,Cerastium tomentosum,Snow-in-summer,,5,GNR,,NNA,,SE2,IR,,IR,,IX,,,,,,IR,IR,IX,FO,Sum,I,,Caryophyllaceae,0,5,,,N,,,
61034,CERAVEL,,Cerastium velutinum,Large Field Chickweed,9,5,G4?,,N1N2,,S1S2,R,CZ,R,,R,,,,,,,,,FO,,N,,Caryophyllaceae,9,5,,,Y,,,
1010569,CERAVEV,,Cerastium velutinum var. velutinum,Large Field Chickweed,9,5,G5T4?,,N1N2,,S1S2,R,CZ,R,,R,,,,,,,,,FO,,N,,Caryophyllaceae,9,5,,,Y,,,
1008249,CERATES,,Ceratocephala testiculata,Horn-seed Buttercup,,0,GNR,,NNA,,SE1,IR,,,,,,,,IR,,,,,FO,,I,,Ranunculaceae,0,0,,,N,,,
62000,CERADEM,,Ceratophyllum demersum,Common Hornwort,4,-5,G5,,N5,,S5,U,,R,X,X,R,R,X,C,X,R,U,U,FO,,N,,Ceratophyllaceae,4,-5,,,N,,,
62002,CERAECH,,Ceratophyllum echinatum,Spiny Hornwort,8,-5,G4,,N4?,,S3?,R,,R,,,,,,,,R,,,FO,,N,,Ceratophyllaceae,8,-5,,,Y,,,
1257012,CERCJAP,,Cercidiphyllum japonicum,Katsura,,,GNR,,NNA,,SE1,IR,,,,,,,,,,,IR,IR,TR,,I,,Cercidiphyllaceae,0,,,,N,,,
83044,CERCCAN,,Cercis canadensis,Eastern Redbud,8,3,G5,,NX,,SX,H,CZ,H,,,IR,,,,IR,IR,,IR,SH,Spr,N,,Fabaceae,8,3,,,Y,,,
83046,CERCCAC,,Cercis canadensis var. canadensis,Eastern Redbud,8,3,G5T5,,NX,,SX,H,CZ,H,,,IR,,,,IR,IR,,IR,SH,Spr,N,,Fabaceae,8,3,,,Y,,,
153040,CHAEMIN,,Chaenorhinum minus,Dwarf Snapdragon,,5,GNR,,NNA,,SE5,IC,,IC,IX,IX,IC,IC,IX,IC,IX,IU,IX,IR,FO,Sum,I,,Scrophulariaceae,0,5,,,N,,,
1010572,CHAEMIM,,Chaenorhinum minus ssp. minus,Dwarf Snapdragon,,5,GNRTNR,,NNA,,SE5,IC,,IC,IX,IX,IC,IC,IX,IC,IX,IU,IX,IR,FO,Sum,I,,Scrophulariaceae,0,5,,,N,,,
129018,CHAEPRO,,Chaerophyllum procumbens,Spreading Chervil,9,0,G5,,N1N2,,S1S2,R,CZ,R,,R,,,,,,,,,FO,,N,,Apiaceae,9,0,,,Y,,,
129020,CHAESHO,,Chaerophyllum shortii,Short's Spreading Chervil,9,0,G3G4Q,,N1,,S1,,,,,,,,,,,,,,FO,,N,,Apiaceae,9,0,,,Y,,,
83260,CHAMFAS,,Chamaecrista fasciculata,Showy Partridge Pea,,3,G5,,NNA,,SE1,IR,,,,,,,,,IR,,,,FO,,I,,Fabaceae,0,3,,,N,,,
133014,CHAMCAL,,Chamaedaphne calyculata,Leatherleaf,9,-5,G5,,N5,,S5,R,,?,,H,R,,X,R,R,R,R,H,SH,Spr,N,,Ericaceae,9,-5,,,N,,,
32026,CHAMLUT,,Chamaelirium luteum,Devil's-bit,10,3,G5,,NX,,SX,H,CZ,,,,,,,H,H,H,,,FO,Spr-Sum,N,,Liliaceae,10,3,,,Y,,,
125010,CHAMANG,,Chamaenerion angustifolium,Fireweed,3,0,G5,,N5,,S5,,,,,,,,,,,,,,FO,,N,,Onagraceae,3,0,,,N,,,
1010505,CHAMANA,,Chamaenerion angustifolium ssp. angustifolium,Fireweed,3,0,G5T5,,N5,,S5?,,,,,,,,,,,,,,FO,,N,,Onagraceae,3,0,,,N,,,
1010508,CHAMANC,,Chamaenerion angustifolium ssp. circumvagum,Wandering Fireweed,3,0,G5T5,,N5,,S5,R,,H,R,R,X,R,X,U,R,R,U,R,FO,,N,,Onagraceae,3,0,,,N,,,
125028,CHAMLAT,,Chamaenerion latifolium,River Beauty,,0,G5,,N5,,S4,,,,,,,,,,,,,,FO,Sum,N,,Onagraceae,0,0,,,P,EV,VH,
82544,CHAMERE,,Chamaerhodos erecta,Rose Chamaerhodos,,,G5,,N4N5,,SE1,,,,,,,,,,,,,,FO,,I,,Rosaceae,0,,,,N,,,
153042,CHELGLA,,Chelone glabra,White Turtlehead,7,-5,G5,,N5,,S5,C,,C,X,X,X,X,X,C,C,C,C,C,FO,Aut,N,,Scrophulariaceae,7,-5,,,N,,,
55044,CHENMUR,,Chenopodiastrum murale,Nettle-leaved Goosefoot,,3,GNR,,NNA,,SE1,IR,,,IH,,,,IR,,,,,,FO,,I,,Chenopodiaceae,0,3,,,N,,,
55056,CHENSIM,,Chenopodiastrum simplex,Maple-leaved Goosefoot,0,5,G5,,N5,,S5,U,,U,R,X,R,R,X,U,X,R,U,U,FO,,N,,Chenopodiaceae,0,5,,,N,,,
55018,CHENALB,,Chenopodium album,Common Lamb's-quarters,,3,G5,,NNA,,SE5,IC,,IC,IX,IX,IX,IC,IX,IC,IX,IC,IX,IC,FO,Sum,I,,Chenopodiaceae,0,3,,,N,,,
55022,CHENBER,,Chenopodium berlandieri,Berlandier's Goosefoot,0,3,G5,,N5,,SU,,,,,,,,,,,,,,FO,,N,,Chenopodiaceae,0,3,,,P,,,
55030,CHENBEB,,Chenopodium berlandieri var. bushianum,Bush's Goosefoot,0,3,G5T4T5,,N1N2,,S1S2,R,CZ,R,,R,,R,,R,,R,,,FO,,N,,Chenopodiaceae,0,3,,,Y,,,
55024,CHENBEZ,,Chenopodium berlandieri var. zschackei,Zschacke's Goosefoot,0,3,G5T5,,N5,,SU,,,,,,,,,,,,,,FO,,N,,Chenopodiaceae,0,3,,,N,,,
55054,CHENFIC,,Chenopodium ficifolium,Fig-leaved Goosefoot,,,GNR,,NNA,,SEH,IH,,,,IH,,,,,,,,,FO,,I,,Chenopodiaceae,0,,,,N,,,
1010575,CHENFIF,,Chenopodium ficifolium ssp. ficifolium,Fig-leaved Goosefoot,,,GNRTNR,,NNA,,SEH,IH,,,,IH,,,,,,,,,FO,,I,,Chenopodiaceae,0,,,,N,,,
55034,CHENFOG,,Chenopodium foggii,Fogg's Goosefoot,10,5,G2G3,,N2N3,,S2?,R,cz,R,R,R,,,,U,,R,,,FO,,N,,Chenopodiaceae,10,5,,,Y,,,Y
55042,CHENLEP,,Chenopodium leptophyllum,Slim-leaved Goosefoot,9,3,G5,,NNR,,S1,H,,H,,,,,,,,H,,,FO,,N,,Chenopodiaceae,9,3,,,Y,,,
55046,CHENOPU,,Chenopodium opulifolium,Round-leaved Goosefoot,,,GNR,,NNA,,SEH,IH,,IH,,,,,,,,,,,FO,,I,,Chenopodiaceae,0,,,,N,,,
55050,CHENPRA,,Chenopodium pratericola,Meadow Goosefoot,,5,G5,,N5,,S4,,,,,,,,,,,,,,FO,,N,,Chenopodiaceae,0,5,,,N,,,
55058,CHENSTA,,Chenopodium standleyanum,Standley's Goosefoot,8,5,G5,,N2?,,S2?,R,CZ,R,R,,,,,,,,,,FO,,N,,Chenopodiaceae,8,5,,,Y,,,
55060,CHENSTR,,Chenopodium strictum,Late-flowering Goosefoot,,5,G5,,NNA,,SE4?,IR,,IH,IH,IH,IR,,,,,IR,,,FO,,I,,Chenopodiaceae,0,5,,,N,,,
55064,CHENVUL,,Chenopodium vulvaria,Stinking Goosefoot,,5,GNR,,NNA,,SE1,,,,,,,,,,,,,,FO,,I,,Chenopodiaceae,0,5,,,N,,,
133500,CHIMMAC,,Chimaphila maculata,Spotted Wintergreen,10,5,G5,THR,N2,THR,S2,R,cz,R,,,,,,R,,R,H,,SH,,N,,Pyrolaceae,10,5,,,Y,MV,High,
133504,CHIMUMB,,Chimaphila umbellata,Common Pipsissewa,8,5,G5,,N5,,S5,R,,,R,R,R,R,X,C,R,R,R,H,SH,Sum,N,,Pyrolaceae,8,5,,,N,,,
1008378,CHIMUMU,,Chimaphila umbellata ssp. umbellata,Common Pipsissewa,8,5,G5T5,,N5,,S5,R,,,R,R,R,R,X,C,R,R,R,H,SH,Sum,N,,Pyrolaceae,8,5,,,N,,,
168322,CHONJUN,,Chondrilla juncea,Rush Skeletonweed,,5,GNR,,NNA,,SE1,IR,,IR,,,,IR,,,,,,,FO,,I,,Asteraceae,0,5,,,N,,,
1009356,CHRYCOC,,Chrysanthemum coccineum,Pyrethum Daisy,,,GNR,,NNA,,SEH,,,,,,,,,,,,,,FO,,I,,Asteraceae,0,,,,N,,,
79000,CHRYAME,,Chrysosplenium americanum,American Golden-saxifrage,8,-5,G5,,N5,,S4,U,,,,R,X,X,,C,X,R,C,R,FO,Spr,N,,Saxifragaceae,8,-5,,,N,,,
79002,CHRYTET,,Chrysosplenium tetrandrum,Northern Golden-saxifrage,,-5,G5,,N5,,S2?,,,,,,,,,,,,,,FO,,N,,Saxifragaceae,,-5,,,Y,,,
83048,CICEARI,,Cicer arietinum,Chick Pea,,,GNR,,NNA,,SEH,,,,,,,,,,,,,,FO,,I,,Fabaceae,0,,,,N,,,
168330,CICHINT,,Cichorium intybus,Wild Chicory,,3,GNR,,NNA,,SE5,IC,,IC,IX,IX,IC,IC,IX,IC,IX,IC,IC,IC,FO,Sum,I,,Asteraceae,0,3,override,Suppl. CW value matches more closely with values from US Wetland Plant List and Michigan Flora,N,,,
129022,CICUBUL,,Cicuta bulbifera,Bulbous Water-hemlock,5,-5,G5,,N5,,S5,C,,R,X,X,X,X,X,C,C,C,C,R,FO,Sum,N,,Apiaceae,5,-5,,,N,,,
129024,CICUMAC,,Cicuta maculata,Spotted Water-hemlock,6,-5,G5,,N5,,S5,,,,,,,,,,,,,,FO,Sum,N,,Apiaceae,6,-5,,,N,,,
1010578,CICUMAA,,Cicuta maculata var. angustifolia,Narrow-leaved Water-hemlock,,-5,G5T5,,N5,,S4?,,,,,,,,,,,,,,FO,,N,,Apiaceae,0,-5,,All other CW values within this Genus are identical,N,,,
1010581,CICUMAM,,Cicuta maculata var. maculata,Spotted Water-hemlock,6,-5,G5T5,,N5,,S5,C,,C,X,X,X,C,X,C,C,C,C,C,FO,,N,,Apiaceae,6,-5,,,N,,,
129026,CICUVIR,,Cicuta virosa,Northern Water-hemlock,,-5,G5,,N5,,S4?,,,,,,,,,,,,,,FO,,N,,Apiaceae,0,-5,,,N,,,
22168,CINNARU,,Cinna arundinacea,Stout Woodreed,7,-3,G5,,N4,,S4,C,,C,X,X,X,U,X,C,U,C,C,R,GR,,N,,Poaceae,7,-3,,,N,,,
22170,CINNLAT,,Cinna latifolia,Drooping Woodreed,7,-3,G5,,N5,,S5,R,,R,R,R,R,U,X,U,U,R,R,R,GR,,N,,Poaceae,7,-3,,,N,,,
125002,CIRCALP,,Circaea alpina,Small Enchanter's Nightshade,6,-3,G5,,N5,,S5,C,,?,R,R,X,X,X,C,U,R,C,R,FO,,N,,Onagraceae,6,-3,,,N,,,
1008388,CIRCALA,,Circaea alpina ssp. alpina,Small Enchanter's Nightshade,6,-3,G5T5,,N5,,S5,C,,?,R,R,X,X,X,C,U,R,C,R,FO,,N,,Onagraceae,6,-3,,,N,,,
125006,CIRCCAN,,Circaea canadensis,Broad-leaved Enchanter's Nightshade,2,3,G5,,N5,,S5,C,,C,X,X,X,C,,C,C,C,C,C,FO,Sum,N,,Onagraceae,2,3,,,N,,,
1008384,CIRCCAC,,Circaea canadensis ssp. canadensis,Canada Enchanter's Nightshade,2,3,G5T5,,N5,,S5,C,,C,X,X,X,C,,C,C,C,C,C,FO,Sum,N,,Onagraceae,2,3,,,N,,,
1008381,CIRCX S,,Circaea x sterilis,(Circaea alpina ssp. alpina X Circaea canadensis ssp. canadensis),,,GNA,,NNA,,SNA,hyb,,,,,hyb,,,hyb,,,,,FO,,N,,Onagraceae,0,,,,N,,,
168336,CIRSDIS,,Cirsium discolor,Field Thistle,9,5,G5,,N3,,S3,R,,U,R,R,R,R,X,R,R,H,R,R,FO,Sum,N,,Asteraceae,9,5,,,Y,,,Y
168338,CIRSDRU,,Cirsium drummondii,Drummond's Thistle,,5,G5,,N5,,S1,,,,,,,,,,,,,,FO,,N,,Asteraceae,,5,,,Y,,,
168340,CIRSFLO,,Cirsium flodmanii,Flodman's Thistle,,3,G5,,N5,,S1,,,,,,,,,,,,,,FO,,N,,Asteraceae,,3,,,Y,,,Y
168344,CIRSMUT,,Cirsium muticum,Swamp Thistle,8,-5,G5,,N5,,S5,R,,R,R,R,X,X,X,C,C,R,R,R,FO,Sum,N,,Asteraceae,8,-5,,,N,,,
168346,CIRSPAL,,Cirsium palustre,Marsh Thistle,,-3,G5,,NNA,,SE2?,,,,,,,,,,,,,,FO,,I,,Asteraceae,0,-3,,,N,,,
168348,CIRSPIT,,Cirsium pitcheri,Pitcher's Thistle,10,5,G2G3,SC,N2,THR,S2,R,,,,R,,,,,,,,,FO,Sum,N,,Asteraceae,10,5,,,Y,HV,Mod,
1010925,CIRSPUM,,Cirsium pumilum,Pasture Thistle,10,5,G4G5,,NNR,,S3,,,,,,,,,,,,,,FO,Sum,N,,Asteraceae,10,5,,,Y,,,Y
168342,CIRSPUH,,Cirsium pumilum var. hillii,Hill's Thistle,10,5,G--T3,THR,N3,THR,S3,,,,,,,,,,,,,,FO,,N,,Asteraceae,10,5,,,Y,,,Y
168350,CIRSVUL,,Cirsium vulgare,Bull Thistle,,3,GNR,,NNA,,SE5,IC,,IC,IX,IX,IX,IC,IX,IC,IX,IC,IX,IC,FO,Sum,I,,Asteraceae,0,3,,,N,,,
1009783,CITRLAN,,Citrullus lanatus,Watermelon,,3,GNR,,NNA,,SE1,IR,,IR,,,,IR,,,,IR,,IR,VI,,I,,Cucurbitaceae,0,3,,,N,,,
1010928,CITRLAL,,Citrullus lanatus ssp. lanatus,Watermelon,,3,GNRTNR,,NNA,,SE1,IR,,IR,,,,IR,,,,IR,,IR,VI,,I,,Cucurbitaceae,0,3,,,N,,,
23506,CLADMAR,,Cladium mariscoides,Smooth Twig-rush,9,-5,G5,,N5,,S5,R,,H,R,X,R,R,X,U,,H,R,H,SE,,N,,Cyperaceae,9,-5,,,N,,,
83050,CLADKEN,,Cladrastis kentukea,Kentucky Yellow-wood,,,G4,,NNA,,SE1,,,,,,,,,,,,,,TR,,I,,Fabaceae,0,,,,N,,,
60000,CLAYCAR,,Claytonia caroliniana,Carolina Spring Beauty,7,3,G5,,N5,,S5,U,,,,R,R,,,,R,R,C,U,FO,Spr,N,,Portulacaceae,7,3,,,N,,,
60002,CLAYVIR,,Claytonia virginica,Eastern Spring Beauty,5,3,G5,,N5,,S5,C,,C,X,X,C,C,X,C,C,C,C,C,FO,Spr,N,,Portulacaceae,5,3,,,N,,,
6002,OSMUCLA,,Claytosmunda claytoniana,Interrupted Fern,7,0,G5,,N5,,S5,C,,U,X,R,X,C,X,C,C,U,C,R,FE,,N,,Osmundaceae,7,0,,,N,,,
64172,CLEMCAM,,Clematis campaniflora,Bellflower Clematis,,,GNR,,NNA,,SE1,,,,,,,,,,,,,,VI,,I,,Ranunculaceae,0,,,,N,,,
64218,CLEMINT,,Clematis integrifolia,Solitary Clematis,,,GNR,,NNA,,SE1,,,,,,,,,,,,,,VI,,I,,Ranunculaceae,0,,,,N,,,
64036,CLEMOCC,,Clematis occidentalis,Purple Clematis,8,5,G5,,N5,,S4,R,,,,,,,,,?,,U,H,VI,,N,,Ranunculaceae,8,5,,,N,,,
1004884,CLEMOCO,,Clematis occidentalis var. occidentalis,Purple Clematis,8,5,G5T5,,N4N5,,S4,R,,,,,,,,,?,,U,H,VI,,N,,Ranunculaceae,8,5,,,N,,,
64038,CLEMORI,,Clematis orientalis,Oriental Clematis,,,G4,,NNA,,SE1,IH,,,,,,,,,,IH,,,VI,,I,,Ranunculaceae,0,,,,N,,,
64040,CLEMREC,,Clematis recta,Upright Clematis,,,GNR,,NNA,,SE1,,,,,,,,,,,,,,VI,,I,,Ranunculaceae,0,,,,N,,,
1004513,CLEMTAN,,Clematis tangutica,Golden Clematis,,,GNR,,NNA,,SE1,,,,,,,,,,,,,,VI,,I,,Ranunculaceae,0,,,,N,,,
1010608,CLEMTAT,,Clematis tangutica var. tangutica,Golden Clematis,,,GNRTNR,,NNA,,SE1,,,,,,,,,,,,,,VI,,I,,Ranunculaceae,0,,,,N,,,
64042,CLEMTER,,Clematis terniflora,Sweet Autumn Clematis,,5,GNR,,NNA,,SE1,IR,,,,,,,,,IR,IH,,,VI,,I,,Ranunculaceae,0,5,,,N,,,
64176,CLEMVIO,,Clematis viorna,Leather-flower,,,G5,,NNA,,SEH,,,,,,,,,,,,,,VI,,I,,Ranunculaceae,0,,,,N,,,
64044,CLEMVIR,,Clematis virginiana,Virginia Clematis,3,0,G5,,N5,,S5,C,,R,X,X,C,C,X,C,C,U,C,C,VI,Sum,N,,Ranunculaceae,3,0,,,N,,,
64204,CLEMVIT,,Clematis vitalba,Evergreen Clematis,,3,GNR,,NNA,,SE1,,,,,,,,,,,,,,VI,,I,,Ranunculaceae,0,3,,,N,,,
64046,CLEMVII,,Clematis viticella,Italian Clematis,,,GNR,,NNA,,SE1,IH,,,,,,,,IH,,,,,VI,,I,,Ranunculaceae,0,,,,N,,,
1298282,CLEOORN,,Cleome ornithopodioides,Bird Spider-flower,,,GNR,,NNR,,SE1,,,,,,,,,,,,,,FO,,I,,Capparaceae,,,,,N,,,
151000,CLINACI,,Clinopodium acinos,Basil Thyme,,5,G5,,NNA,,SE5,IR,,,,IX,IX,,IX,,,,IX,IR,FO,,I,,Lamiaceae,0,5,,,N,,,
151024,CLINARK,,Clinopodium arkansanum,Low Calamint,10,-3,G5,,N4,,S4,R,,,,,,,,R,R,R,,,FO,Sum,N,,Lamiaceae,10,-3,,,N,,,
151026,CLINVUL,,Clinopodium vulgare,Wild Basil,4,5,G5,,N5,,S5,C,,U,X,X,X,X,X,C,C,C,C,C,FO,Sum,N,,Lamiaceae,4,5,,,N,,,
1268442,CLINVUV,,Clinopodium vulgare ssp. vulgare,Wild Basil,4,5,G5T5,,N5,,S5,C,,U,X,X,X,X,X,C,C,C,C,C,FO,,N,,Lamiaceae,4,5,,,N,,,
32030,CLINBOR,,Clintonia borealis,Yellow Clintonia,7,0,G5,,N5,,S5,U,,,R,R,X,R,X,C,U,H,C,R,FO,Sum,N,,Liliaceae,7,0,,,N,,,
73116,COCHGRO,,Cochlearia groenlandica,Greenland Scurvygrass,,-3,G5,,N5,,S1,,,,,,,,,,,,,,FO,,N,,Brassicaceae,,-3,,,Y,,,
39012,DACTVIR,,Coeloglossum viride,Frog Orchid,8,0,G5,,N5,,S4,R,,,,R,R,R,X,H,,H,,H,FO,,N,,Orchidaceae,8,0,,,N,,,
22470,COLERIG,,Coleataenia rigidula,Redtop Panicgrass,9,-3,G5?,,NNR,,S3,R,,,,R,R,R,,R,,,,,GR,,N,,Poaceae,9,-3,,,Y,,,Y
22472,COLERIR,,Coleataenia rigidula ssp. rigidula,Redtop Panicgrass,7,-3,G5?TNR,,NNR,,S3,R,,,,R,R,R,,R,,,,,GR,,N,,Poaceae,7,-3,,,Y,,,Y
153044,COLLPAR,,Collinsia parviflora,Small-flowered Blue-eyed Mary,10,5,G5,,N5,,S4,IR,,,,IR,,,,,,,,,FO,,N,,Scrophulariaceae,10,5,,,N,,,
153048,COLLVER,,Collinsia verna,Spring Blue-eyed Mary,10,3,G5,EXP,NX,EXP,SX,H,CZ,,,,H,H,H,,,,,,FO,,N,,Scrophulariaceae,10,3,,,Y,,,
151028,COLLCAN,,Collinsonia canadensis,Canada Horsebalm,8,0,G5,,N4,,S4,C,cz,C,X,R,X,X,X,C,C,C,C,R,FO,,N,,Lamiaceae,8,0,,,N,,,
147000,COLLLIN,,Collomia linearis,Narrow-leaved Collomia,,3,G5,,N5,,S4?,,,,,,,,,,,,,,FO,,N,,Polemoniaceae,0,3,,,N,,,
83052,COLUARB,,Colutea arborescens,Bladder Senna,,,GNR,,NNA,,SE1,IR,,,,,,,,,,IH,IR,,SH,,I,,Fabaceae,0,,,,N,,,
51000,COMAUMB,,Comandra umbellata,Bastard Toadflax,6,3,G5,,N5,,S5,U,,C,R,X,U,U,,U,U,U,C,R,FO,Spr,N,,Santalaceae,6,3,,,N,,,Y
1010587,COMAUMU,,Comandra umbellata ssp. umbellata,Bastard Toadflax,6,3,G5T5,,N5,,S5,U,,C,R,X,U,U,,U,U,U,C,R,FO,Spr,N,,Santalaceae,6,3,,,N,,,Y
82032,COMAPAL,,Comarum palustre,Marsh Cinquefoil,7,-5,G5,,N5,,S5,R,,H,R,R,R,R,X,U,R,R,R,R,FO,,N,,Rosaceae,7,-5,,,N,,,
143036,COMATEN,,Comastoma tenellum,Slender Gentian,,-3,G4G5,,N3,,SH,,,,,,,,,,,,,,FO,,N,,Gentianaceae,,-3,,,Y,,,
29000,COMMCOM,,Commelina communis,Asiatic Dayflower,,0,G5,,NNA,,SE3,IR,,IR,IX,IX,IR,IR,,IU,,IR,IX,IX,FO,,I,,Commelinaceae,0,0,,,N,,,
42000,COMPPER,,Comptonia peregrina,Sweet-fern,7,5,G5,,N5,,S5,R,,R,,H,R,R,X,R,,,,R,SH,,N,,Myricaceae,7,5,,,N,,,
129028,CONICHI,,Conioselinum chinense,Chinese Hemlock-parsley,10,-5,G5,,N5,,S2,R,,,,R,R,,,R,R,H,,,FO,,N,,Apiaceae,10,-5,,,Y,HV,Low,
129030,CONIMAC,,Conium maculatum,Poison-hemlock,,-3,G5,,NNA,,SE2?,IR,,IR,,IX,IX,IR,,,IX,IR,IR,IR,FO,Sum,I,,Apiaceae,0,-3,,,N,,,
168420,CONOCOE,,Conoclinium coelestinum,Blue Boneset,,0,G5,,NNA,,SEH,IH,,IH,IH,,,,,,,,,,FO,,I,,Asteraceae,0,0,,,N,,,
156000,CONOAME,,Conopholis americana,American Cancerroot,9,5,G5,,N4,,S4,R,,R,R,R,R,R,,R,R,U,R,R,FO,Sum,N,,Orobanchaceae,9,5,,,N,,,
73120,CONRORI,,Conringia orientalis,Hare's-ear Mustard,,5,GNR,,NNA,,SE2,IR,,,,IH,IR,,IH,IR,,IH,,IR,FO,,I,,Brassicaceae,0,5,,,N,,,
17068,CONVMAM,,Convallaria majalis var. majalis,European Lily-of-the-valley,,5,G--T5,,NNA,,SE5,IX,,IR,IX,IX,IR,IR,IX,IR,IX,IU,IX,IC,FO,,I,,Liliaceae,0,5,,,N,,,
146014,CONVARV,,Convolvulus arvensis,Field Bindweed,,5,GNR,,NNA,,SE5,IC,,IC,IX,IX,IX,IX,IX,IU,IX,IC,IC,IC,VI,Sum,I,,Convolvulaceae,0,5,,,N,,,
64100,COPTLAP,,Coptidium lapponicum,Lapland Buttercup,10,-5,G5,,N5,,S5?,,,,,,,,,,,,,,FO,,N,,Ranunculaceae,10,-5,,,N,MV,VH,
64108,COPTPAL,,Coptidium pallasii,Pallas' Buttercup,,-5,G4G5,,N4N5,,S2,,,,,,,,,,,,,,FO,,N,,Ranunculaceae,,-5,,,Y,,,
64050,COPTTRI,,Coptis trifolia,Goldthread,7,-3,G5,,N5,,S5,C,,H,,R,X,C,X,C,U,U,C,R,FO,Spr,N,,Ranunculaceae,7,-3,,,N,,,
39018,CORAMAC,,Corallorhiza maculata,Spotted Coralroot,7,3,G5,,N5,,S5,,,,,,,,,,,,,,FO,Sum,N,,Orchidaceae,7,3,,,N,,,
1004887,CORAMAM,,Corallorhiza maculata var. maculata,Spotted Coralroot,7,3,G5T5,,N5,,S5,R,,R,R,R,X,R,X,U,U,H,R,H,FO,Sum,N,,Orchidaceae,7,3,,,N,,,
1004891,CORAMAO,,Corallorhiza maculata var. occidentalis,Western Spotted Coralroot,7,3,G5T3T5,,N3N5,,S4?,,,,,,,,,,,,,,FO,,N,,Orchidaceae,7,3,,,N,,,
39014,CORAODO,,Corallorhiza odontorhiza,Autumn Coralroot,8,5,G5,,N2N3,,S2S3,R,cz,,R,R,,R,,R,,H,,,FO,,N,,Orchidaceae,8,5,,,Y,,,
1004894,CORAODD,,Corallorhiza odontorhiza var. odontorhiza,Autumn Coralroot,8,5,G5T5,,NU,,S2,,,,,,,,,,,,,,FO,,N,,Orchidaceae,8,5,,,Y,,,
1004897,CORAODP,,Corallorhiza odontorhiza var. pringlei,Pringle's Coralroot,8,5,G5T2T4,,NU,,S1S2,,,,,,,,,,,,,,FO,,N,,Orchidaceae,8,5,,,Y,,,
39016,CORASTR,,Corallorhiza striata,Striped Coralroot,7,3,G5,,N5,,S4,H,,,,,?,,H,,,,,H,FO,Sum,N,,Orchidaceae,7,3,,,N,,,
39164,CORASTS,,Corallorhiza striata var. striata,Striped Coralroot,7,3,G5T5,,N5,,S4,H,,,,,?,,H,,,,,H,FO,Sum,N,,Orchidaceae,7,3,,,N,,,
39020,CORATRI,,Corallorhiza trifida,Early Coralroot,7,-3,G5,,N5,,S5,R,,,,R,R,R,X,R,,H,R,H,FO,Spr,N,,Orchidaceae,7,-3,,,N,,,
168358,COREGRA,,Coreopsis grandiflora,Large-flowered Tickseed,,5,G5,,NNA,,SE3?,IR,,?,,,IR,IR,IX,IR,,IR,IR,IR,FO,,I,,Asteraceae,0,5,,,N,,,
168360,CORELAN,,Coreopsis lanceolata,Lance-leaved Tickseed,5,3,G5,,N4,,S4,IR,,?,IR,IR,?,?,,,IR,IR,IR,IR,FO,,N,,Asteraceae,5,3,,,N,,,
168362,CORETIN,,Coreopsis tinctoria,Golden Tickseed,,3,G5,,N5,,SE1,IR,,,IR,IH,,,,,,IH,,,FO,,I,,Asteraceae,0,3,,,N,,,
168364,CORETRI,,Coreopsis tripteris,Tall Tickseed,9,0,G5,,N1N2,,S1S2,R,CZ,U,,R,R,,,,,,,IR,FO,Sum,N,,Asteraceae,9,0,,,Y,,,Y
168366,COREVER,,Coreopsis verticillata,Whorled Tickseed,,,G5,,NNA,,SEH,IH,,,IH,,,,,IH,,,,,FO,,I,,Asteraceae,0,,,,N,,,
129032,CORISAT,,Coriandrum sativum,Coriander,,5,GNR,,NNA,,SEH,,,,,,,,,,,,,,FO,,I,,Apiaceae,0,5,,,N,,,
55104,CORIAME,,Corispermum americanum,American Bugseed,3,3,G5?,,N4?,,S3?,R,,,,H,,R,,H,,R,,,FO,,N,,Chenopodiaceae,3,3,,,Y,,,
1004900,CORIAMA,,Corispermum americanum var. americanum,American Bugseed,3,3,G5?T5?,,N4?,,S3?,R,,,,H,,R,,H,,R,,,FO,,N,,Chenopodiaceae,3,3,,,Y,,,
55102,CORIHOO,,Corispermum hookeri,Hooker's Bugseed,7,3,G4G5,,N4N5,,S2?,R,cz,,,R,,,,R,,R,,,FO,,N,,Chenopodiaceae,7,3,,,Y,,,
1004903,CORIHOH,,Corispermum hookeri var. hookeri,Hooker's Bugseed,7,3,G4G5T4T5,,N4N5,,S2?,R,cz,,,R,,,,R,,R,,,FO,,N,,Chenopodiaceae,7,3,,,Y,,,
55100,CORIPAL,,Corispermum pallasii,Pallas' Bugseed,3,5,G4?,,N4,,S2?,R,,,R,R,R,R,,R,,R,,,FO,,N,,Chenopodiaceae,3,5,,,Y,,,
55108,CORIVIL,,Corispermum villosum,Hairy Bugseed,3,5,G4?,,N4,,S2?,R,,,,R,H,H,,R,R,R,,,FO,,N,,Chenopodiaceae,3,5,,,Y,,,
130000,CORNALT,,Cornus alternifolia,Alternate-leaved Dogwood,6,3,G5,,N5,,S5,C,,R,R,X,X,X,X,C,C,C,C,C,SH,Sum,N,,Cornaceae,6,3,,,N,,,
130006,CORNCAN,,Cornus canadensis,Bunchberry,7,0,G5,,N5,,S5,U,,H,,R,X,X,X,C,C,H,U,R,SH,Sum,N,,Cornaceae,7,0,,,N,,,
130008,CORNDRU,,Cornus drummondii,Rough-leaved Dogwood,4,0,G5,,N4,,S4,U,CZ,C,R,,,U,,R,,R,,,SH,,N,,Cornaceae,4,0,,,N,,,
130010,CORNFLO,,Cornus florida,Eastern Flowering Dogwood,7,3,G5,END,N2?,END,S2?,U,CZ,C,R,R,X,X,,C,R,U,U,R,SH,,N,,Cornaceae,7,3,,,Y,MV,VH,
130004,CORNOBL,,Cornus obliqua,Silky Dogwood,2,-3,G5,,N5,,S5,C,,C,X,X,X,X,X,C,C,C,C,R,SH,,N,,Cornaceae,2,-3,,,N,,,
130012,CORNRAC,,Cornus racemosa,Grey Dogwood,2,0,G5,,N5,,S5,C,,C,X,X,X,X,X,U,C,C,C,C,SH,,N,,Cornaceae,2,0,,,N,,,
130014,CORNRUG,,Cornus rugosa,Round-leaved Dogwood,6,5,G5,,N5,,S5,C,,H,R,R,X,X,X,C,C,C,C,C,SH,,N,,Cornaceae,6,5,,,N,,,
130018,CORNSER,,Cornus sericea,Red-osier Dogwood,2,-3,G5,,N5,,S5,C,,C,X,X,C,C,X,C,C,U,C,C,SH,Spr,N,,Cornaceae,2,-3,,,N,,,
1256942,CORNX A,,Cornus x arnoldiana,(Cornus obliqua X Cornus racemosa),,,GNA,,NNA,,SNA,hyb,,,,,,,,,,,hyb,hyb,SH,,N,,Cornaceae,0,,,,N,,,
130020,CORNX S,,Cornus x slavinii,(Cornus rugosa X Cornus stolonifera),,,GNA,,NNA,,SNA,,,,,,,,,,,,,,SH,,N,,Cornaceae,,,,,N,,,
71502,CORYAUR,,Corydalis aurea,Golden Corydalis,7,5,G5,,N5,,S5,R,,,,R,,,,,,,R,H,FO,Sum,N,,Fumariaceae,7,5,,,N,,,
1004906,CORYAUA,,Corydalis aurea ssp. aurea,Golden Corydalis,7,5,G5T5,,N5,,S5,R,,,,R,,,,,,,R,H,FO,Sum,N,,Fumariaceae,7,5,,,N,,,
71506,CORYFLA,,Corydalis flavula,Yellow Corydalis,10,3,G5,,N1N2,,S1S2,R,CZ,R,,,,,,,,R,,,FO,Spr,N,,Fumariaceae,10,3,,,Y,,,
1257244,CORYNOB,,Corydalis nobilis,Siberian Corydalis,,,GNR,,NNA,,SE1,,,,,,,,,,,,,,FO,,I,,Fumariaceae,0,,,,N,,,
71504,CORYSOL,,Corydalis solida,Spring Corydalis,,5,GNR,,NNA,,SE1,IR,,,,,IR,IR,,,,,,,FO,,I,,Fumariaceae,0,5,,,N,,,
45042,CORYAME,,Corylus americana,American Hazelnut,5,3,G5,,N5,,S5,C,cz,C,X,X,C,C,X,C,C,R,R,R,SH,,N,,Betulaceae,5,3,,,N,,,
1009771,CORYAVE,,Corylus avellana,European Hazelnut,,3,GNR,,NNA,,SE1,,,,,,,,,,,,,,SH,,I,,Betulaceae,0,3,,,N,,,
45044,CORYCOR,,Corylus cornuta,Beaked Hazelnut,5,3,G5,,N5,,S5,U,,,R,R,X,X,X,U,R,R,C,U,SH,,N,,Betulaceae,5,3,,,N,,,
1004909,CORYCOC,,Corylus cornuta ssp. cornuta,Beaked Hazelnut,5,3,G5T5,,N5,,S5,U,,,R,R,X,X,X,U,R,R,C,U,SH,,N,,Betulaceae,5,3,,,N,,,
9408,THELSIM,,Coryphopteris simulata,Bog Fern,10,-3,G4G5,,N4,,S1,,,,,,,,,,,,,,FE,,N,,Thelypteridaceae,10,-3,,,Y,,,
168368,COSMBIP,,Cosmos bipinnatus,Garden Cosmos,,0,GNR,,NNA,,SE1,IR,,IR,,,,,,,,,IR,IR,FO,,I,,Asteraceae,0,0,,,N,,,
168068,COTATIN,,Cota tinctoria,Yellow Chamomile,,5,GNR,,NNA,,SE1,IR,,,,,IH,,,,,,,IR,FO,,I,,Asteraceae,0,5,,,N,,,
97000,COTICOG,,Cotinus coggygria,European Smoketree,,5,GNR,,NNA,,SE1,IR,,IR,,,,,,,,,IR,IR,SH,,I,,Anacardiaceae,0,5,,,N,,,
1008265,COTODIV,,Cotoneaster divaricatus,Spreading Cotoneaster,,5,GNR,,NNA,,SE1,IR,,,,,,,,,,IR,,IR,SH,,I,,Rosaceae,0,5,,,N,,,
1009714,COTOLUC,,Cotoneaster lucidus,Shiny Cotoneaster,,5,GNR,,NNA,,SE1,IR,,,,,,,,,,IR,,,SH,,I,,Rosaceae,0,5,,,N,,,
78000,CRASAQU,,Crassula aquatica,Water Pygmyweed,,-5,G5,,N4N5,,S2,,,,,,,,,,,,,,FO,,N,,Crassulaceae,,-5,,,Y,,,
82040,CRATBEA,,Crataegus beata,Dunbar's Hawthorn,4,5,G2G4,,N1,,S1,H,,,,,,,,H,,H,,,SH,,N,,Rosaceae,4,5,,,Y,,,
82042,CRATBRA,,Crataegus brainerdii,Brainerd's Hawthorn,4,5,G5,,N2,,S2,R,cz,R,R,,R,R,,R,,,R,,SH,,N,,Rosaceae,4,5,,,Y,,,
82044,CRATCAL,,Crataegus calpodendron,Pear Hawthorn,4,5,G5,,N4,,S4,U,cz,R,R,X,X,X,,C,,U,U,R,SH,,N,,Rosaceae,4,5,,,N,,,
82046,CRATCHR,,Crataegus chrysocarpa,Fireberry Hawthorn,4,5,G5,,N5,,S5,,,,,,,,,,,,,,SH,,N,,Rosaceae,4,5,,,P,,,
17089,CRATCHC,,Crataegus chrysocarpa var. chrysocarpa,Fireberry Hawthorn,4,5,G5TNR,,NNR,,S5,R,,R,,X,X,?,,U,X,R,U,R,SH,,N,,Rosaceae,4,5,,,N,,,
1010964,CRATCHP,,Crataegus chrysocarpa var. phoeniceoides,Glabrous-fruited Fireberry Hawthorn,4,5,G5TNR,,NNR,,S1S2,R,,,,,,,,,,,,R,SH,,N,,Rosaceae,4,5,,,Y,,,
1010971,CRATCHS,,Crataegus chrysocarpa var. subrotundifolia,A Fireberry Hawthorn,4,5,G5TNR,,NNR,,SU,,,,,,,,,,,,,,SH,,N,,Rosaceae,4,5,,,N,,,
1010967,CRATCHV,,Crataegus chrysocarpa var. vigintistamina,Twenty-stamen Hawthorn,4,5,G5TNR,,NU,,SU,,,,,,,,,,,,,,SH,,N,,Rosaceae,4,5,,,N,,,
17921,CRATCOC,,Crataegus coccinea,Scarlet Hawthorn,4,5,G5,,N5,,S5,,,,,,,,,,,,,,SH,,N,,Rosaceae,4,5,,,P,,,
1008441,CRATCOO,,Crataegus coccinea var. coccinea,Scarlet Hawthorn,4,5,G--T5,,N4,,S4,U,cz,R,,R,R,C,,U,,R,R,X,SH,,N,,Rosaceae,4,5,,,N,,,
82080,CRATCOF,,Crataegus coccinea var. fulleriana,Fuller's Hawthorn,4,5,G--T3T5Q,,N2?,,S2?,R,cz,R,,,,R,,R,,H,R,R,SH,,N,,Rosaceae,4,5,,,Y,,,
82116,CRATCOP,,Crataegus coccinea var. pringlei,Pringle's Hawthorn,4,5,G--T5,,N5,,S5,U,cz,R,R,R,X,X,,C,,R,U,R,SH,,N,,Rosaceae,4,5,,,N,,,
82058,CRATCOI,,Crataegus coccinioides,Kansas Hawthorn,7,5,GNR,,N2,,S2,R,CZ,,,R,,,,,,R,,R,SH,,N,,Rosaceae,7,5,,,Y,,,
1008456,CRATCOG,,Crataegus cognata,Cognate Hawthorn,4,5,GNR,,NU,,S4S5,X,,X,X,,X,X,,,,R,,,SH,,N,,Rosaceae,4,5,,,N,,,
82048,CRATCOM,,Crataegus compacta,Clustered Hawthorn,4,5,G5,,N4,,S4,R,CZ,,R,R,X,R,,R,X,,R,,SH,,N,,Rosaceae,4,5,,,N,,,
82056,CRATCRU,,Crataegus crus-galli,Cockspur Hawthorn,4,0,G5,,N5,,S4,U,cz,C,X,X,R,X,X,U,,C,C,R,SH,,N,,Rosaceae,4,0,,,N,,,
1010226,CRATCRC,,Crataegus crus-galli var. crus-galli,Cockspur Hawthorn,4,0,G5T5,,N4,,S4,U,cz,C,X,X,R,X,X,U,,C,C,R,SH,,N,,Rosaceae,4,0,,,N,,,
82064,CRATDOD,,Crataegus dodgei,Dodge's Hawthorn,4,5,G4,,N4,,S4,U,cz,,,?,U,U,,R,X,H,U,H,SH,,N,,Rosaceae,4,5,,,N,,,
82070,CRATDOU,,Crataegus douglasii,Douglas' Hawthorn,7,0,G5,,N4N5,,S4?,,,,,,,,,,,,,,SH,,N,,Rosaceae,7,0,,,N,,,
82072,CRATFLA,,Crataegus flabellata,Fan-leaved Hawthorn,4,5,G4G5,,N4N5,,S4,R,,,,,R,,X,,,,,R,SH,,N,,Rosaceae,4,5,,,N,,,
1008444,CRATFLO,,Crataegus florifera,Woodland Hawthorn,,,G3?,,NU,,S2S3,R,,,,,R,,,,,,,,SH,,N,,Rosaceae,,,,,Y,,,
82036,CRATFLU,,Crataegus fluviatilis,Fort Sheridan Hawthorn,4,5,G3G4Q,,N2,,S2,R,,,,,R,,,,,,,H,SH,,N,,Rosaceae,4,5,,,Y,,,
82078,CRATFOR,,Crataegus formosa,Beautiful Hawthorn,4,5,G2G3,,N2?,,S2?,R,,,,,,,,,,R,R,,SH,,N,,Rosaceae,4,5,,,Y,,,
82086,CRATHOL,,Crataegus holmesiana,Holmes' Hawthorn,4,5,G5,,N4N5,,S4S5,U,cz,R,R,R,X,X,,R,,R,U,U,SH,,N,,Rosaceae,4,5,,,N,,,
82076,CRATINT,,Crataegus intricata,Copenhagen Hawthorn,4,5,G5,,NH,,SH,H,cz,,,,,,,H,,H,,H,SH,,N,,Rosaceae,4,5,,,Y,,,
82090,CRATIRR,,Crataegus irrasa,Unshorn Hawthorn,4,5,G4?,,NNR,,S4?,,,,,,,,,,,,,,SH,,N,,Rosaceae,4,5,,,N,,,
1010975,CRATJES,,Crataegus jesupii,Jesup's Hawthorn,,5,G4G5,,NU,,SU,,,,,,,,,,,,,,SH,,N,,Rosaceae,,5,,,N,,,
82094,CRATLUM,,Crataegus lumaria,Round-leaved Hawthorn,4,5,G3G4,,N2,,S2,R,,,,,R,R,,,,,,,SH,,N,,Rosaceae,4,5,,,Y,,,
82440,CRATMAC,,Crataegus macracantha,Large-thorned Hawthorn,4,5,G5,,N5,,S5,R,,,,,X,X,,R,,U,U,R,SH,,N,,Rosaceae,4,5,,,N,,,
82096,CRATMAR,,Crataegus macrosperma,Big-fruited Hawthorn,4,5,G5,,N5,,S5,C,,R,R,R,X,X,X,C,X,U,C,R,SH,,N,,Rosaceae,4,5,,,N,,,
82054,CRATMAG,,Crataegus magniflora,Shining-branch Hawthorn,4,5,G3G5,,N3,,S3,R,cz,,,,R,R,,,,,R,R,SH,,N,,Rosaceae,4,5,,,Y,,,
82098,CRATMAA,,Crataegus margarettae,Margarett's Hawthorn,4,5,G5?,,N1,,S1,R,CZ,,R,,R,,,R,,,,,SH,,N,,Rosaceae,4,5,,,Y,,,
1010232,CRATMAN,,Crataegus margarettae var. angustifolia,Narrow-leaved Margarett's Hawthorn,4,5,G5?TNR,,NNR,,S1,,,,,,,,,,,,,,SH,,N,,Rosaceae,4,5,,,Y,,,
1010229,CRATMAM,,Crataegus margarettae var. margarettae,Margarett's Hawthorn,4,5,G5?TNR,,NNR,,S1,,,,,,,,,,,,,,SH,,N,,Rosaceae,4,5,,,Y,,,
82100,CRATMOL,,Crataegus mollis,Downy Hawthorn,4,0,G5,,NNR,,S4S5,,,,,,,,,,,,,,SH,,N,,Rosaceae,4,0,,,N,,,
1010239,CRATMOI,,Crataegus mollis var. incisifolia,Incised-leaved Downy Hawthorn,4,0,G5TNR,,NNR,,SU,,,,,,,,,,,,,,SH,,N,,Rosaceae,4,0,,,N,,,
1010235,CRATMOM,,Crataegus mollis var. mollis,Downy Hawthorn,4,0,G5T5,,N4N5,,S4S5,C,cz,C,X,X,X,X,X,,,C,U,,SH,,N,,Rosaceae,4,0,,,N,,,
1010242,CRATMOO,,Crataegus monogyna var. monogyna,English Hawthorn,,3,G5TNR,,NNA,,SE4,IU,,IR,IR,IX,IX,IX,IX,IC,IX,IC,IX,IC,SH,,I,,Rosaceae,0,3,,,N,,,
1011083,CRATNIT,,Crataegus nitidula,Ontario Hawthorn,4,5,G1G3Q,,NH,,SH,H,,,,H,,,,,,,,,SH,,N,,Rosaceae,4,5,,,Y,,,
205811,CRATPEN,,Crataegus pennsylvanica,Pennsylvania Hawthorn,4,5,G3,,NU,,S1S2,R,,,,,,,,R,R,R,,,SH,,N,,Rosaceae,4,5,,,Y,,,
82112,CRATPER,,Crataegus perjucunda,Middlesex Frosted Hawthorn,4,5,G1?,,N1?,,S1?,R,CZ,,,,R,,,,,,,,SH,,N,,Rosaceae,4,5,,,Y,,,
82114,CRATPES,,Crataegus persimilis,Plum-leaved Hawthorn,4,5,G5?,,N1,,S1,R,CZ,R,,,,,,,,,,,SH,,N,,Rosaceae,4,5,,,Y,,,
1008453,CRATPHA,,Crataegus phaenopyrum,Washington Hawthorn,,0,G4?,,NNA,,SE1,IR,,,,,,,,,,IR,,,SH,,I,,Rosaceae,0,0,,,N,,,
205812,CRATPOP,,Crataegus populnea,Poplar-like Hawthorn,4,5,G5?,,N4,,S4,R,CZ,R,,,,,,R,,R,R,H,SH,,N,,Rosaceae,4,5,,,N,,,
1257083,CRATPRO,,Crataegus prona,Illinois Hawthorn,4,5,G4G5,,NU,,SU,,,,,,,,,,,,,,SH,,N,,Rosaceae,4,5,,,N,,,
82118,CRATPRU,,Crataegus pruinosa,Frosted Hawthorn,4,5,G5,,N5,,S5,,,,,,,,,,,,,,SH,,N,,Rosaceae,4,5,,,P,,,
82062,CRATPRD,,Crataegus pruinosa var. dissona,Different Hawthorn,4,5,G--T4T5,,N3,,S3,R,cz,R,,R,R,R,,,X,H,R,,SH,,N,,Rosaceae,4,5,,,Y,,,
201322,CRATPRP,,Crataegus pruinosa var. parvula,Small-leaved Frosted Hawthorn,4,5,G5TNR,,N4?,,S4?,R,,,,R,,R,,,,R,,,SH,,N,,Rosaceae,4,5,,,N,,,
82470,CRATPRR,,Crataegus pruinosa var. pruinosa,Frosted Hawthorn,4,5,G5T5,,N4N5,,S4S5,U,cz,U,X,R,X,X,,C,,U,U,R,SH,,N,,Rosaceae,4,5,,,N,,,
82122,CRATPRG,,Crataegus pruinosa var. rugosa,Broad-leaved Frosted Hawthorn,4,5,G5TNR,,NNR,,S4?,R,,R,,R,,,,,,,,,SH,,N,,Rosaceae,4,5,,,N,,,
1008459,CRATPRV,,Crataegus pruinosa var. virella,Greenish Frosted Hawthorn,4,5,G5TNR,,NNR,,SU,,,,,,,,,,,,,,SH,,N,,Rosaceae,4,5,,,N,,,
82120,CRATPUN,,Crataegus punctata,Dotted Hawthorn,4,5,G5,,N5,,S5,C,,C,X,X,C,C,X,C,X,C,C,C,SH,,N,,Rosaceae,4,5,,,N,,,
82124,CRATSCA,,Crataegus scabrida,Rough Hawthorn,4,5,G5?,,N4,,S3,R,,,,,R,,,U,,R,R,,SH,,N,,Rosaceae,4,5,,,Y,,,
82464,CRATSCS,,Crataegus scabrida var. asperifolia,Rough-leaved Hawthorn,4,5,G5?TNR,,N1N2,,S1S2,R,,,,,R,,,U,,R,R,,SH,,N,,Rosaceae,4,5,,,Y,,,
1008462,CRATSCC,,Crataegus scabrida var. cyclophylla,Rough Hawthorn,4,5,G5?TNR,,N1N3,,S1S3,,,,,,,,,,,,,,SH,,N,,Rosaceae,4,5,,,Y,,,
82450,CRATSCB,,Crataegus scabrida var. scabrida,Rough Hawthorn,4,5,G5?TNR,,N3?,,S3,,,,,,,,,,,,,,SH,,N,,Rosaceae,4,5,,,Y,,,
82126,CRATSCH,,Crataegus schuettei,Schuette's Hawthorn,4,5,G5?,,N4,,S4,R,,R,,R,X,X,,R,,,R,R,SH,,N,,Rosaceae,4,5,,,N,,,
82458,CRATSCU,,Crataegus schuettei var. schuettei,Schuette's Hawthorn,4,5,G5?T5?,,N4,,S4,R,,R,,R,X,X,,R,,,R,R,SH,,N,,Rosaceae,4,5,,,N,,,
1008465,CRATSTO,,Crataegus stolonifera,Stoloniferous Hawthorn,4,5,GNR,,NU,,SU,,,,,,,,,,,,,,SH,,N,,Rosaceae,4,5,,,N,,,
82128,CRATSUB,,Crataegus submollis,Quebec Hawthorn,4,5,G5,,NNR,,S5,R,,,,?,,,,,,R,,R,SH,,N,,Rosaceae,4,5,,,N,,,
82130,CRATSUO,,Crataegus suborbiculata,Caughnawaga hawthorn,4,5,G3?,,N2N3,,S2,R,,,R,,R,R,,,,,,,SH,,N,,Rosaceae,4,5,,,Y,,,
82132,CRATSUC,,Crataegus succulenta,Fleshy Hawthorn,4,5,G5,,N5,,S5,,,,,,,,,,,,,,SH,,N,,Rosaceae,4,5,,,N,,,
1010248,CRATSUM,,Crataegus succulenta var. michiganensis,Michigan Hawthorn,4,5,G5TNR,,NNR,,SU,,,,,,,,,,,,,,SH,,N,,Rosaceae,4,5,,,N,,,
1010245,CRATSUS,,Crataegus succulenta var. succulenta,Fleshy Hawthorn,4,5,G5T5,,N5,,S5,C,,R,R,R,X,X,X,C,X,U,C,R,SH,,N,,Rosaceae,4,5,,,N,,,
1010961,CRATX K,,Crataegus x kingstonensis,(Crataegus pruinosa X Crataegus series Anomalae),,,GNA,,NNA,,SNA,,,,,,,,,,,,,,SH,,N,,Rosaceae,0,,,,N,,,
1257086,CRATX L,,Crataegus x lucorum,(Crataegus series Coccineae X Crataegus series Tenuifoliae),,,G4?,,NNA,,SNA,,,,,,,,,,,,,,SH,,N,,Rosaceae,0,,,,N,,,
1010847,CRATX N,,Crataegus x ninae-celottiae,(Crataegus monogyna X Crataegus punctata),,,GNA,,NNA,,SNA,hyb,,hyb,,hyb,,hyb,,,,,,hyb,SH,,N,,Rosaceae,0,,,,N,,,
168370,CREPCAP,,Crepis capillaris,Smooth Hawksbeard,,5,GNR,,NNA,,SE1,IR,,IR,,,IX,,IX,,,IR,IH,,FO,,I,,Asteraceae,0,5,,,N,,,
168372,CREPPUL,,Crepis pulchra,Small-flowered Hawksbeard,,5,GNR,,NNA,,SEH,IH,,,,,,,,,,IH,IH,,FO,,I,,Asteraceae,0,5,,,N,,,
1268575,CREPSET,,Crepis setosa,Bristly Hawksbeard,,,GNR,,NNA,,SEH,,,,,,,,,,,,,,FO,,I,,Asteraceae,,,,,N,,,
168374,CREPTEC,,Crepis tectorum,Narrow-leaved Hawksbeard,,5,GNR,,NNA,,SE5,IX,,IR,IX,IX,IX,IX,IX,IC,IX,IR,IX,IR,FO,,I,,Asteraceae,0,5,,,N,,,
114000,CROCBIC,,Crocanthemum bicknellii,Hoary Frostweed,9,5,G5,,N3,,S3,R,cz,R,R,R,R,,,U,,,,R,FO,,N,,Cistaceae,9,5,,,Y,,,Y
114002,CROCCAN,,Crocanthemum canadense,Long-branched Frostweed,9,5,G5,,N3,,S3,R,cz,R,R,R,R,?,,U,R,H,H,R,FO,,N,,Cistaceae,9,5,,,Y,,,Y
36028,CROCVER,,Crocus vernus,Spring Crocus,,,GNR,,NNA,,SE1,IR,,,,,,,,,,,,IR,FO,Spr,I,,Iridaceae,0,,,,N,,,
92018,CROTCAP,,Croton capitatus,Woolly Croton,,5,G5,,NNA,,SEH,IH,,,,,,,,,,IH,,,FO,,I,,Euphorbiaceae,0,5,,,N,,,
9202,CRYPACR,,Cryptogramma acrostichoides,American Parsley Fern,10,5,G5,,N5,,S2S3,,,,,,,,,,,,,,FE,,N,,Pteridaceae,10,5,,,Y,,,
9204,CRYPSTE,,Cryptogramma stelleri,Steller's Rockbrake,10,3,G5,,N5,,S4,R,,,,,,,,,,H,R,,FE,,N,,Pteridaceae,10,3,,,N,,,
129034,CRYPCAN,,Cryptotaenia canadensis,Canada Honewort,5,0,G5,,N5,,S5,C,,C,X,X,X,C,X,C,C,U,C,U,FO,Sum,N,,Apiaceae,5,0,,,N,,,
166002,CUCUMEL,,Cucumis melo,Cantaloupe,,5,GNR,,NNA,,SE1,IR,,,,,,,,,,,,IR,VI,,I,,Cucurbitaceae,0,5,,,N,,,
1011098,CUCUMEA,,Cucumis melo ssp. agrestis,Gulf Coast Melon,,5,GNRTNR,,NNA,,SE1,,,,,,,,,,,,,,VI,,I,,Cucurbitaceae,0,5,,,N,,,
1010590,CUCUMEM,,Cucumis melo ssp. melo,Cantaloupe,,5,GNRTNR,,NNA,,SE1,,,,,,,,,,,,,,VI,,I,,Cucurbitaceae,0,5,,,N,,,
166004,CUCUSAT,,Cucumis sativus,Garden Cucumber,,5,GNR,,NNA,,SE1,IR,,,,,,,,,,,,IR,VI,,I,,Cucurbitaceae,0,5,,,N,,,
1010593,CUCUSAS,,Cucumis sativus var. sativus,Garden Cucumber,,5,G--TNR,,NNA,,SE1,IR,,,,,,,,,,,,IR,VI,,I,,Cucurbitaceae,0,5,,,N,,,
166006,CUCUPEP,,Cucurbita pepo,Field Pumpkin,,5,G4G5,,NNA,,SE1,IR,,,,,,,,,,IH,IR,IR,VI,,I,,Cucurbitaceae,0,5,,,N,,,
1010596,CUCUPEE,,Cucurbita pepo ssp. pepo,Field Pumpkin,,5,G4G5TNR,,NNA,,SE1,IR,,,,,,,,,,IH,IR,IR,VI,,I,,Cucurbitaceae,0,5,,,N,,,
121002,CUPHVIS,,Cuphea viscosissima,Blue Waxweed,,3,G5?,,NNA,,SEH,IH,,,,,,,,,,IH,IH,,FO,,I,,Lythraceae,0,3,,,N,,,
17302,CUSCCAM,,Cuscuta campestris,Field Dodder,5,0,G5,,N4,,S2,R,cz,R,,IR,H,R,,H,,R,,IX,VI,,N,,Cuscutaceae,5,0,,,Y,,,
146502,CUSCCEP,,Cuscuta cephalanthi,Buttonbush Dodder,8,5,G5,,N2N3,,S2,R,cz,R,,R,,,,R,,,,,VI,,N,,Cuscutaceae,8,5,,,Y,MV,VH,
146506,CUSCCOR,,Cuscuta coryli,Hazel Dodder,9,5,G5?,,N1N2,,S1,R,CZ,R,,R,,,,,,,,,VI,,N,,Cuscutaceae,9,5,,,Y,,,Y
146508,CUSCEPI,,Cuscuta epithymum,Clover Dodder,,5,GNR,,NNA,,SEH,IH,,,,?,IH,,,,,,,,VI,,I,,Cuscutaceae,0,5,,,N,,,
1256789,CUSCEPE,,Cuscuta epithymum var. epithymum,Clover Dodder,,5,GNRTNR,,NNA,,SEH,IH,,,,?,IH,,,,,,,,FO,,I,,Cuscutaceae,0,5,,,N,,,
146510,CUSCGRO,,Cuscuta gronovii,Swamp Dodder,4,-3,G5,,N5,,S5,,,,,,,,,,,,,,FO,,N,,Cuscutaceae,4,-3,,,N,,,
1010599,CUSCGRG,,Cuscuta gronovii var. gronovii,Swamp Dodder,4,-3,G5T5,,N5?,,S5?,C,,U,X,X,C,C,X,C,C,C,C,U,VI,,N,,Cuscutaceae,4,-3,,,N,,,
1010602,CUSCGRL,,Cuscuta gronovii var. latiflora,Large-flowered Dodder,4,-3,G5T5?Q,,NNR,,S4?,,,,,,,,,,,,,,FO,,N,,Cuscutaceae,4,-3,,,N,,,
146514,CUSCPOL,,Cuscuta polygonorum,Smartweed Dodder,7,0,G5,,N1,,S1,R,,H,,,,,,,,R,,,VI,,N,,Cuscutaceae,7,0,,,Y,,,
1005325,CUSCUMB,,Cuscuta umbrosa,Large-fruited Dodder,,0,G5,,N4,,SH,,,,,,,,,,,,,,FO,,N,,Cuscutaceae,,0,,,Y,,,
168554,CYCLXAN,,Cyclachaena xanthiifolia,False Ragweed,,0,G5,,N4,,SE1,IR,,,IH,IH,,,,,,,IR,IR,FO,,I,,Asteraceae,0,0,,,N,,,
55070,CYCLATR,,Cycloloma atriplicifolium,Winged Pigweed,1,3,G5,,N4,,S4,R,,R,R,X,R,R,,U,,R,IR,IX,FO,,N,,Chenopodiaceae,1,3,,,N,,,
82136,CYDOOBL,,Cydonia oblonga,Common Quince,,,GNR,,NNA,,SE1,IR,,IR,,,,,,,,IH,,,SH,,I,,Rosaceae,0,,,,N,,,
153050,CYMBMUR,,Cymbalaria muralis,Ivy-leaved Toadflax,,5,GNR,,NNA,,SE1,IR,,,,,,IR,,IR,,IR,,IR,FO,,I,,Scrophulariaceae,0,5,,,N,,,
1010835,CYMBMUM,,Cymbalaria muralis ssp. muralis,Ivy-leaved Toadflax,,5,GNRTNR,,NNA,,SE1,IR,,,,,,IR,,IR,,IR,,IR,FO,,I,,Scrophulariaceae,0,5,,,N,,,
145028,CYNALAE,,Cynanchum laeve,Smooth Swallowwort,,0,G5,,NNA,,SEH,IH,,IH,,,,,,,,,,,VI,,I,,Apocynaceae,0,0,,,N,,,
1004912,CYNODAC,,Cynodon dactylon,Bermuda Grass,,3,GNR,,NNA,,SE1,IR,,IR,,,,,,,,,,IR,GR,,I,,Poaceae,0,3,,,N,,,
1010605,CYNODAD,,Cynodon dactylon var. dactylon,Bermuda Grass,,3,GNRTNR,,NNA,,SE1,IR,,IR,,,,,,,,,,IR,GR,,I,,Poaceae,0,3,,,N,,,
149010,CYNOOFF,,Cynoglossum officinale,Common Hound's-tongue,,5,GNR,,NNA,,SE5,IU,,IR,IX,IX,IX,IX,IX,IU,,IR,IX,IC,FO,Spr,I,,Boraginaceae,0,5,,,N,,,
22174,CYNOCRI,,Cynosurus cristatus,Crested Dogtail Grass,,0,GNR,,NNA,,SE1,IR,,,,,IR,,,,,IH,,IR,GR,,I,,Poaceae,0,0,,,N,,,
23508,CYPEBIP,,Cyperus bipartitus,Shining Flatsedge,4,-3,G5,,N5,,S5,U,,U,X,X,U,U,X,C,X,U,R,R,SE,,N,,Cyperaceae,4,-3,,,N,,,
23510,CYPEDEN,,Cyperus dentatus,Toothed Flatsedge,9,-5,G4,,N4,,S1,,,,,,,,,,,,,,SE,,N,,Cyperaceae,9,-5,,,Y,,,
23512,CYPEDIA,,Cyperus diandrus,Low Umbrella Flatsedge,6,-5,G5,,N4,,S4,R,,R,R,R,H,,,R,,R,R,H,SE,,N,,Cyperaceae,6,-5,,,N,,,
1008272,CYPEENG,,Cyperus engelmannii,Engelmann's Flatsedge,4,-5,G4Q,,NNR,,S4,U,,C,X,X,R,R,,U,X,U,R,R,SE,,N,,Cyperaceae,4,-5,,,N,,,
23516,CYPEERY,,Cyperus erythrorhizos,Red-rooted Flatsedge,6,-5,G5,,N4,,S4,U,,C,R,R,R,R,X,U,,U,R,R,SE,,N,,Cyperaceae,6,-5,,,N,,,
23518,CYPEESC,,Cyperus esculentus,Perennial Yellow Flatsedge,1,-3,G5,,N5,,S5,C,,C,X,X,C,C,X,U,U,U,C,R,SE,,N,,Cyperaceae,1,-3,,,N,,,
1008227,CYPEESL,,Cyperus esculentus var. leptostachyus,Perennial Yellow Flatsedge,1,-3,G5T5,,N5,,S5,C,,C,X,X,C,C,X,U,U,U,C,R,SE,,N,,Cyperaceae,1,-3,,,N,,,
23520,CYPEFLA,,Cyperus flavescens,Annual Yellow Flatsedge,8,-5,G5,,N2,,S2,R,CZ,,R,R,,R,,U,,,,,SE,,N,,Cyperaceae,8,-5,,,Y,,,Y
23522,CYPEFUS,,Cyperus fuscus,Brown Flatsedge,,0,GNR,,NNA,,SE2,IR,,,,,,,,IR,IR,IU,,IR,SE,,I,,Cyperaceae,0,0,override,Suppl. CW value matches more closely with values from US Wetland Plant List and Michigan Flora,N,,,
23524,CYPEHOU,,Cyperus houghtonii,Houghton's Flatsedge,8,5,G4?,,N3,,S3,R,,H,,?,,,,H,,,,,SE,,N,,Cyperaceae,8,5,,,Y,,,
23526,CYPELUP,,Cyperus lupulinus,Hop Flatsedge,7,3,G5,,N4,,S4,,,,,,,,,,,,,,SE,,N,,Cyperaceae,7,3,,,N,,,Y
23528,CYPELUL,,Cyperus lupulinus ssp. lupulinus,Hop Flatsedge,7,3,G5T5?,,NU,,SU,,,,,,,,,,,,,,SE,,N,,Cyperaceae,7,3,,,N,,,
23530,CYPELUM,,Cyperus lupulinus ssp. macilentus,Slender Flatsedge,7,3,G5T5?,,N4,,S4,R,,R,R,X,R,R,X,C,X,H,R,R,SE,,N,,Cyperaceae,7,3,,,N,,,Y
17091,CYPEODO,,Cyperus odoratus,Rusty Flatsedge,4,-5,GNR,,NNR,,S4,U,,C,X,X,R,R,,U,X,U,R,R,SE,,N,,Cyperaceae,4,-5,,,N,,,
23534,CYPESCH,,Cyperus schweinitzii,Schweinitz's Flatsedge,9,3,G5,,N3N4,,S3,R,,R,R,R,,R,,H,,R,R,R,SE,,N,,Cyperaceae,9,3,,,Y,,,
23536,CYPESQU,,Cyperus squarrosus,Awned Flatsedge,10,-5,G5,,N4N5,,S4,R,,R,,,R,,,,,,,,SE,,N,,Cyperaceae,10,-5,override,Suppl. CW value matches more closely with values from US Wetland Plant List and Michigan Flora,N,,,
23538,CYPESTR,,Cyperus strigosus,Straw-coloured Flatsedge,5,-3,G5,,N5,,S5,C,,C,X,X,R,U,X,C,R,U,U,R,SE,,N,,Cyperaceae,5,-3,,,N,,,
23630,LIPOMIC,,Cyperus subsquarrosus,Small-flowered Lipocarpha,10,-5,G5,END,N2N3,THR,S2?,H,,H,,,,,,,,,,,SE,,N,,Cyperaceae,10,-5,,,Y,,,
1010611,CYPEX M,,Cyperus x mesochorus,(Cyperus lupulinus ssp. macilentus X Cyperus schweinitzii),,,GNA,,NNA,,SNA,hyb,,hyb,,,,hyb,,,,,,,SE,,N,,Cyperaceae,0,,,,N,,,
39022,CYPRACA,,Cypripedium acaule,Pink Lady's-slipper,7,-3,G5,,N5,,S5,R,,H,,R,R,R,X,U,R,H,R,,FO,Sum,N,,Orchidaceae,7,-3,,,N,,,
39024,CYPRARI,,Cypripedium arietinum,Ram's-head Lady's-slipper,10,-3,G3,,N3,,S3,R,,,,R,H,,R,H,R,,,H,FO,Spr,N,,Orchidaceae,10,-3,,,Y,MV,VH,
39026,CYPRCAN,,Cypripedium candidum,Small White Lady's-slipper,10,-5,G4,THR,N1,END,S1,R,cz,,H,R,,,,H,,,,,FO,Spr-Sum,N,,Orchidaceae,10,-5,,,Y,HV,High,Y
220546,CYPRPAR,,Cypripedium parviflorum,Yellow Lady's-slipper,5,0,G5,,N5,,S5,,,,,,,,,,,,,,FO,Sum,N,,Orchidaceae,5,0,,,N,,,
39188,CYPRPAM,,Cypripedium parviflorum var. makasin,Northern Yellow Lady's-slipper,5,0,G5T4T5,,N4N5,,S4S5,U,,R,R,X,X,U,X,C,U,R,C,R,FO,Spr,N,,Orchidaceae,5,0,,,N,,,
39032,CYPRPAP,,Cypripedium parviflorum var. pubescens,Large Yellow Lady's-slipper,5,0,G5T5,,N5,,S5,R,,R,R,R,X,U,X,R,R,R,R,R,FO,Sum,N,,Orchidaceae,5,0,,,N,,,
39158,CYPRPAS,,Cypripedium passerinum,Sparrow's-egg Lady's-slipper,,0,G5,,N5,,S4,,,,,,,,,,,,,,FO,,N,,Orchidaceae,0,0,,,N,MV,VH,
39034,CYPRREG,,Cypripedium reginae,Showy Lady's-slipper,9,-3,G4G5,,N4N5,,S4,R,,R,,R,R,R,X,U,R,R,R,R,FO,Sum,N,,Orchidaceae,9,-3,,,N,,,
39036,CYPRX A,,Cypripedium x andrewsii,(Cypripedium candidum X Cypripedium parviflorum),,-3,GNA,,NNA,,SNA,hyb,,,,hyb,,,,hyb,,,,,FO,Spr-Sum,N,,Orchidaceae,,-3,,,N,,,
9304,CYSTBUL,,Cystopteris bulbifera,Bulblet Bladder Fern,5,-3,G5,,N5,,S5,C,,H,,R,X,U,X,C,C,U,C,R,FE,,N,,Dryopteridaceae,5,-3,,,N,,,
9306,CYSTFRA,,Cystopteris fragilis,Fragile Fern,7,3,G5,,N5,,S4,,,,,,,,,,,,,,FE,,N,,Dryopteridaceae,7,3,,,N,,,
9308,CYSTLAU,,Cystopteris laurentiana,Laurentian Bladder Fern,8,5,G3,,N3,,S3,,,,,,,,,,,,,,FE,,N,,Dryopteridaceae,8,5,,,Y,LV,VH,
9310,CYSTMON,,Cystopteris montana,Mountain Bladder Fern,,0,G5,,N5,,S1,,,,,,,,,,,,,,FE,,N,,Dryopteridaceae,,0,,,Y,MV,Mod,
9312,CYSTPRO,,Cystopteris protrusa,Lowland Bladder Fern,9,3,G5,,N2N3,,S2S3,R,CZ,R,,R,R,R,,R,R,R,R,,FE,,N,,Dryopteridaceae,9,3,,,Y,,,
9314,CYSTTEN,,Cystopteris tenuis,Mackay's Brittle Fern,6,5,G5,,N4N5,,S4,C,,R,X,X,X,U,,C,U,U,C,R,FE,,N,,Dryopteridaceae,6,5,,,N,,,
22176,DACTGLO,,Dactylis glomerata,Orchard Grass,,3,GNR,,NNA,,SE5,IC,,IC,IX,IX,IC,IC,IX,IC,IX,IC,IC,IC,GR,,I,,Poaceae,0,3,,,N,,,
17069,DACTPRA,,Dactylorhiza praetermissa,Leopard Marsh Orchid,,-3,GNR,,NNA,,SE1,,,,,,,,,,,,,,FO,,I,,Orchidaceae,0,-3,,,N,,,
1264191,DACTPRP,,Dactylorhiza praetermissa ssp. praetermissa,Leopard Marsh Orchid,,,GNRTNR,,NNA,,SE1,,,,,,,,,,,,,,FO,,I,,Orchidaceae,0,,,,N,,,
201509,DACTPRJ,,Dactylorhiza praetermissa ssp. praetermissa var. junialis,Timmins Orchid,,-3,GNRTNR,,NNA,,SE1,,,,,,,,,,,,,,FO,,I,,Orchidaceae,0,-3,,,N,,,
83056,DALECAN,,Dalea candida,White Prairie-clover,,5,G5,,N5,,SX,,,,,,,,,,,,,,FO,,N,,Fabaceae,,5,,,Y,,,
83058,DALECAC,,Dalea candida var. candida,White Prairie-clover,,5,G5T5,,N5,,SX,,,,,,,,,,,,,,FO,,N,,Fabaceae,,5,,,Y,,,
83060,DALEPUR,,Dalea purpurea,Purple Prairie-clover,10,5,G5,,N5,,S1,IR,,,,IH,,IR,IX,IR,,,,,FO,,N,,Fabaceae,10,5,,,Y,,,Y
83062,DALEPUP,,Dalea purpurea var. purpurea,Purple Prairie-clover,10,5,G5T5,,N5,,S1,IR,,,,IH,,IR,IX,IR,,,,,FO,,N,,Fabaceae,10,5,,,Y,,,Y
22178,DANTCOM,,Danthonia compressa,Flattened Oatgrass,8,3,G5,,N5,,S4,R,,,,,,,,R,,R,,,GR,,N,,Poaceae,8,3,,,N,,,
22182,DANTSPI,,Danthonia spicata,Poverty Oatgrass,5,5,G5,,N5,,S5,C,,C,X,X,X,C,X,C,C,C,C,R,GR,Aut,N,,Poaceae,5,5,,,N,,,
119000,DAPHMEZ,,Daphne mezereum,February Daphne,,3,GNR,,NNA,,SE2,IR,,,,,,IR,IR,IR,,IR,,IR,SH,,I,,Thymelaeaceae,0,3,,,N,,,
1004399,DASIFRU,,Dasiphora fruticosa,Shrubby Cinquefoil,8,-3,G5,,N5,,S5,R,,,,R,R,,,R,R,H,,H,SH,Sum,N,,Rosaceae,8,-3,,,N,,,
152000,DATUINN,,Datura innoxia,Angel's Trumpet,,5,G5,,NNA,,SE1,IR,,,,,,,,IH,,,IR,IR,FO,,I,,Solanaceae,0,5,,,N,,,
152002,DATUSTR,,Datura stramonium,Jimsonweed,,5,GU,,NNA,,SE5,IR,,IR,IX,IX,IX,IX,,IR,,IR,IR,IR,FO,,I,,Solanaceae,0,5,,,N,,,
129036,DAUCCAR,,Daucus carota,Wild Carrot,,5,GNR,,NNA,,SE5,IC,,IC,IX,IX,IC,IC,IX,IC,IX,IC,IC,IC,FO,Sum-Aut,I,,Apiaceae,0,5,,,N,,,
121004,DECOVER,,Decodon verticillatus,Swamp Loosestrife,7,-5,G5,,N5,,S5,R,,R,R,R,R,H,X,U,R,R,R,R,SH,,N,,Lythraceae,7,-5,,,N,,,
64048,CONSAJA,,Delphinium ajacis,Rocket Larkspur,,5,GNR,,NNA,,SE1,IR,,,,,,,,,IR,,,IR,FO,,I,,Ranunculaceae,0,5,,,N,,,
64178,CONSREG,,Delphinium consolida,Royal Larkspur,,,GNR,,NNA,,SE1,,,,,,,,,,,,,,FO,,I,,Ranunculaceae,0,,,,N,,,
2008,DENDDEN,,Dendrolycopodium dendroideum,Round-branched Tree-clubmoss,7,3,G5,,N5,,S5,R,,,,H,,R,X,U,,R,R,R,FE,,N,,Lycopodiaceae,7,3,,,N,,,
2012,DENDHIC,,Dendrolycopodium hickeyi,Hickey's Tree-clubmoss,7,5,G5,,N5,,S4,R,,,,,,R,,R,,R,,,FE,,N,,Lycopodiaceae,7,5,,,N,,,
2018,DENDOBS,,Dendrolycopodium obscurum,Flat-branched Tree-clubmoss,6,3,G5,,N5,,S4,U,,,R,R,X,X,X,C,X,U,U,U,FE,,N,,Lycopodiaceae,6,3,,,N,,,
9100,DENNPUN,,Dennstaedtia punctilobula,Eastern Hay-scented Fern,3,5,G5,,N5,,S4,R,,R,R,,?,U,X,U,R,R,R,R,FE,,N,,Dennstaedtiaceae,3,5,,,N,,,
9316,DEPAACR,,Deparia acrostichoides,Silvery Spleenwort,6,0,G5,,N5,,S4,U,,R,R,R,X,C,X,U,R,R,U,R,FE,,N,,Dryopteridaceae,6,0,,,N,,,
22184,DESCCES,,Deschampsia cespitosa,Tufted Hairgrass,9,-3,G5,,NNR,,S5,R,,R,,R,R,IR,,R,R,R,,IR,GR,,N,,Poaceae,9,-3,,,N,,,
22186,DESCCEC,,Deschampsia cespitosa ssp. cespitosa,Tufted Hairgrass,9,-3,G5T5,,N5,,S5,R,,R,,R,R,IR,,R,R,R,,IR,GR,,N,,Poaceae,9,-3,,,N,,,
1009707,DESCSUK,,Deschampsia sukatschewii,Dwarf Hairgrass,,-3,G5,,N4N5,,SU,,,,,,,,,,,,,,GR,,N,,Poaceae,,-3,,,N,,,
73280,DESCINC,,Descurainia incana,Grey Tansy Mustard,,3,G5,,N5,,SU,,,,,,,,,,,,,,FO,,N,,Brassicaceae,,3,,,N,,,
73130,DESCPIN,,Descurainia pinnata,Green Tansy Mustard,4,5,G5,,N5,,S4,R,,R,,,,R,,R,,,R,IR,FO,,N,,Brassicaceae,4,5,,,N,,,
73132,DESCPIB,,Descurainia pinnata ssp. brachycarpa,Short-fruited Tansy Mustard,4,5,G5T5,,N5,,S4,R,,R,,,,R,,R,,,R,IR,FO,Spr,N,,Brassicaceae,4,5,,,N,,,
73136,DESCSOP,,Descurainia sophia,Flixweed,,5,GNR,,NNA,,SE5,IX,,,IX,IX,IR,IR,IX,IU,IX,IR,IX,IR,FO,,I,,Brassicaceae,0,5,,,N,,,
83064,DESMCAN,,Desmodium canadense,Canada Tick-trefoil,5,0,G5,,N5,,S4,C,,C,X,X,X,X,X,C,C,U,C,R,FO,Sum,N,,Fabaceae,5,0,,,N,,,Y
83066,DESMCAE,,Desmodium canescens,Hoary Tick-trefoil,10,5,G5,,N2,,S2,R,CZ,R,R,H,R,,,,R,,,,FO,,N,,Fabaceae,10,5,,,Y,,,Y
83072,DESMCUS,,Desmodium cuspidatum,Largebract Tick-trefoil,10,5,G5,,N3,,S3,R,cz,R,R,R,R,R,,R,R,H,R,R,FO,,N,,Fabaceae,10,5,,,Y,,,Y
83078,DESMILL,,Desmodium illinoense,Illinois Tick-trefoil,10,5,G5,EXP,NH,EXP,SH,H,CZ,,H,,H,,,,,,,,FO,,N,,Fabaceae,10,5,,,Y,,,Y
83080,DESMMAR,,Desmodium marilandicum,Small-leaved Tick-trefoil,10,5,G5,,NX,,SX,,,,,,,,,,,,,,FO,,N,,Fabaceae,10,5,,,Y,,,
83068,DESMMAC,,Desmodium marilandicum var. ciliare,Hairy Small-leaved Tick-trefoil,10,5,G--T5,,NX,,SX,H,CZ,,,,,,,,,H,,,FO,,N,,Fabaceae,10,5,,,Y,,,
1256783,DESMMAM,,Desmodium marilandicum var. marilandicum,Smooth Small-leaved Tick-trefoil,10,5,G5TNR,,NX,,SX,H,CZ,H,,H,,,,,,,,,FO,,N,,Fabaceae,10,5,,,Y,,,
83086,DESMPAN,,Desmodium paniculatum,Narrow-leaved Tick-trefoil,6,3,G5,,N4,,S4,U,cz,U,R,R,X,X,,U,R,R,R,H,FO,,N,,Fabaceae,6,3,,,N,,,
1257100,DESMPER,,Desmodium perplexum,Perplexed Tick-trefoil,6,5,G5,,N4,,S4,U,cz,U,R,R,X,X,,U,R,R,R,H,FO,,N,,Fabaceae,6,5,,,N,,,Y
83092,DESMROT,,Desmodium rotundifolium,Round-leaved Tick-trefoil,10,5,G5,,N2,,S2,R,cz,H,R,R,R,,,R,,R,,,FO,,N,,Fabaceae,10,5,,,Y,,,Y
83094,DESMSES,,Desmodium sessilifolium,Sessile-leaved Tick-trefoil,10,5,G5,,NX,,SX,H,CZ,H,,,,,,,,,,,FO,,N,,Fabaceae,10,5,,,Y,,,
1010133,DEUTSCA,,Deutzia scabra,Fuzzy Deutzia,,5,GNR,,NNA,,SE1,IR,,,,,,,,,,IR,,,SH,,I,,Hydrangeaceae,0,5,,,N,,,
1004919,DIANARE,,Dianthus arenarius,Sand Pink,,5,GNR,,NNA,,SEH,,,,,,,,,,,,,,FO,,I,,Caryophyllaceae,0,5,,All other CW values within this Genus are identical,N,,,
61036,DIANARM,,Dianthus armeria,Deptford Pink,,5,GNR,,NNA,,SE5,IC,,IC,IX,IX,IX,IU,,IC,IX,IC,IC,IC,FO,,I,,Caryophyllaceae,0,5,,,N,,,
1008105,DIANARA,,Dianthus armeria ssp. armeria,Deptford Pink,,5,GNRTNR,,NNA,,SE5,IC,,IC,IX,IX,IX,IU,,IC,IX,IC,IC,IC,FO,,I,,Caryophyllaceae,0,5,,,N,,,
61038,DIANBAR,,Dianthus barbatus,Sweet William,,5,GNR,,NNA,,SE1,IR,,,,,,,,IR,,IR,,IR,FO,,I,,Caryophyllaceae,0,5,,,N,,,
1007435,DIANBAB,,Dianthus barbatus ssp. barbatus,Sweet William,,5,GNRTNR,,NNA,,SE1,IR,,,,,,,,IR,,IR,,IR,FO,,I,,Caryophyllaceae,0,5,,,N,,,
61040,DIANCHI,,Dianthus chinensis,Chinese Pink,,5,GNR,,NNA,,SEH,IH,,,,IH,,,,,,,,,FO,,I,,Caryophyllaceae,0,5,,,N,,,
61042,DIANDEL,,Dianthus deltoides,Maiden Pink,,5,GNR,,NNA,,SE2,IR,,,,,,,,,IX,IH,,IR,FO,,I,,Caryophyllaceae,0,5,,,N,,,
1007436,DIANDED,,Dianthus deltoides ssp. deltoides,Maiden Pink,,5,GNRTNR,,NNA,,SE2,IR,,,,,,,,,IX,IH,,IR,FO,,I,,Caryophyllaceae,0,5,,,N,,,
1007437,DIANGRA,,Dianthus gratianopolitanus,Cheddar Pink,,5,GNR,,NNA,,SEH,,,,,,,,,,,,,,FO,,I,,Caryophyllaceae,0,5,,All other CW values within this Genus are identical,N,,,
61044,DIANPLU,,Dianthus plumarius,Garden Pink,,5,GNR,,NNA,,SE1,IR,,,,,,,,,,,,IR,FO,,I,,Caryophyllaceae,0,5,,,N,,,
1007438,DIANPLP,,Dianthus plumarius ssp. plumarius,Garden Pink,,5,GNRTNR,,NNA,,SE1,IR,,,,,,,,,,,,IR,FO,,I,,Caryophyllaceae,0,5,,,N,,,
1005247,DIAPLAP,,Diapensia lapponica,Lapland Diapensia,,3,G5,,N5,,S1,,,,,,,,,,,,,,SH,,N,,Diapensiaceae,,3,,,Y,,,
22194,DIAROBO,,Diarrhena obovata,Ovate Beakgrass,9,-3,G4G5,,N1,,S1,R,CZ,,,R,R,,,,,,,,GR,,N,,Poaceae,9,-3,,,Y,,,
71510,DICECAN,,Dicentra canadensis,Squirrel-corn,7,5,G5,,N5,,S5,U,,R,R,R,X,X,X,U,U,U,C,R,FO,Spr,N,,Fumariaceae,7,5,,,N,,,
71512,DICECUC,,Dicentra cucullaria,Dutchman's Breeches,6,5,G5,,N5,,S5,U,,U,X,X,X,X,X,U,U,U,C,R,FO,Spr,N,,Fumariaceae,6,5,,,N,,,
22198,DICHBOR,,Dichanthelium boreale,Northern Panicgrass,7,0,G5,,N5,,S4,R,,R,,R,R,,,R,,,,,GR,,N,,Poaceae,7,0,,,N,,,
22200,DICHCLA,,Dichanthelium clandestinum,Deer-tongue Panicgrass,8,-3,G5,,N3N4,,S2,R,cz,R,,R,R,,,R,R,R,,,GR,,N,,Poaceae,8,-3,,,Y,,,
1010943,DICHCOL,,Dichanthelium columbianum,Columbia Panicgrass,5,3,G5,,N5,,S5,R,,R,R,R,R,R,,U,,,?,R,GR,,N,,Poaceae,5,3,,,N,,,
22204,DICHCOM,,Dichanthelium commonsianum,Commons' Panicgrass,6,3,G5,,NH,,SH,R,cz,H,,,H,,,R,,,,,GR,,N,,Poaceae,6,3,,,Y,,,Y
22206,DICHDEP,,Dichanthelium depauperatum,Starved Panicgrass,6,5,G5,,N5,,S4,R,,H,,R,R,,,C,,H,R,,GR,,N,,Poaceae,6,5,,,N,,,
22208,DICHDIC,,Dichanthelium dichotomum,Forked Panicgrass,9,0,G5,,NNR,,S2,R,cz,H,R,R,R,R,,U,R,H,R,,GR,,N,,Poaceae,9,0,,,Y,,,Y
22210,DICHDID,,Dichanthelium dichotomum ssp. dichotomum,Forked Panicgrass,9,0,G5T5,,N2,,S2,R,cz,H,R,R,R,R,,U,R,H,R,,GR,,N,,Poaceae,9,0,,,Y,,,Y
1010940,DICHIMP,,Dichanthelium implicatum,Slender-stemmed Panicgrass,3,0,G5,,N5,,S5,C,,X,X,X,X,X,X,C,X,C,X,X,GR,,N,,Poaceae,3,0,,,N,,,
1257099,DICHLAN,,Dichanthelium lanuginosum,Woolly Panicgrass,3,0,G5,,N5,,S5,C,,C,X,X,C,C,X,C,X,U,X,,GR,,N,,Poaceae,3,0,,,N,,,
22212,DICHLAT,,Dichanthelium latifolium,Broad-leaved Panicgrass,6,3,G5,,N4,,S4,U,,U,X,X,X,U,X,C,U,R,R,R,GR,,N,,Poaceae,6,3,,,N,,,
22214,DICHLEI,,Dichanthelium leibergii,Leiberg's Panicgrass,10,3,G4,,N3N4,,S2,R,CZ,,,R,,,,,,,,,GR,,N,,Poaceae,10,3,,,Y,,,Y
22700,DICHLIN,,Dichanthelium lindheimeri,Lindheimer's Panicgrass,8,-5,GNR,,NNR,,S4,R,,,,R,R,R,,R,R,R,,?,GR,,N,,Poaceae,8,-5,,,N,,,
22216,DICHLIE,,Dichanthelium linearifolium,Linear-leaved Panicgrass,6,5,G5,,N5,,S5,R,,R,R,R,R,R,R,R,R,R,U,R,GR,,N,,Poaceae,6,5,,,N,,,
1268433,DICHLIL,,Dichanthelium linearifolium var. linearifolium,Linear-leaved Panicgrass,6,5,G5TNR,,N5,,S5,,,,,,,,,,,,,,GR,,N,,Poaceae,6,5,,,N,,,
1268432,DICHLIW,,Dichanthelium linearifolium var. werneri,Werner's Panicgrass,6,5,G5TNR,,NNR,,S5,,,,,,,,,,,,,,GR,,N,,Poaceae,6,5,,,N,,,
22218,DICHMER,,Dichanthelium meridionale,Matted Panicgrass,10,5,G5,,NU,,S1,R,CZ,R,,R,,,,,,,,,GR,,N,,Poaceae,10,5,,,Y,,,Y
22220,DICHOLI,,Dichanthelium oligosanthes,Few-flowered Panicgrass,7,3,G5,,N5,,S4,,,,,,,,,,,,,,GR,,N,,Poaceae,7,3,,,N,,,Y
22222,DICHOLO,,Dichanthelium oligosanthes ssp. oligosanthes,Few-flowered Panicgrass,7,3,G5T5?,,N4,,SU,X,,X,X,X,X,,,X,,IR,,,GR,,N,,Poaceae,7,3,,,N,,,Y
22224,DICHOLS,,Dichanthelium oligosanthes ssp. scribnerianum,Scribner's Panicgrass,7,3,G5T5,,N5,,S4,U,cz,U,R,X,R,R,,C,R,R,,,GR,,N,,Poaceae,7,3,,,N,,,Y
22226,DICHPER,,Dichanthelium perlongum,Long-stalked Panicgrass,10,5,GNR,,N2N3,,S2,R,,,,,H,,,R,,,,,GR,,N,,Poaceae,10,5,,,Y,,,Y
17394,DICHPRA,,Dichanthelium praecocius,Early-branching Panicgrass,8,5,G5?,,N3,,S3,R,cz,R,R,R,R,R,,R,R,H,H,R,GR,,N,,Poaceae,8,5,,,Y,,,Y
22230,DICHSPH,,Dichanthelium sphaerocarpon,Round-fruited Panicgrass,8,3,G5,,N3,,S3,R,cz,R,R,R,R,R,,C,,,,,GR,,N,,Poaceae,8,3,,,Y,,,Y
22234,DICHSPR,,Dichanthelium spretum,Sand Panicgrass,10,-5,G5,,N4,,S2,,,,,,,,,,,,,,GR,,N,,Poaceae,10,-5,,,Y,,,
22240,DICHXAN,,Dichanthelium xanthophysum,Pale Panicgrass,8,5,G5,,N4N5,,S4,R,,,,?,,H,,R,,H,,R,GR,,N,,Poaceae,8,5,,,N,,,
162000,DIERLON,,Diervilla lonicera,Northern Bush-honeysuckle,5,5,G5,,N5,,S5,C,,R,,X,X,X,X,C,C,U,C,U,SH,Sum,N,,Caprifoliaceae,5,5,,,N,,,
153052,DIGIGRA,,Digitalis grandiflora,Large Yellow Foxglove,,5,GNR,,NNA,,SE1,IR,,,,,,,,,,IR,,,FO,,I,,Scrophulariaceae,0,5,,,N,,,
153054,DIGILAN,,Digitalis lanata,Grecian Foxglove,,5,GNR,,NNA,,SE1,IR,,,,,,,,,,,,IR,FO,,I,,Scrophulariaceae,0,5,,,N,,,
1268473,DIGILUT,,Digitalis lutea,Straw Foxglove,,5,GNR,,NNA,,SE1,,,,,,,,,,,,,,FO,,I,,Scrophulariaceae,,5,,,N,,,
153056,DIGIPUR,,Digitalis purpurea,Purple Foxglove,,3,GNR,,NNA,,SE1,,,,,,,,,,,,,,FO,,I,,Scrophulariaceae,0,3,,,N,,,
1010614,DIGIPUP,,Digitalis purpurea ssp. purpurea,Purple Foxglove,,3,GNRTNR,,NNA,,SE1,,,,,,,,,,,,,,FO,,I,,Scrophulariaceae,0,3,,,N,,,
22242,DIGICOG,,Digitaria cognata,Fall Crabgrass,3,5,G5,,N1?,,S1?,R,cz,R,R,R,R,R,,IR,,IR,,,GR,,N,,Poaceae,3,5,,,Y,,,Y
22244,DIGIISC,,Digitaria ischaemum,Smooth Crabgrass,,3,GNR,,NNA,,SE5,IC,,IU,IX,IX,IX,IC,IX,IC,IX,IU,IX,IC,GR,,I,,Poaceae,0,3,,,N,,,
22246,DIGISAN,,Digitaria sanguinalis,Hairy Crabgrass,,3,G5,,NNA,,SE5,IC,,IU,IX,IX,IX,IC,IX,IC,IX,IU,IX,IR,GR,,I,,Poaceae,0,3,,,N,,,
1008394,DIOSVIL,,Dioscorea villosa,Wild Yam,5,0,G4G5,,N4,,S4,C,cz,C,X,X,X,C,X,C,U,U,C,,VI,Sum,N,,Dioscoreaceae,5,0,,,N,,,
2006,DIPHCOM,,Diphasiastrum complanatum,Northern Ground-cedar,5,3,G5,,N5,,S5,,,,,,,,,,,,,,FE,,N,,Lycopodiaceae,5,3,,,N,,,
2010,DIPHDIG,,Diphasiastrum digitatum,Southern Ground-cedar,3,5,G5,,N5,,S5,C,,R,R,X,C,C,X,C,X,U,C,R,FE,,N,,Lycopodiaceae,3,5,,,N,,,
2030,DIPHSIT,,Diphasiastrum sitchense,Sitka Ground-cedar,8,5,G5,,N5,,S4,,,,,,,,,,,,,,FE,,N,,Lycopodiaceae,8,5,,,N,,,
2032,DIPHTRI,,Diphasiastrum tristachyum,Blue Ground-cedar,7,5,G5,,N5,,S5?,R,,,R,R,R,R,,R,R,,,,FE,,N,,Lycopodiaceae,7,5,,,N,,,
2034,DIPHX H,,Diphasiastrum x habereri,(Diphasiastrum digitatum X Diphasiastrum tristachyum),,5,GNA,,NNA,,SNA,hyb,,,,hyb,,?,,hyb,,,,,FE,,N,,Lycopodiaceae,0,5,,Parental CW values identical,N,,,
2029,DIPHX S,,Diphasiastrum x sabinifolium,(Diphasiastrum sitchense X Diphasiastrum tristachyum),,5,G4,,NNA,,SNA,,,,,,,,,,,,,,FE,,N,,Lycopodiaceae,0,5,,,N,,,
1008420,DIPHX V,,Diphasiastrum x verecundum,(Diphasiastrum complanatum X Diphasiastrum digitatum),,,GNA,,NNA,,SNA,,,,,,,,,,,,,,FE,,N,,Lycopodiaceae,0,,,,N,,,
2046,DIPHX Z,,Diphasiastrum x zeilleri,(Diphasiastrum complanatum X Diphasiastrum tristachyum),,,GNA,,NNA,,SNA,hyb,,,,,,hyb,,,,,,,FE,,N,,Lycopodiaceae,0,,,,N,,,
1004397,DIPLFUS,,Diplachne fusca,Bearded Sprangletop,,-5,G5,,N1,,SE3,IR,,IR,,IR,IR,IR,IR,IR,,IR,IR,,GR,,I,,Poaceae,0,-5,,,N,,,
22392,DIPLFUF,,Diplachne fusca var. fascicularis,Bearded Sprangletop,,-5,G5T5,,N1,,SE3,IR,,IR,,IR,IR,IR,IR,IR,,IR,IR,,GR,,I,,Poaceae,0,-5,,,N,,,
73138,DIPLMUR,,Diplotaxis muralis,Annual Wall Rocket,,5,GNR,,NNA,,SE3,IR,,IR,IX,IX,IR,IR,,,,IR,IX,IX,FO,Spr,I,,Brassicaceae,0,5,,,N,,,
73140,DIPLTEN,,Diplotaxis tenuifolia,Perennial Wall Rocket,,5,GNR,,NNA,,SE5,IC,,IC,IX,IX,IX,IU,,IR,IX,IU,IX,IX,FO,,I,,Brassicaceae,0,5,,,N,,,
165006,DIPSLAC,,Dipsacus laciniatus,Cut-leaved Teasel,,3,GNR,,NNA,,SE2,IR,,,IR,,IR,,,?,,IR,,,FO,,I,,Dipsacaceae,0,3,,,N,,,
119002,DIRCPAL,,Dirca palustris,Eastern Leatherwood,7,0,G4,,N4,,S4,U,,R,,R,X,X,X,U,U,R,U,R,SH,Spr,N,,Thymelaeaceae,7,0,,,N,,,
1008400,DISTSPI,,Distichlis spicata,Saltgrass,,-3,G5,,N5,,SE2,IR,,,,,IR,,,,,,IR,,GR,,I,,Poaceae,0,-3,override,Suppl. CW value matches more closely with values from US Wetland Plant List,N,,,
168242,DOELUMB,,Doellingeria umbellata,Flat-top White Aster,6,-3,G5,,N5,,S5,,,,,,,,,,,,,,FO,Sum-Aut,N,,Asteraceae,6,-3,,,N,,,
168244,DOELUMP,,Doellingeria umbellata var. pubens,Hairy Flat-top White Aster,6,-3,G5T5,,N5,,S5,,,,,,,,,,,,,,FO,,N,,Asteraceae,6,-3,,,N,,,
168246,DOELUMU,,Doellingeria umbellata var. umbellata,Flat-top White Aster,6,-3,G5T5,,N5,,S5,U,,R,R,X,R,X,X,U,C,U,R,R,FO,Sum-Aut,N,,Asteraceae,6,-3,,,N,,,Y
73142,DRABALP,,Draba alpina,Alpine Draba,,5,G4G5,,N4,,S2,,,,,,,,,,,,,,FO,,N,,Brassicaceae,,5,,,Y,,,
73144,DRABARA,,Draba arabisans,Rock Draba,10,5,G4G5,,N4N5,,S4,,,,,,,,,,,,,,FO,,N,,Brassicaceae,10,5,,,N,,,
73146,DRABAUR,,Draba aurea,Golden Draba,,5,G5,,N5,,S5,,,,,,,,,,,,,,FO,,N,,Brassicaceae,0,5,,,P,HV,VH,
73148,DRABCAN,,Draba cana,Hoary Draba,10,5,G5,,N5,,S3,,,,,,,,,,,,,,FO,,N,,Brassicaceae,10,5,,,Y,,,
73150,DRABCIN,,Draba cinerea,Grey-leaved Draba,,5,G5,,N5,,S1,,,,,,,,,,,,,,FO,,N,,Brassicaceae,,5,,,Y,,,
73154,DRABGLA,,Draba glabella,Smooth Draba,10,5,G5,,N5,,S4,,,,,,,,,,,,,,FO,,N,,Brassicaceae,10,5,,,N,,,
73156,DRABINC,,Draba incana,Twisted Draba,,5,G5,,N5?,,S4,,,,,,,,,,,,,,FO,,N,,Brassicaceae,0,5,,,N,,,
73158,DRABLAC,,Draba lactea,Milky Draba,,5,G5,,N4N5,,S1,,,,,,,,,,,,,,FO,,N,,Brassicaceae,,5,,,Y,,,
73162,DRABNEM,,Draba nemorosa,Woodland Draba,6,5,G5,,N5,,S4,IH,,,,,IH,,,,,,,,FO,,N,,Brassicaceae,6,5,,,N,,,
73164,DRABNIV,,Draba nivalis,Snow Draba,,5,G5,,N5,,S2?,,,,,,,,,,,,,,FO,,N,,Brassicaceae,,5,,,Y,,,
73168,DRABNOR,,Draba norvegica,Norway Draba,,5,G5,,N4N5,,S1,,,,,,,,,,,,,,FO,,N,,Brassicaceae,,5,,,Y,,,
73174,DRABVER,,Draba verna,Spring Draba,,5,GNR,,NNA,,SE5,IU,,IR,IX,IX,IX,IX,IX,IU,IX,IC,IX,IX,FO,Spr,I,,Brassicaceae,0,5,,,N,,,
151030,DRACPAR,,Dracocephalum parviflorum,American Dragonhead,7,3,G5,,N5,,S4,IR,,,,,,,,,,,,IR,FO,,N,,Lamiaceae,7,3,,,N,,,
151032,DRACTHY,,Dracocephalum thymiflorum,Thyme-flowered Dragonhead,,5,GNR,,NNA,,SE1,,,,,,,,,,,,,,FO,,I,,Lamiaceae,0,5,,,N,,,
76000,DROSANG,,Drosera anglica,English Sundew,10,-5,G5,,N5,,S5,,,,,,,,,,,,,,FO,,N,,Droseraceae,10,-5,,,N,,,
76002,DROSINT,,Drosera intermedia,Spoon-leaved Sundew,9,-5,G5,,N5,,S5,R,,,,,R,,,,,,,,FO,Sum,N,,Droseraceae,9,-5,,,N,,,
76004,DROSLIN,,Drosera linearis,Slender-leaved Sundew,10,-5,G4G5,,N4N5,,S4,,,,,,,,,,,,,,FO,Sum,N,,Droseraceae,10,-5,,,N,,,
76006,DROSROT,,Drosera rotundifolia,Round-leaved Sundew,7,-5,G5,,N5,,S5,R,,H,,R,R,R,X,U,R,R,R,H,FO,Sum,N,,Droseraceae,7,-5,,,N,,,
1004516,DROSX B,,Drosera x belezeana,(Drosera intermedia X Drosera rotundifolia),,-5,GNA,,NNA,,SNA,,,,,,,,,,,,,,FO,,N,,Droseraceae,0,-5,,,N,,,
1268584,DROCX W,,Drosera x woodii,(Drosera linearis X Drosera rotundifolia),,-5,GNA,,NNA,,SNA,,,,,,,,,,,,,,FO,,N,,Droseraceae,,-5,,,N,,,
82140,DRYADRU,,Dryas drummondii,Drummond's Mountain Avens,,3,G5,,N5,,S1,,,,,,,,,,,,,,SH,Spr,N,,Rosaceae,,3,,,Y,EV,Mod,
82144,DRYAINT,,Dryas integrifolia,Entire-leaved Mountain Avens,,3,G5,,N5,,S4,,,,,,,,,,,,,,SH,Spr,N,,Rosaceae,0,3,,,P,,,
82146,DRYAINI,,Dryas integrifolia ssp. integrifolia,Entire-leaved Mountain Avens,,3,G5T5,,N5,,S4,,,,,,,,,,,,,,SH,Spr,N,,Rosaceae,0,3,,,P,,,
82206,DRYMARG,,Drymocallis arguta,Tall Wood Beauty,7,3,G5,,N5,,S4,R,,R,,H,,R,,R,R,,,,FO,Sum,N,,Rosaceae,7,3,,,N,,,Y
9320,DRYOCAR,,Dryopteris carthusiana,Spinulose Wood Fern,5,-3,G5,,N5,,S5,C,,C,X,X,X,C,X,C,C,C,C,C,FE,,N,,Dryopteridaceae,5,-3,,,N,,,
9322,DRYOCLI,,Dryopteris clintoniana,Clinton's Wood Fern,7,-3,G5,,N4,,S4,C,,R,R,R,X,C,X,C,X,R,C,R,FE,,N,,Dryopteridaceae,7,-3,,,N,,,
9324,DRYOCRI,,Dryopteris cristata,Crested Wood Fern,7,-5,G5,,N5,,S5,U,,R,X,R,X,C,X,R,X,U,C,R,FE,,N,,Dryopteridaceae,7,-5,,,N,,,
9326,DRYOEXP,,Dryopteris expansa,Spreading Wood Fern,9,0,G5,,N5,,S4,,,,,,,,,,,,,,FE,,N,,Dryopteridaceae,9,0,,,N,,,
9328,DRYOFIL,,Dryopteris filix-mas,Male Fern,9,5,G5,,N5,,S4,R,,,,,,,,R,?,,R,R,FE,,N,,Dryopteridaceae,9,5,,,N,,,
1008244,DRYOFIB,,Dryopteris filix-mas ssp. brittonii,Britton's Male Fern,9,5,G5T4?,,N4,,S4,R,,,,,,,,R,?,,R,R,FE,,N,,Dryopteridaceae,9,5,,,N,,,
9330,DRYOFRA,,Dryopteris fragrans,Fragrant Wood Fern,10,5,G5,,N5,,S4,,,,,,,,,,,,,,FE,,N,,Dryopteridaceae,10,5,,,N,,,
9332,DRYOGOL,,Dryopteris goldieana,Goldie's Wood Fern,10,0,G4G5,,N4N5,,S4,R,,H,R,R,R,R,R,R,R,R,R,R,FE,,N,,Dryopteridaceae,10,0,,,N,,,
9334,DRYOINT,,Dryopteris intermedia,Evergreen Wood Fern,5,0,G5,,N5,,S5,C,,R,,R,R,C,X,C,C,C,C,C,FE,,N,,Dryopteridaceae,5,0,,,N,,,
9336,DRYOMAR,,Dryopteris marginalis,Marginal Wood Fern,5,3,G5,,N5,,S5,C,,H,X,R,X,C,X,C,C,U,C,C,FE,,N,,Dryopteridaceae,5,3,,,N,,,
9338,DRYOX A,,Dryopteris x algonquinensis,(Dryopteris fragrans X Dryopteris marginalis),,,GNA,,NNA,,SNA,,,,,,,,,,,,,,FE,,N,,Dryopteridaceae,0,,,,N,,,
9340,DRYOX B,,Dryopteris x benedictii,(Dryopteris carthusiana X Dryopteris clintoniana),,-3,GNA,,NNA,,SNA,hyb,,,,,,?,,hyb,,,,,FE,,N,,Dryopteridaceae,0,-3,,Parental CW values identical,N,,,
9342,DRYOX O,,Dryopteris x boottii,(Dryopteris cristata X Dryopteris intermedia),,-3,GNA,,NNA,,SNA,hyb,,hyb,,,hyb,,hyb,hyb,,,,hyb,FE,,N,,Dryopteridaceae,0,-3,,,N,,,
9344,DRYOX U,,Dryopteris x burgessii,(Dryopteris clintoniana X Dryopteris marginalis),,0,GNA,,NNA,,SNA,,,,,,,,,,,,,,FE,,N,,Dryopteridaceae,0,0,,,N,,,
9346,DRYOX D,,Dryopteris x dowellii,(Dryopteris clintoniana X Dryopteris intermedia),,0,GNA,,NNA,,SNA,hyb,,,,hyb,,,hyb,,,,,hyb,FE,,N,,Dryopteridaceae,0,0,,,N,,,
201121,DRYOX M,,Dryopteris x mickelii,(Dryopteris clintoniana X Dryopteris goldiana),,0,GNA,,NNA,,SNA,,,,,,,,,,,,,,FE,,N,,Dryopteridaceae,0,0,,,N,,,
1010617,DRYOX N,,Dryopteris x montgomeryi,(Dryopteris filix-mas ssp. brittonii X Dryopteris marginalis),,,GNA,,NNA,,SNA,,,,,,,,,,,,,,FE,,N,,Dryopteridaceae,0,,,,N,,,
9348,DRYOX E,,Dryopteris x neowherryi,(Dryopteris goldiana X Dryopteris marginalis),,,GNA,,NNA,,SNA,,,,,,,,,,,,,,FE,,N,,Dryopteridaceae,0,,,,N,,,
9350,DRYOX P,,Dryopteris x pittsfordensis,(Dryopteris carthusiana X Dryopteris marginalis),,,GNA,,NNA,,SNA,hyb,,,,hyb,,,,hyb,,,,,FE,,N,,Dryopteridaceae,0,,,,N,,,
9352,DRYOX S,,Dryopteris x slossoniae,(Dryopteris cristata X Dryopteris marginalis),,,GNA,,NNA,,SNA,,,,,,,,,,,,,,FE,,N,,Dryopteridaceae,0,,,,N,,,
9354,DRYOX T,,Dryopteris x triploidea,(Dryopteris carthusiana X Dryopteris intermedia),5,0,GNA,,NNA,,SNA,hyb,,hyb,hyb,hyb,,hyb,hyb,hyb,hyb,hyb,hyb,hyb,FE,,N,,Dryopteridaceae,5,0,,,N,,,
9356,DRYOX L,,Dryopteris x uliginosa,(Dryopteris carthusiana X Dryopteris cristata),,0,GNA,,NNA,,SNA,hyb,,,,,,,,hyb,,,hyb,hyb,FE,,N,,Dryopteridaceae,0,0,,,N,,,
23540,DULIARU,,Dulichium arundinaceum,Three-way Sedge,7,-5,G5,,N5,,S5,R,,H,,R,R,R,X,R,U,R,C,,SE,,N,,Cyperaceae,7,-5,,,N,,,
1008229,DULIARA,,Dulichium arundinaceum var. arundinaceum,Three-way Sedge,7,-5,G5T5,,N5,,S5,R,,H,,R,R,R,X,R,U,R,C,,SE,,N,,Cyperaceae,7,-5,,,N,,,
22250,DUPOFIS,,Dupontia fisheri,Fisher's Tundra Grass,,-3,G5,,N5,,S4,,,,,,,,,,,,,,GR,,N,,Poaceae,0,-3,,,N,,,
55020,DYSPAMB,,Dysphania ambrosioides,Wormseed Goosefoot,,3,GNR,,NNA,,SE1,IR,,IR,,IH,,,,IH,,IR,IH,,FO,,I,,Chenopodiaceae,0,3,,,N,,,
55028,DYSPBOT,,Dysphania botrys,Jerusalem-oak Goosefoot,,3,GNR,,NNA,,SE5,IR,,IR,IX,IX,IR,IR,IX,,IX,IR,IR,IX,FO,,I,,Chenopodiaceae,0,3,,,N,,,
220545,DYSPPUM,,Dysphania pumilio,Clammy Goosefoot,,5,GNR,,NNA,,SE1,IR,,,,,,,,,,IR,,,FO,,I,,Chenopodiaceae,0,5,,,N,,,
168380,DYSSPAP,,Dyssodia papposa,Fetid Dogweed,,5,G5,,NNA,,SE5,IR,,IR,IR,,IR,IR,IR,,,IH,,,FO,,I,,Asteraceae,0,5,,,N,,,
168382,ECHIPAL,,Echinacea pallida,Pale Purple Coneflower,9,5,G4,,NU,,SU,IR,,,,,,IR,,,,,,,FO,Sum,N,,Asteraceae,9,5,,,N,,,Y
168384,ECHIPUR,,Echinacea purpurea,Eastern Purple Coneflower,,5,G4,,NNA,,SE1,IR,,,,,,IH,,,,IH,,IR,FO,Sum,I,,Asteraceae,0,5,,,N,,,
22252,ECHICRU,,Echinochloa crus-galli,Large Barnyard Grass,,-3,GNR,,NNA,,SE5,IC,,IC,IX,IX,IC,IC,IX,IC,IX,IC,IC,IC,GR,,I,,Poaceae,0,-3,,,N,,,
22716,ECHIFRU,,Echinochloa frumentacea,Siberian Millet,,0,GNR,,NNA,,SEH,IC,,IC,IX,IX,IC,IC,IX,IC,IX,IC,IC,IC,GR,,I,,Poaceae,0,0,,,N,,,
22256,ECHIMUR,,Echinochloa muricata,Rough Barnyard Grass,4,-5,G5,,N5,,S5,,,,,,,,,,,,,,GR,,N,,Poaceae,4,-5,,,N,,,
22254,ECHIMUM,,Echinochloa muricata var. microstachya,Western Barnyard Grass,4,-5,G5T5,,N5,,S5,U,,R,R,X,X,R,,X,X,R,U,U,GR,,N,,Poaceae,4,-5,,,N,,,
1004944,ECHIMUU,,Echinochloa muricata var. muricata,Rough Barnyard Grass,4,-5,G5T5,,N4N5,,S4?,R,,X,X,R,R,R,,R,,R,R,,GR,,N,,Poaceae,4,-5,,,N,,,
22260,ECHIWAL,,Echinochloa walteri,Walter's Barnyard Grass,8,-5,G5,,N3,,S3,R,cz,R,R,H,,,,R,,R,,,GR,,N,,Poaceae,8,-5,,,Y,,,
166008,ECHILOB,,Echinocystis lobata,Wild Cucumber,3,-3,G5,,N5,,S5,C,,U,X,X,X,X,X,C,C,C,C,C,VI,Sum,N,,Cucurbitaceae,3,-3,,,N,,,
168386,ECHIEXA,,Echinops exaltatus,Tall Globe-thistle,,5,G5?,,NNA,,SEH,,,,,,,,,,,,,,FO,,I,,Asteraceae,0,5,,,N,,,
168388,ECHISPH,,Echinops sphaerocephalus,Great Globe-thistle,,5,GNR,,NNA,,SE4,IR,,,IR,IR,,IR,,,IX,IR,,,FO,Sum,I,,Asteraceae,0,5,,,N,,,
149016,ECHIPLA,,Echium plantagineum,Purple Viper's Bugloss,,,GNR,,NNA,,SEH,IH,,,,,,,,,,IH,,,FO,,I,,Boraginaceae,0,,,,N,,,
149018,ECHIVUL,,Echium vulgare,Common Viper's Bugloss,,5,GNR,,NNA,,SE5,IC,,IR,IX,IX,IC,IC,,IC,IX,IC,IX,IC,FO,Sum,I,,Boraginaceae,0,5,,,N,,,
168390,ECLIPRO,,Eclipta prostrata,False-daisy,7,-3,G5,,N1?,,S1?,R,CZ,R,,,,,,,,,,,FO,,N,,Asteraceae,7,-3,,,Y,,,
120002,ELAECOM,,Elaeagnus commutata,Wolf-willow,,3,G5,,N5,,S4,IR,,,,,,,,,,,,IR,SH,,N,,Elaeagnaceae,0,3,,,N,,,
17196,ELATAME,,Elatine americana,American Waterwort,8,-5,G4,,N3N4,,S3,,,,,,,,,,,,,,FO,,N,,Elatinaceae,8,-5,,,Y,,,
112000,ELATMIN,,Elatine minima,Small Waterwort,8,-5,G5,,N4N5,,S4,,,,,,,,,,,,,,FO,,N,,Elatinaceae,8,-5,,,N,,,
112002,ELATTRI,,Elatine triandra,Long-stamened Waterwort,,-5,G5,,NNA,,SEH,,,,,,,,,,,,,,FO,,I,,Elatinaceae,0,-5,,,N,,,
23542,ELEOACI,,Eleocharis acicularis,Needle Spikerush,5,-5,G5,,N5,,S5,U,,R,X,R,R,R,X,U,X,R,U,R,SE,,N,,Cyperaceae,5,-5,,,N,,,
1008079,ELEOCOM,,Eleocharis compressa,Flat-stemmed Spikerush,8,-3,GNR,,N4N5,,S4,R,,R,,R,R,R,,,,R,R,,SE,,N,,Cyperaceae,8,-3,,,N,,,
1004947,ELEOCOC,,Eleocharis compressa var. compressa,Flat-stemmed Spikerush,8,-3,G--T4,,N4,,S4,R,,R,,R,R,R,,,,R,R,,SE,,N,,Cyperaceae,8,-3,,,N,,,
17075,ELEODIA,,Eleocharis diandra,Wright's Spikerush,,-5,G2,,N1N2,,S1,,,,,,,,,,,,,,SE,,N,,Cyperaceae,,-5,,,Y,,,
23546,ELEOELL,,Eleocharis elliptica,Elliptic Spikerush,7,-5,G5,,N5,,S5,R,,R,X,X,R,R,,U,X,R,,R,SE,,N,,Cyperaceae,7,-5,,,N,,,
23550,ELEOENG,,Eleocharis engelmannii,Engelmann's Spikerush,9,-3,G4G5,,N3,,S1,R,cz,R,,,,,,R,,,,,SE,,N,,Cyperaceae,9,-3,,,Y,,,
23552,ELEOEQU,,Eleocharis equisetoides,Horsetail Spikerush,10,-5,G4,END,N1,END,S1,R,CZ,,,,,,,R,,,,,SE,,N,,Cyperaceae,10,-5,,,Y,HV,Mod,
23554,ELEOERY,,Eleocharis erythropoda,Red-stemmed Spikerush,4,-5,G5,,N5,,S5,C,,C,X,R,C,C,X,C,C,U,C,R,SE,,N,,Cyperaceae,4,-5,,,N,,,
1008230,ELEOFLA,,Eleocharis flavescens,Pale Spikerush,7,-5,G5,,N4,,S4,R,,R,,R,R,R,,R,,R,,H,SE,,N,,Cyperaceae,7,-5,,,N,,,
1008234,ELEOFLO,,Eleocharis flavescens var. olivacea,Bright-green Spikerush,7,-5,G--T5,,N4,,S4,R,,R,,R,R,R,,R,,R,,H,SE,,N,,Cyperaceae,7,-5,,,N,,,
23556,ELEOGEN,,Eleocharis geniculata,Bent Spikerush,9,-5,G5,END,N1N2,END,S1,R,CZ,,R,,,,,R,,,,,SE,,N,,Cyperaceae,9,-5,,,Y,EV,VH,
23560,ELEOINT,,Eleocharis intermedia,Matted Spikerush,7,-5,G5,,N4,,S4,R,,R,R,R,R,R,X,U,C,,R,R,SE,,N,,Cyperaceae,7,-5,,,N,,,
23562,ELEOKAM,,Eleocharis kamtschatica,Kamchatka Spikerush,,-5,G4,,N3N4,,S1S2,,,,,,,,,,,,,,SE,,N,,Cyperaceae,,-5,,,Y,,,
17202,ELEOMAC,,Eleocharis macrostachya,Long-headed Spikerush,,-5,G5,,N5,,S2S3,R,,R,,,,,,,,,,,SE,,N,,Cyperaceae,,-5,,,Y,,,
17205,ELEOMAM,,Eleocharis mamillata,Soft-stemmed Spikerush,,-5,G5,,N5,,S1?,,,,,,,,,,,,,,SE,,N,,Cyperaceae,,-5,,,Y,,,
1008231,ELEOMAA,,Eleocharis mamillata ssp. mamillata,Soft-stemmed Spikerush,,-5,G5T5,,N5,,S1?,,,,,,,,,,,,,,SE,,N,,Cyperaceae,,-5,,,Y,,,
23564,ELEONIT,,Eleocharis nitida,Quill Spikerush,10,-5,G4,,N3N4,,S2?,R,,,,,,,,,R,,,,SE,,N,,Cyperaceae,10,-5,,,Y,,,
23566,ELEOOBT,,Eleocharis obtusa,Blunt Spikerush,5,-5,G5,,N5,,S5,C,,C,X,X,C,C,X,C,X,C,C,R,SE,,N,,Cyperaceae,5,-5,,,N,,,
23570,ELEOOVA,,Eleocharis ovata,Ovate Spikerush,8,-5,G5,,N5,,S4S5,R,,R,,,R,,,,,,,,SE,,N,,Cyperaceae,8,-5,,,N,,,
23582,ELEOPAL,,Eleocharis palustris,Creeping Spikerush,6,-5,G5,,N5,,S5,R,,R,X,R,R,,X,U,X,R,C,R,SE,,N,,Cyperaceae,6,-5,,,N,,,
23572,ELEOPAR,,Eleocharis parvula,Dwarf Spikerush,,-5,G5,,N4N5,,S1,,,,,,,,,,,,,,SE,,N,,Cyperaceae,,-5,,,Y,,,
23576,ELEOQUA,,Eleocharis quadrangulata,Square-stemmed Spikerush,10,-5,G5,,N1,,S1,R,CZ,,R,H,,,,R,,,,,SE,,N,,Cyperaceae,10,-5,,,Y,,,
23574,ELEOQUI,,Eleocharis quinqueflora,Few-flowered Spikerush,10,-5,G5,,N5,,S5,R,,,,R,,,X,U,,R,,R,SE,,N,,Cyperaceae,10,-5,,,N,,,
23578,ELEOROB,,Eleocharis robbinsii,Robbins' Spikerush,10,-5,G4G5,,N4N5,,S4,,,,,,,,,,,,,,SE,,N,,Cyperaceae,10,-5,,,N,,,
23580,ELEOROS,,Eleocharis rostellata,Beaked Spikerush,10,-5,G5,,N4,,S3,R,,,,R,,,R,,R,H,,,SE,,N,,Cyperaceae,10,-5,,,Y,,,
23584,ELEOUNI,,Eleocharis uniglumis,Single-glumed Spikerush,,-5,G5?Q,,NNR,,S3?,,,,,,,,,,,,,,SE,,N,,Cyperaceae,,-5,,,Y,,,
22262,ELEUIND,,Eleusine indica,India Goosegrass,,3,GNR,,NNA,,SE3,IR,,IU,IR,IR,IR,,,IR,,IR,IR,IX,GR,,I,,Poaceae,0,3,,,N,,,
128018,ELEUSIE,,Eleutherococcus sieboldianus,Five-leaved Aralia,,5,GNR,,NNA,,SE1,,,,,,,,,,,,,,SH,,I,,Araliaceae,0,5,,,N,,,
148000,ELLINYC,,Ellisia nyctelea,Waterpod,,0,G5,,N4,,SEH,IH,,IH,,,,,,,,,,,FO,,I,,Hydrophyllaceae,0,0,,,N,,,
21000,ELODCAN,,Elodea canadensis,Canada Waterweed,4,-5,G5,,N5,,S5,C,,R,X,X,X,U,X,C,C,U,C,C,FO,,N,,Hydrocharitaceae,4,-5,,,N,,,
21002,ELODNUT,,Elodea nuttallii,Nuttall's Waterweed,8,-5,G5,,N4,,S3,R,,R,R,R,R,R,,R,,H,,R,FO,,N,,Hydrocharitaceae,8,-5,,,Y,,,
151034,ELSHCIL,,Elsholtzia ciliata,Crested Elsholtzia,,3,GNR,,NNA,,SEH,,,,,,,,,,,,,,FO,,I,,Lamiaceae,0,3,,,N,,,
22268,ELYMCAN,,Elymus canadensis,Canada Wildrye,8,3,G5,,N5,,S5,U,,R,X,X,X,U,X,C,X,U,R,R,GR,Aut,N,,Poaceae,8,3,,,N,,,Y
1008281,ELYMCAC,,Elymus canadensis var. canadensis,Canada Wildrye,8,3,G--T5,,N5,,S5,U,,R,X,X,X,U,X,C,X,U,R,R,GR,Aut,N,,Poaceae,8,3,,,N,,,Y
22736,ELYMCUR,,Elymus curvatus,Awnless Wildrye,,0,G4G5,,N4N5,,S2S3,,,,,,,,,,,,,,GR,,N,,Poaceae,,0,,,Y,,,
17208,ELYMDIV,,Elymus diversiglumis,Variable-glumed Wildrye,,3,G3G4Q,,N3,,SH,,,,,,,,,,,,,,GR,,N,,Poaceae,,3,,,Y,,,
22270,ELYMGLA,,Elymus glaucus,Blue Wildrye,,3,G5,,N5,,S1,,,,,,,,,,,,,,GR,,N,,Poaceae,,3,,,Y,,,
22272,ELYMGLG,,Elymus glaucus ssp. glaucus,Blue Wildrye,,3,G5T5,,NNR,,S1,,,,,,,,,,,,,,GR,,N,,Poaceae,,3,,,Y,,,
22274,ELYMHYS,,Elymus hystrix,Bottlebrush Grass,5,5,G5,,N5,,S5,C,,C,X,C,X,C,X,C,C,C,C,U,GR,Aut,N,,Poaceae,5,5,,,N,,,
22278,ELYMLAN,,Elymus lanceolatus,Thick-spike Wildrye,10,3,G5,,N5,,S3,,,,,,,,,,,,,,GR,,N,,Poaceae,10,3,,,P,,,
22726,ELYMLAL,,Elymus lanceolatus ssp. lanceolatus,Thick-spike Wildrye,,3,G5T5,,N5,,SEH,,,,,,,,,,,,,,GR,,I,,Poaceae,0,3,,,N,,,
22280,ELYMLAP,,Elymus lanceolatus ssp. psammophilus,Sanddune Wildrye,10,3,G5T3,,NNR,,S3,,,,,,,,,,,,,,GR,,N,,Poaceae,10,3,,,Y,MV,VH,
17215,ELYMMAC,,Elymus macgregorii,MacGregor's Wildrye,6,0,G5,,N1?,,S1?,R,CZ,R,,,,,,R,,,,,GR,,N,,Poaceae,6,0,,,Y,,,
22298,ELYMREP,,Elymus repens,Quackgrass,,3,GNR,,NNA,,SE5,IC,,IC,IX,IX,IC,IC,IX,IC,IX,IC,IC,IC,GR,,I,,Poaceae,0,3,,,N,,,
22284,ELYMRIP,,Elymus riparius,Eastern Riverbank Wildrye,7,-3,G5,,N4,,S4,U,cz,R,R,X,R,U,X,C,U,R,U,U,GR,,N,,Poaceae,7,-3,,,N,,,
22286,ELYMTRA,,Elymus trachycaulus,Slender Wildrye,7,3,G5,,N5,,S5,,,,,,,,,,,,,,GR,,N,,Poaceae,7,3,,,N,,,
22732,ELYMTRS,,Elymus trachycaulus ssp. subsecundus,One-sided Wildrye,7,3,G5T5,,N5,,S4?,,,,,,,,,,,,,,GR,,N,,Poaceae,7,3,,,N,,,
22288,ELYMTRT,,Elymus trachycaulus ssp. trachycaulus,Slender Wildrye,7,3,G5T5,,N5,,S5,R,,R,R,X,R,R,,U,U,R,R,R,GR,,N,,Poaceae,7,3,,,N,,,
22290,ELYMVIL,,Elymus villosus,Downy Wildrye,7,3,G5,,N4,,S4,U,cz,C,X,R,X,R,,R,X,U,R,R,GR,,N,,Poaceae,7,3,,,N,,,
17311,ELYMVIO,,Elymus violaceus,High Wildrye,,3,G5,,N5,,S2S3,,,,,,,,,,,,,,GR,,N,,Poaceae,,3,,,Y,,,
22292,ELYMVIR,,Elymus virginicus,Virginia Wildrye,5,-3,G5,,N5,,S5,,,,,,,,,,,,,,GR,Sum,N,,Poaceae,5,-3,,,N,,,
1008096,ELYMVII,,Elymus virginicus var. intermedius,Intermediate Wildrye,5,-3,G5TNR,,N4?,,S4?,,,,,,,,,,,,,,GR,Sum,N,,Poaceae,5,-3,,,N,,,
22738,ELYMVIV,,Elymus virginicus var. virginicus,Virginia Wildrye,5,-3,G5T5,,N5,,S5,C,,C,X,X,X,C,X,C,C,C,C,C,GR,Sum,N,,Poaceae,5,-3,,,N,,,
22294,ELYMWIE,,Elymus wiegandii,Wiegand's Wildrye,10,0,G4G5,,N4N5,,S4,R,,,R,,R,R,,R,,H,,R,GR,,N,,Poaceae,10,0,,,N,,,
22001,ELYMX E,,Elymus x ebingeri,(Elymus hystrix X Elymus virginicus var. virginicus),,,GNA,,NNA,,SNA,,,,,,,,,,,,,,GR,,N,,Poaceae,,,,,N,,,
22728,ELYMX M,,Elymus x maltei,(Elymus canadensis var. canadensis X Elymus virginicus var. virginicus),,,GNA,,NNA,,SNA,,,,,,,,,,,,,,GR,,N,,Poaceae,0,,,,N,,,
95000,EMPENIG,,Empetrum nigrum,Black Crowberry,9,0,G5,,N5,,S5,,,,,,,,,,,,,,SH,,N,,Empetraceae,9,0,,,N,,,
95002,EMPENIH,,Empetrum nigrum ssp. hermaphroditum,Black Crowberry,9,0,G5T5,,N5,,S5,,,,,,,,,,,,,,SH,,N,,Empetraceae,9,0,,,N,,,
106004,ENDOALN,,Endotropis alnifolia,Alder-leaved Buckthorn,7,-5,G5,,N5,,S5,U,,R,,R,X,R,,U,X,R,C,R,SH,Spr,N,,Rhamnaceae,7,-5,,,N,,,
64052,ENEMBIT,,Enemion biternatum,Eastern False Rue-anemone,9,0,G5,THR,N2,THR,S2,R,CZ,,,R,R,R,,H,,,,,FO,,N,,Ranunculaceae,9,0,,,Y,MV,VH,
156002,EPIFVIR,,Epifagus virginiana,Beechdrops,6,5,G5,,N5,,S5,C,,R,X,R,C,C,X,C,U,C,C,U,FO,Aut,N,,Orobanchaceae,6,5,,,N,,,
133016,EPIGREP,,Epigaea repens,Trailing Arbutus,9,3,G5,,N5,,S5,R,,,,H,R,?,X,,R,,,R,SH,Spr,N,,Ericaceae,9,3,,,N,,,
1011056,EPILARC,,Epilobium arcticum,Arctic Willowherb,,-3,G5?,,N4N5,,S1,,,,,,,,,,,,,,FO,,N,,Onagraceae,,-3,,,Y,,,
125012,EPILBRA,,Epilobium brachycarpum,Tall Annual Willowherb,,5,G5,,N5,,SH,,,,,,,,,,,,,,FO,,N,,Onagraceae,,5,,,Y,,,
125014,EPILCIL,,Epilobium ciliatum,Northern Willowherb,3,-3,G5,,N5,,S5,,,,,,,,,,,,,,FO,,N,,Onagraceae,3,-3,,,N,,,
125016,EPILCIC,,Epilobium ciliatum ssp. ciliatum,Northern Willowherb,3,-3,G5T5,,N5,,S5,C,,R,R,X,X,X,X,C,C,C,C,C,FO,,N,,Onagraceae,3,-3,,,N,,,
1268443,EPILCII,,Epilobium ciliatum ssp. ciliatum var. ciliatum,Northern Willowherb,3,-3,G5T5,,N5,,S5,C,,R,R,X,X,X,X,C,C,C,C,C,FO,,N,,Onagraceae,3,-3,,,N,,,
125018,EPILCIG,,Epilobium ciliatum ssp. glandulosum,Glandular Willowherb,3,-3,G5T5,,N5,,SU,,,,,,,,,,,,,,FO,,N,,Onagraceae,3,-3,,,N,,,
125022,EPILCOL,,Epilobium coloratum,Purple-veined Willowherb,3,-5,G5,,N5,,S5,C,,C,R,R,X,R,X,R,R,C,C,C,FO,Sum,N,,Onagraceae,3,-5,,,N,,,
125024,EPILDAV,,Epilobium davuricum,Dahurian Willowherb,,-3,G5,,N4N5,,S4S5,,,,,,,,,,,,,,FO,,N,,Onagraceae,0,-3,,,N,,,
125001,EPILHOR,,Epilobium hornemannii,Hornemann's Willowherb,9,-3,G5,,N5,,S1,,,,,,,,,,,,,,FO,,N,,Onagraceae,9,-3,,,Y,,,
1010620,EPILHOH,,Epilobium hornemannii ssp. hornemannii,Hornemann's Willowherb,9,-3,G5T5,,N4,,S1,,,,,,,,,,,,,,FO,,N,,Onagraceae,9,-3,,,Y,,,
1257220,EPILLAC,,Epilobium lactiflorum,White-flowered Willowherb,,-3,G5,,N5,,S1,,,,,,,,,,,,,,FO,,N,,Onagraceae,,-3,,,Y,,,
125030,EPILLEP,,Epilobium leptophyllum,Narrow-leaved Willowherb,7,-5,G5,,N5,,S5,U,,,R,R,X,X,X,U,R,R,C,R,FO,,N,,Onagraceae,7,-5,,,N,,,
125032,EPILPAL,,Epilobium palustre,Marsh Willowherb,10,-5,G5,,N5,,S5,,,,,,,,,,,,,,FO,,N,,Onagraceae,10,-5,,,N,,,
1257221,EPILSAX,,Epilobium saximontanum,Rocky Mountain Willowherb,,-3,G5,,N3,,S1S2,,,,,,,,,,,,,,FO,,N,,Onagraceae,,-3,,,Y,,,
125036,EPILSTR,,Epilobium strictum,Downy Willowherb,9,-5,G5,,N4N5,,S4,R,,R,,R,R,R,X,R,,,R,,FO,,N,,Onagraceae,9,-5,,,N,,,
1264046,EPILX W,,Epilobium x wisconsinense,(Epilobium ciliatum ssp. ciliatum X Epilobium coloratum),,,GNA,,NNA,,SNA,,,,,,,,,,,,,,FO,,N,,Onagraceae,0,,,,N,,,
1000,EQUIARV,,Equisetum arvense,Field Horsetail,0,0,G5,,N5,,S5,C,,C,X,X,C,C,X,C,C,C,C,C,FE,Spr,N,,Equisetaceae,0,0,,,N,,,
1002,EQUIFLU,,Equisetum fluviatile,Water Horsetail,7,-5,G5,,N5,,S5,U,,R,R,R,U,R,X,U,C,R,C,R,FE,,N,,Equisetaceae,7,-5,,,N,,,
1004,EQUIHYE,,Equisetum hyemale,Common Scouring-rush,2,0,G5,,N5,,S5,C,,C,X,X,C,C,X,C,C,U,C,U,FE,,N,,Equisetaceae,2,0,,,N,,,
1006,EQUIHYA,,Equisetum hyemale ssp. affine,Common Scouring-rush,2,0,G5T5,,N5,,S5,C,,C,X,X,C,C,X,C,C,U,C,U,FE,,N,,Equisetaceae,2,0,,,N,,,
1008,EQUILAE,,Equisetum laevigatum,Smooth Scouring-rush,7,-3,G5,,N5,,S4,R,,R,R,X,R,R,X,R,R,R,R,H,FE,,N,,Equisetaceae,7,-3,,,N,,,Y
1010,EQUIPAL,,Equisetum palustre,Marsh Horsetail,10,-3,G5,,N5,,S5,R,,?,,R,R,,X,H,R,?,R,R,FE,,N,,Equisetaceae,10,-3,,,N,,,
1012,EQUIPRA,,Equisetum pratense,Meadow Horsetail,8,-3,G5,,N5,,S5,R,,,R,R,R,R,,R,R,R,U,R,FE,,N,,Equisetaceae,8,-3,,,N,,,
1014,EQUISCI,,Equisetum scirpoides,Dwarf Scouring-rush,7,0,G5,,N5,,S5,R,,,,R,R,R,X,U,R,R,U,R,FE,,N,,Equisetaceae,7,0,,,N,,,
1016,EQUISYL,,Equisetum sylvaticum,Woodland Horsetail,7,-3,G5,,N5,,S5,U,,H,,H,R,R,X,C,U,R,C,R,FE,,N,,Equisetaceae,7,-3,,,N,,,
1018,EQUIVAR,,Equisetum variegatum,Variegated Scouring-rush,5,-3,G5,,N5,,S5,U,,R,R,X,U,U,X,C,C,R,C,R,FE,,N,,Equisetaceae,5,-3,,,N,,,
1004963,EQUIVAV,,Equisetum variegatum ssp. variegatum,Variegated Scouring-rush,5,-3,G5T5,,N5,,S5,U,,R,R,X,U,U,X,C,C,R,C,R,FE,,N,,Equisetaceae,5,-3,,,N,,,
1020,EQUIX F,,Equisetum x ferrissii,(Equisetum hyemale X Equisetum laevigatum),,-3,GNA,,NNA,,SNA,hyb,,hyb,hyb,hyb,hyb,,,hyb,hyb,,,,FE,,N,,Equisetaceae,0,-3,,,N,,,
1022,EQUIX L,,Equisetum x litorale,(Equisetum arvense X Equisetum fluviatile),,-5,GNA,,NNA,,SNA,hyb,,,,hyb,hyb,hyb,,,,,hyb,hyb,FE,,N,,Equisetaceae,0,-5,,,N,,,
1026,EQUIX M,,Equisetum x mackayi,(Equisetum hyemale X Equisetum variegatum),,-3,GNA,,NNA,,SNA,hyb,,,,hyb,hyb,hyb,,hyb,hyb,hyb,hyb,hyb,FE,,N,,Equisetaceae,0,-3,,,N,,,
1024,EQUIX N,,Equisetum x nelsonii,(Equisetum laevigatum X Equisetum variegatum),,0,GNA,,NNA,,SNA,hyb,,,,,,,,hyb,,hyb,,hyb,FE,,N,,Equisetaceae,0,0,,,N,,,
22300,ERAGCAP,,Eragrostis capillaris,Lacegrass,8,5,G5,,NH,,SH,H,CZ,,,H,,,,,,,,,GR,,N,,Poaceae,8,5,,,Y,,,Y
22302,ERAGCIL,,Eragrostis cilianensis,Stinkgrass,,3,GNR,,NNA,,SE5,IU,,IU,IX,IX,IX,IU,IX,IC,IX,IR,IX,IX,GR,,I,,Poaceae,0,3,,,N,,,
22304,ERAGFRA,,Eragrostis frankii,Sandbar Lovegrass,3,-3,G5,,N4,,S4,U,,U,X,R,X,R,X,U,R,R,R,R,GR,,N,,Poaceae,3,-3,,,N,,,
22306,ERAGHYP,,Eragrostis hypnoides,Teal Lovegrass,7,-5,G5,,N4,,S4,R,cz,R,R,R,R,R,R,U,,,R,R,GR,,N,,Poaceae,7,-5,,,N,,,
22308,ERAGMIN,,Eragrostis minor,Little Lovegrass,,5,GNR,,NNA,,SE5,IC,,IU,IX,IX,IX,IC,IX,IC,IX,IU,IX,IX,GR,,I,,Poaceae,0,5,,,N,,,
22310,ERAGPEC,,Eragrostis pectinacea,Tufted Lovegrass,0,0,G5,,N5,,S5,,,,,,,,,,,,,,GR,Sum,N,,Poaceae,0,0,,,N,,,
22746,ERAGPEM,,Eragrostis pectinacea var. miserrima,Desert Lovegrass,,0,G5T4T5,,NNA,,SE1,IR,,IR,,,,,,,,,,,GR,Sum,I,,Poaceae,0,0,,,N,,,
22744,ERAGPEP,,Eragrostis pectinacea var. pectinacea,Tufted Lovegrass,0,0,G5T5,,N5,,S5,C,,C,X,X,X,C,X,C,X,U,U,X,GR,Sum,N,,Poaceae,0,0,,,N,,,
22312,ERAGPIL,,Eragrostis pilosa,Hairy Lovegrass,,3,G4,,NNA,,SE1,IR,,IR,,,,,,,,?,,,GR,,I,,Poaceae,0,3,,,N,,,
22742,ERAGPIP,,Eragrostis pilosa var. pilosa,Hairy Lovegrass,,3,G4TNR,,NNA,,SE1,IR,,IR,,,,,,,,?,,,GR,,I,,Poaceae,0,3,,,N,,,
22314,ERAGSPE,,Eragrostis spectabilis,Purple Lovegrass,6,5,G5,,N4,,S4,R,cz,R,X,R,R,R,IR,IR,,IR,,IR,GR,,N,,Poaceae,6,5,,,N,,,Y
64180,ERANHYE,,Eranthis hyemalis,Winter Aconite,,5,GNR,,NNA,,SE1,IR,,,,,,IR,,,,IR,,IR,FO,Win-Spr,I,,Ranunculaceae,0,5,,,N,,,
168392,ERECHIE,,Erechtites hieraciifolius,Eastern Burnweed,2,3,G5,,N5,,S5,C,,C,X,X,X,X,X,C,X,C,U,R,FO,Aut,N,,Asteraceae,2,3,,,N,,,
1004966,ERECHIH,,Erechtites hieraciifolius var. hieraciifolius,Eastern Burnweed,2,3,G5T5,,N5,,S5,C,,C,X,X,X,X,X,C,X,C,U,R,FO,Aut,N,,Asteraceae,2,3,,,N,,,
129038,ERIGBUL,,Erigenia bulbosa,Harbinger-of-spring,9,3,G5,,N2N3,,S2S3,R,cz,R,,R,U,U,,,R,,,H,FO,Spr,N,,Apiaceae,9,3,,,Y,,,
168846,ERIGACR,,Erigeron acris,Bitter Fleabane,,0,G5,,NNR,,S5,,,,,,,,,,,,,,FO,,N,,Asteraceae,0,0,,,N,,,
1008423,ERIGACK,,Erigeron acris var. kamtschaticus,Kamtchatka Fleabane,,0,G5T5,,N5,,S5,,,,,,,,,,,,,,FO,,N,,Asteraceae,0,0,,,N,,,
168396,ERIGANN,,Erigeron annuus,Annual Fleabane,0,3,G5,,N5,,S5,C,,C,X,X,C,C,X,U,C,C,C,C,FO,,N,,Asteraceae,0,3,,,N,,,
168354,ERIGCAN,,Erigeron canadensis,Canada Horseweed,0,3,G5,,N5,,S5,C,,C,X,X,C,C,X,C,C,C,C,U,FO,,N,,Asteraceae,0,3,,,N,,,Y
1009645,ERIGDIV,,Erigeron divaricatus,Dwarf Horseweed,,3,G5,,NNA,,SE1,,,,,,,,,,,,,,FO,,I,,Asteraceae,0,3,,,N,,,
168848,ERIGELA,,Erigeron elatus,Swamp Fleabane,,0,G5,,N5,,S4?,,,,,,,,,,,,,,FO,,N,,Asteraceae,0,0,,,N,,,
168398,ERIGGLA,,Erigeron glabellus,Streamside Fleabane,10,-3,G5,,NNR,,S1,,,,,,,,,,,,,,FO,,N,,Asteraceae,10,-3,,,Y,,,Y
1004523,ERIGGLP,,Erigeron glabellus var. pubescens,Streamside Fleabane,10,-3,G5T5,,N5,,S1,,,,,,,,,,,,,,FO,,N,,Asteraceae,10,-3,,,Y,,,Y
168402,ERIGHUM,,Erigeron humilis,Low Fleabane,,-3,G5,,N5,,SH,,,,,,,,,,,,,,FO,,N,,Asteraceae,,-3,,,Y,,,
168404,ERIGHYS,,Erigeron hyssopifolius,Hyssop-leaved Fleabane,10,-3,G5,,N5,,S5,,,,,,,,,,,,,,FO,,N,,Asteraceae,10,-3,,,N,HV,Mod,
168850,ERIGLON,,Erigeron lonchophyllus,Short-rayed Fleabane,,-3,G5,,N5,,S3?,,,,,,,,,,,,,,FO,,N,,Asteraceae,,-3,,,Y,,,
168406,ERIGPHI,,Erigeron philadelphicus,Philadelphia Fleabane,1,-3,G5,,N5,,S5,C,,C,X,X,C,C,X,C,C,C,C,C,FO,Spr,N,,Asteraceae,1,-3,,,P,,,
168410,ERIGPHP,,Erigeron philadelphicus var. philadelphicus,Philadelphia Fleabane,1,-3,G5T5,,N5,,S5,C,,C,X,X,C,C,X,C,C,C,C,C,FO,Spr,N,,Asteraceae,1,-3,,,N,,,
168408,ERIGPHR,,Erigeron philadelphicus var. provancheri,Provancher's Fleabane,10,-3,G5T3,SC,N3,,S2?,,,,,,,,,,,,,,FO,,N,,Asteraceae,10,-3,,,Y,,,
168412,ERIGPUL,,Erigeron pulchellus,Robin's-plantain Fleabane,7,3,G5,,N5,,S5,U,cz,R,R,R,X,R,X,U,U,R,C,R,FO,Spr,N,,Asteraceae,7,3,,,N,,,Y
1004526,ERIGPUP,,Erigeron pulchellus var. pulchellus,Robin's-plantain Fleabane,7,3,G5T5,,N5,,S5,U,cz,R,R,R,X,R,X,U,U,R,C,R,FO,,N,,Asteraceae,7,3,,,N,,,Y
168414,ERIGSTR,,Erigeron strigosus,Rough Fleabane,4,3,G5,,N5,,S5,C,,C,X,X,C,C,X,U,C,R,C,X,FO,,N,,Asteraceae,4,3,,,N,,,Y
1004529,ERIGSTS,,Erigeron strigosus var. septentrionalis,Northern Rough Fleabane,,,G5T5?,,NU,,SU,C,,C,X,X,C,C,X,U,C,R,C,X,FO,,N,,Asteraceae,,,,,N,,,
1004532,ERIGSTT,,Erigeron strigosus var. strigosus,Rough Fleabane,,,G5T5,,N5,,SU,C,,C,X,X,C,C,X,U,C,R,C,X,FO,,N,,Asteraceae,,,,,N,,,Y
27000,ERIOAQU,,Eriocaulon aquaticum,Seven-angled Pipewort,9,-5,G5,,N5,,S5,,,,,,,,,,,,,,FO,,N,,Eriocaulaceae,9,-5,,,N,,,
22316,ERIOCON,,Eriochloa contracta,Prairie Cupgrass,,0,G5,,NNA,,SEH,IH,,IH,,,,,,,,,,,GR,,I,,Poaceae,0,0,,,N,,,
23588,ERIOANG,,Eriophorum angustifolium,Narrow-leaved Cottongrass,9,-5,G5,,N5,,S5,H,,,,H,,,,,,,,,SE,,N,,Cyperaceae,9,-5,,,N,,,
1008235,ERIOANA,,Eriophorum angustifolium ssp. angustifolium,Narrow-leaved Cottongrass,9,-5,G5T5,,N5,,S5,H,,,,H,,,,,,,,,SE,,N,,Cyperaceae,9,-5,,,N,,,
23592,ERIOBRA,,Eriophorum brachyantherum,Closed-sheathed Cottongrass,,-5,G5,,N5,,S5,,,,,,,,,,,,,,SE,,N,,Cyperaceae,0,-5,,,N,,,
23594,ERIOCAL,,Eriophorum callitrix,Beautiful Cottongrass,,-5,G5,,N5,,S2S3,,,,,,,,,,,,,,SE,,N,,Cyperaceae,,-5,,,Y,,,
23598,ERIOGRA,,Eriophorum gracile,Slender Cottongrass,10,-5,G5,,N5,,S5,R,,,,R,R,,,R,,,,,SE,,N,,Cyperaceae,10,-5,,,N,,,
1010623,ERIOGRG,,Eriophorum gracile ssp. gracile,Slender Cottongrass,10,-5,G5T5,,N5,,S5,R,,,,R,R,,,R,,,,,SE,,N,,Cyperaceae,10,-5,,,N,,,
23600,ERIORUS,,Eriophorum russeolum,Russet Cottongrass,9,-5,G5,,N5,,S5,,,,,,,,,,,,,,SE,,N,,Cyperaceae,9,-5,,,N,,,
23816,ERIORUA,,Eriophorum russeolum ssp. albidum,Smooth-fruited Russet Cottongrass,9,-5,G5T4T5,,N4N5,,S5?,,,,,,,,,,,,,,SE,,N,,Cyperaceae,9,-5,,,N,,,
23814,ERIORUR,,Eriophorum russeolum ssp. russeolum,Russet Cottongrass,9,-5,G5T5,,N5,,S5?,,,,,,,,,,,,,,SE,,N,,Cyperaceae,9,-5,,,N,,,
23602,ERIOSCH,,Eriophorum scheuchzeri,Scheuchzer's Cottongrass,10,-5,G5,,N5,,S3,,,,,,,,,,,,,,SE,,N,,Cyperaceae,10,-5,,,Y,,,
1004972,ERIOSCS,,Eriophorum scheuchzeri ssp. scheuchzeri,Scheuchzer's Cottongrass,10,-5,G5T5,,N5,,S3,,,,,,,,,,,,,,SE,,N,,Cyperaceae,10,-5,,,Y,,,
23604,ERIOTEN,,Eriophorum tenellum,Rough Cottongrass,10,-5,G5,,N5,,S5,,,,,,,,,,,,,,SE,,N,,Cyperaceae,10,-5,,,N,,,
23606,ERIOVAG,,Eriophorum vaginatum,Tussock Cottongrass,10,-5,G5,,N5,,S5,R,,,,,,,,,,R,R,,SE,,N,,Cyperaceae,10,-5,,,N,,,
1009516,ERIOVAS,,Eriophorum vaginatum ssp. spissum,Dense Cottongrass,10,-5,G5T5,,N5,,S5,R,,,,,,,,,,R,R,,SE,,N,,Cyperaceae,10,-5,,,N,,,
23610,ERIOVIR,,Eriophorum virginicum,Tawny Cottongrass,8,-5,G5,,N5,,S5,R,,,,H,R,,,,R,R,R,,SE,,N,,Cyperaceae,8,-5,,,N,,,
23612,ERIOVII,,Eriophorum viridicarinatum,Green-keeled Cottongrass,9,-5,G5,,N5,,S5,R,,,,H,R,R,,R,R,R,,R,SE,,N,,Cyperaceae,9,-5,,,N,,,
1009564,ERIOX P,,Eriophorum x pylaieanum,(Eriophorum russeolum X Eriophorum vaginatum ssp. spissum),,,GNA,,NNA,,SNA,,,,,,,,,,,,,,SE,,N,,Cyperaceae,,,,,N,,,
86000,ERODCIC,,Erodium cicutarium,Common Storksbill,,5,GNR,,NNA,,SE3,IR,,IR,IX,IX,,IR,IX,IR,IX,IR,IR,IR,FO,,I,,Geraniaceae,0,5,,,N,,,
86002,ERODCII,,Erodium cicutarium ssp. cicutarium,Common Storksbill,,5,GNRTNR,,NNA,,SE3,IR,,IR,IX,IX,,IR,IX,IR,IX,IR,IR,IR,FO,,I,,Geraniaceae,0,5,,,N,,,
86004,ERODMOS,,Erodium moschatum,Musky Storksbill,,5,GNR,,NNA,,SEH,IH,,,,,IH,,,,,,,IR,FO,,I,,Geraniaceae,0,5,,,N,,,
73176,ERUCVES,,Eruca vesicaria,Garden Rocket,,5,GNR,,NNA,,SE1,IR,,,,IH,,,IH,,,,IR,,FO,,I,,Brassicaceae,0,5,,,N,,,
73178,ERUCVEA,,Eruca vesicaria ssp. sativa,Garden Rocket,,5,GNRTNR,,NNA,,SE1,IR,,,,IH,,,IH,,,,IR,,FO,,I,,Brassicaceae,0,5,,,N,,,
73180,ERUCGAL,,Erucastrum gallicum,Common Dog Mustard,,5,G5,,NNA,,SE5,IX,,IU,,IX,IX,IX,,IC,,IR,IX,IR,FO,,I,,Brassicaceae,0,5,,,N,,,
129044,ERYNPLA,,Eryngium planum,Plains Eryngo,,5,GNR,,NNA,,SE1,,,,,,,,,,,,,,FO,,I,,Apiaceae,0,5,,,N,,,
73182,ERYSASP,,Erysimum asperum,Prairie Rocket,,,G5,,N4N5,,SE1,IR,,IR,,IR,,,,,,,,,FO,Spr,I,,Brassicaceae,0,,,,N,,,
73268,ERYSCHE,,Erysimum cheiranthoides,Wormseed Wallflower,,3,G5,,N5,,S5,IC,,IC,IX,IX,IX,IX,IX,IC,IX,IU,IX,IU,FO,Spr,N,,Brassicaceae,0,3,,,N,,,
73184,ERYSHIE,,Erysimum hieraciifolium,European Wallflower,,5,GNR,,NNA,,SE5,,,,,,,,,,,,,,FO,,I,,Brassicaceae,0,5,,,N,,,
73186,ERYSINC,,Erysimum inconspicuum,Small-flowered Wallflower,,5,G5,,N5,,SU,IR,,,,IX,,IH,,,,,,IR,FO,,N,,Brassicaceae,,5,,,N,,,
73188,ERYSREP,,Erysimum repandum,Spreading Wallflower,,5,GNR,,NNA,,SE2,IR,,IR,IX,IH,IR,,,,,IR,,,FO,,I,,Brassicaceae,0,5,,,N,,,
1010415,ERYTGEY,,Erythranthe geyeri,Geyer's Yellow Monkeyflower,10,-5,G5,,N2,,S1,H,,,,,,,,,,,,H,FO,,N,,Scrophulariaceae,10,-5,,,Y,,,
153100,ERYTMOS,,Erythranthe moschata,Musk Monkeyflower,9,-5,G5,,N5,,S1S2,H,,,,,,,,,,,,H,FO,,N,,Phrymaceae,9,-5,,,Y,,,
32038,ERYTALB,,Erythronium albidum,White Trout-lily,8,3,G5,,N4,,S4,U,cz,U,R,X,X,U,,U,U,R,R,R,FO,Spr,N,,Liliaceae,8,3,,,N,,,
32040,ERYTAME,,Erythronium americanum,Yellow Trout-lily,5,5,G5,,N5,,S5,C,,C,X,X,X,C,X,C,C,C,C,C,FO,Spr,N,,Liliaceae,5,5,,,N,,,
32042,ERYTAMA,,Erythronium americanum ssp. americanum,Yellow Trout-lily,5,5,G5T5,,N5,,S5,C,,C,X,X,X,C,X,C,C,C,C,C,FO,Spr,N,,Liliaceae,5,5,,,N,,,
71004,ESCHCAL,,Eschscholzia californica,California Poppy,,5,G4,,NNA,,SE1,,,,,,,,,,,,,,FO,,I,,Papaveraceae,0,5,,,N,,,
100008,EUONATR,,Euonymus atropurpureus,Eastern Burning-bush,8,3,G5,,N3,,S3,R,cz,C,R,R,R,R,,R,R,R,R,H,SH,,N,,Celastraceae,8,3,,,Y,,,
100010,EUONEUR,,Euonymus europaeus,European Euonymus,,5,GNR,,NNA,,SE2,IR,,IR,IX,IR,IR,IR,IX,,IX,IU,,IR,SH,,I,,Celastraceae,0,5,,,N,,,
100012,EUONFOR,,Euonymus fortunei,Climbing Euonymus,,5,GNR,,NNA,,SE2,IR,,IR,IR,IR,IR,IR,,,IX,IU,IR,IU,SH,,I,,Celastraceae,0,5,,,N,,,
100014,EUONOBO,,Euonymus obovatus,Running Strawberry-bush,6,3,G5,,N4,,S4,C,cz,C,X,X,C,C,X,C,C,C,C,C,SH,,N,,Celastraceae,6,3,override,Suppl. CW value matches more closely with values from US Wetland Plant List and Michigan Flora,N,,,
168418,EUPAALT,,Eupatorium altissimum,Tall Boneset,3,5,G5,,N1,,S1,R,CZ,R,IX,IX,IR,IR,IX,IR,,IR,IR,IR,FO,Aut,N,,Asteraceae,3,5,,,Y,,,
168424,EUPAPER,,Eupatorium perfoliatum,Common Boneset,2,-3,G5,,N5,,S5,C,,C,X,X,C,C,X,C,C,C,C,C,FO,Aut,N,,Asteraceae,2,-3,,,N,,,
168436,EUPASER,,Eupatorium serotinum,Late Boneset,,0,G5,,NNA,,SE1,IR,,IR,,,IR,,,,,IR,,,FO,,I,,Asteraceae,0,0,,,N,,,
92020,EUPHCOM,,Euphorbia commutata,Tinted Woodland Spurge,10,5,G5,,N1,,S1,H,,,,,H,,,,,,,,FO,,N,,Euphorbiaceae,10,5,,,Y,MV,Mod,
92022,EUPHCOR,,Euphorbia corollata,Flowering Spurge,7,5,G5,,N4,,S4,U,cz,R,R,X,U,,X,C,U,,,,FO,Sum,N,,Euphorbiaceae,7,5,,,N,,,Y
92024,EUPHCYP,,Euphorbia cyparissias,Cypress Spurge,,5,G5,,NNA,,SE5,IU,,IR,IX,IX,IX,IX,IX,IU,IX,IU,IX,IR,FO,Sum,I,,Euphorbiaceae,0,5,,,N,,,
16800,EUPHDAV,,Euphorbia davidii,David's Spurge,,5,GNR,,NNA,,SE4,IU,,IU,IX,IX,IX,IX,IX,IU,IX,IR,IX,IX,FO,,I,,Euphorbiaceae,0,5,,,N,,,
92026,EUPHDEN,,Euphorbia dentata,Toothed Spurge,,5,G5,,NNA,,SE1,IR,,IR,,,,,,,,,,,FO,,I,,Euphorbiaceae,0,5,,,N,,,
92028,EUPHEPI,,Euphorbia epithymoides,Cushion Spurge,,5,GNR,,NNA,,SEH,IR,,,,,,,,,,,,IR,FO,,I,,Euphorbiaceae,0,5,,,N,,,
92032,EUPHEXI,,Euphorbia exigua,Dwarf Spurge,,5,GNR,,NNA,,SEH,IH,,,,,IH,,,,,IH,,,FO,,I,,Euphorbiaceae,0,5,,,N,,,
92002,EUPHGLY,,Euphorbia glyptosperma,Ridge-seeded Spurge,,5,G5,,N4N5,,SE5,IC,,IR,,IX,IX,IX,IX,IC,,IR,IX,IX,FO,,I,,Euphorbiaceae,0,5,,,N,,,
92034,EUPHHEL,,Euphorbia helioscopia,Sun Spurge,,5,G5,,NNA,,SE3,IR,,IH,,IH,IR,,,IR,,IR,IR,IX,FO,,I,,Euphorbiaceae,0,5,,,N,,,
92038,EUPHLAT,,Euphorbia lathyris,Caper Spurge,,5,GNR,,NNA,,SEH,,,,,,,,,,,,,,FO,,I,,Euphorbiaceae,0,5,,,N,,,
92006,EUPHMAC,,Euphorbia maculata,Spotted Spurge,,3,G5?,,NNA,,SE5,IC,,IC,IX,IX,IX,IX,IX,IC,IX,IU,IX,IX,FO,Sum,I,,Euphorbiaceae,0,3,,,N,,,
92042,EUPHMAR,,Euphorbia marginata,Snow-on-the-mountain,,3,G5,,NNA,,SE2,IR,,IR,,IX,IR,,IX,IR,,,IR,IR,FO,,I,,Euphorbiaceae,0,3,,,N,,,
92044,EUPHMYR,,Euphorbia myrsinites,Myrtle Spurge,,5,GNR,,NNA,,SE1,,,,,,,,,,,,,,FO,,I,,Euphorbiaceae,0,5,,,N,,,
92008,EUPHNUT,,Euphorbia nutans,Nodding Spurge,0,3,G5,,N4N5,,S4,C,cz,C,R,X,R,R,,C,X,R,U,X,FO,,N,,Euphorbiaceae,0,3,,,N,,,
92048,EUPHPEP,,Euphorbia peplus,Petty Spurge,,5,GNR,,NNA,,SE4,IR,,,,IX,IR,IR,,IR,,IR,IX,IX,FO,,I,,Euphorbiaceae,0,5,,,N,,,
92050,EUPHPLA,,Euphorbia platyphyllos,Broad-leaved Spurge,,5,GNR,,NNA,,SE2?,IR,,IU,IX,IX,,IR,IX,IR,,IR,IR,IX,FO,,I,,Euphorbiaceae,0,5,,,N,,,
92010,EUPHPOL,,Euphorbia polygonifolia,Seaside Spurge,10,5,G5?,,N4,,S4,R,cz,R,R,R,,R,,U,,R,R,R,FO,,N,,Euphorbiaceae,10,5,,,N,,,
92012,EUPHSER,,Euphorbia serpens,Matted Spurge,,-3,G5,,N1,,SE1,IR,,IR,IH,,,,,,,,,,FO,,I,,Euphorbiaceae,0,-3,override,Suppl. CW value matches more closely with values from US Wetland Plant List and Michigan Flora,N,,,
92014,EUPHSEP,,Euphorbia serpillifolia,Thyme-leaved Spurge,,5,G5,,N4N5,,S2?,IR,,,,,IR,IR,,,,,IH,IR,FO,,N,,Euphorbiaceae,,5,,,Y,,,
1010107,EUPHSES,,Euphorbia serpillifolia ssp. serpillifolia,Thyme-leaved Spurge,,5,G5T5,,N4N5,,S2?,IR,,,,,IR,IR,,,,,IH,IR,FO,,N,,Euphorbiaceae,0,5,,,Y,,,
92046,EUPHSPA,,Euphorbia spathulata,Blunt-leaved Spurge,10,3,G5,,N1,,S1,R,CZ,R,,,,,,,,,,,FO,,N,,Euphorbiaceae,10,3,,,Y,,,
92016,EUPHVER,,Euphorbia vermiculata,Wormseed Spurge,0,5,G5,,N5,,S5,R,,R,,X,X,X,,U,,R,R,X,FO,,N,,Euphorbiaceae,0,5,,,N,,,
1010113,EUPHX G,,Euphorbia x gayeri,(Euphorbia cyparissias X Euphorbia virgata),,5,GNA,,NNA,,SNA,,,,,,,,,,,,,,FO,,I,,Euphorbiaceae,0,5,,,N,,,
92056,EUPHX P,,Euphorbia x pseudoesula,(Euphorbia cyparissias X Euphorbia esula),,5,GNA,,NNA,,SNA,hyb,,,,,,,,,,,,hyb,FO,,I,,Euphorbiaceae,0,5,,,N,,,
1010116,EUPHX S,,Euphorbia x pseudolucida,(Euphorbia lucida X Euphorbia virgata),,5,GNA,,NNA,,SNA,,,,,,,,,,,,,,FO,,I,,Euphorbiaceae,0,5,,,N,,,
1010451,EUPHX E,,Euphorbia x pseudovirgata,(Euphorbia esula X Euphorbia virgata),,5,GNA,,NNA,,SNA,,,,,,,,,,,,,,FO,,I,,Euphorbiaceae,0,5,,,N,,,
1010007,EUPHARC,,Euphrasia arctica,Arctic Eyebright,,0,GNR,,NNR,,S1,,,,,,,,,,,,,,FO,,N,,Scrophulariaceae,,0,,,P,,,
1010010,EUPHARA,,Euphrasia arctica ssp. arctica,Arctic Eyebright,,0,GNRTNR,,NNR,,S1,,,,,,,,,,,,,,FO,,N,,Scrophulariaceae,,0,,,Y,,,
1256899,EUPHARB,,Euphrasia arctica ssp. borealis,Boreal Eyebright,,0,GNRTNR,,NNR,,SU,,,,,,,,,,,,,,FO,,N,,Scrophulariaceae,,0,,,N,,,
1010019,EUPHFAR,,Euphrasia farlowii,Farlow's Eyebright,,-3,GNR,,NNR,,S1S3,,,,,,,,,,,,,,FO,,N,,Scrophulariaceae,,-3,,,Y,,,
153058,EUPHHUD,,Euphrasia hudsoniana,Hudson Bay Eyebright,,3,G5?,,N4N5,,S4?,,,,,,,,,,,,,,FO,,N,,Scrophulariaceae,0,3,override,Suppl. CW value matches more closely with value from Michigan Flora,N,,,
1010013,EUPHMIC,,Euphrasia micrantha,Northern Eyebright,,0,GNRQ,,NNA,,SE,,,,,,,,,,,,,,FO,,I,,Scrophulariaceae,0,0,,,N,,,
153060,EUPHNEM,,Euphrasia nemorosa,Common Eyebright,,3,G5,,N5,,SU,,,,,,,,,,,,,,FO,,N,,Scrophulariaceae,,3,override,Suppl. CW value matches more closely with value from Michigan Flora,N,,,
1010749,EUPHOST,,Euphrasia ostenfeldii,Ostenfeld's Eyebright,,0,GNR,,NNR,,S1S3,,,,,,,,,,,,,,FO,,N,,Scrophulariaceae,,0,,,Y,,,
153062,EUPHSTR,,Euphrasia stricta,Stiff Eyebright,,0,GNR,,NNA,,SE4?,,,,,,,,,,,,,,FO,,I,,Scrophulariaceae,0,0,,,N,,,
1256905,EUPHSTB,,Euphrasia stricta var. brevipila,Stiff Eyebright,,0,GNRTNR,,NNA,,SE,,,,,,,,,,,,,,FO,,I,,Scrophulariaceae,0,0,,,N,,,
1256902,EUPHSTS,,Euphrasia stricta var. stricta,Stiff Eyebright,,0,GNRTNR,,NNA,,SE,,,,,,,,,,,,,,FO,,I,,Scrophulariaceae,0,0,,,N,,,
1010022,EUPHSUB,,Euphrasia suborbicularis,Round-leaved Eyebright,,0,G5,,NU,,S1,,,,,,,,,,,,,,FO,,N,,Scrophulariaceae,,0,,,Y,,,
1010752,EUPHTET,,Euphrasia tetraquetra,Maritime Eyebright,,0,GNRQ,,NNA,,SE1?,,,,,,,,,,,,,,FO,,I,,Scrophulariaceae,0,0,,,N,,,
153064,EUPHVIN,,Euphrasia vinacea,Burgundy Eyebright,,0,GU,,NU,,SH,,,,,,,,,,,,,,FO,,N,,Scrophulariaceae,,0,,,Y,,,
1010025,EUPHWET,,Euphrasia wettsteinii,Wettstein's Eyebright,,0,GNR,,N5?,,S4?,,,,,,,,,,,,,,FO,,N,,Scrophulariaceae,0,0,,,N,,,
168146,EURYDIV,,Eurybia divaricata,White Wood Aster,10,5,G5,THR,N3,THR,S3,U,CZ,,,,,,,,,U,H,,FO,Aut,N,,Asteraceae,10,5,,,Y,,,
168190,EURYMAC,,Eurybia macrophylla,Large-leaved Aster,5,5,G5,,N5,,S5,C,,C,X,X,C,C,X,C,C,C,C,C,FO,Sum-Aut,N,,Asteraceae,5,5,,,N,,,
168228,EURYRAD,,Eurybia radula,Low Rough Aster,,-5,G5,,N5,,S1S2,,,,,,,,,,,,,,FO,,N,,Asteraceae,,-5,,,Y,,,
168232,EURYSCH,,Eurybia schreberi,Schreber's Aster,8,5,G4,,N2,,S2,R,CZ,,,,R,R,R,R,,R,R,H,FO,Aut,N,,Asteraceae,8,5,,,Y,,,
17266,EUTHCAR,,Euthamia caroliniana,Slender Fragrant Goldenrod,10,-3,G5,,N4,,S1,R,CZ,R,R,R,,,,,,,,,FO,,N,,Asteraceae,10,-3,,,Y,,,Y
168438,EUTHGRA,,Euthamia graminifolia,Grass-leaved Goldenrod,2,0,G5,,N5,,S5,C,,C,X,X,C,C,X,C,C,C,C,C,FO,Sum-Aut,N,,Asteraceae,2,0,,,N,,,
168422,EUTRMAC,,Eutrochium maculatum,Spotted Joe Pye Weed,3,-5,G5,,N5,,S5,,,,,,,,,,,,,,FO,,N,,Asteraceae,3,-5,,,N,,,
168956,EUTRMAB,,Eutrochium maculatum var. bruneri,Bruner's Spotted Joe Pye Weed,3,-5,G5T5,,N5,,S4?,,,,,,,,,,,,,,FO,,N,,Asteraceae,3,-5,,,N,,,
168957,EUTRMAF,,Eutrochium maculatum var. foliosum,Leafy Spotted Joe Pye Weed,3,-5,G5T5,,N5,,S4S5,,,,,,,,,,,,,,FO,,N,,Asteraceae,3,-5,,,N,,,
168955,EUTRMAM,,Eutrochium maculatum var. maculatum,Spotted Joe Pye Weed,3,-5,G5T5,,N5,,S5,C,,C,X,X,C,C,X,C,C,C,C,C,FO,Aut,N,,Asteraceae,3,-5,,,N,,,
168426,EUTRPUR,,Eutrochium purpureum,Purple Joe Pye Weed,8,0,G5,,N4,,S4,R,cz,R,R,R,R,R,,U,R,R,R,R,FO,Sum,N,,Asteraceae,8,0,,,N,,,Y
168428,EUTRPUP,,Eutrochium purpureum var. purpureum,Purple Joe Pye Weed,8,0,G5T5?,,N4,,S4,R,cz,R,R,R,R,R,,U,R,R,R,R,FO,Sum,N,,Asteraceae,8,0,,,N,,,Y
1010129,EXOCRAC,,Exochorda racemosa,Common Pearlbush,,5,G5,,NNA,,SE1,IR,,,,,,,,,,IR,,,SH,,I,,Rosaceae,0,5,,,N,,,
54000,FAGOESC,,Fagopyrum esculentum,Common Buckwheat,,5,GNR,,NNA,,SE3,IR,,IR,,,IR,,,IR,IX,IH,IR,IX,FO,,I,,Polygonaceae,0,5,,,N,,,
54114,FAGOTAT,,Fagopyrum tataricum,Tartarian Buckwheat,,5,GNR,,NNA,,SE1,,,,,,,,,,,,,,FO,,I,,Polygonaceae,0,5,,,N,,,
46002,FAGUGRA,,Fagus grandifolia,American Beech,6,3,G5,,N5,,S4,C,,C,X,X,C,C,X,C,C,C,C,C,TR,,N,,Fagaceae,6,3,,,N,,,
54030,FALLCIL,,Fallopia cilinodis,Fringed Black Bindweed,2,5,G5,,N5,,S5,R,,?,,H,,,,H,,R,R,R,VI,,N,,Polygonaceae,2,5,,,N,,,
54032,FALLCON,,Fallopia convolvulus,Eurasian Black Bindweed,,3,GNR,,NNA,,SE5,IC,,IC,IX,IX,IX,IX,IX,IC,IX,IU,IX,IX,VI,Sum,I,,Polygonaceae,0,3,,,N,,,
54132,FALLDUM,,Fallopia dumetorum,Hedge Bindweed,,0,GU,,NNA,,SEH,IH,,,,,,,,,,IH,,,VI,,I,,Polygonaceae,0,0,,,N,,,
54072,FALLSCA,,Fallopia scandens,Climbing False Buckwheat,3,0,G5,,N4N5,,S4S5,U,,C,X,R,X,X,,U,X,U,R,R,VI,,N,,Polygonaceae,3,0,,,N,,,
22320,FESTBAF,,Festuca baffinensis,Baffin Island Fescue,,3,G5,,N5,,SH,,,,,,,,,,,,,,GR,,N,,Poaceae,,3,,,Y,,,
22322,FESTBRA,,Festuca brachyphylla,Short-leaved Fescue,,3,G5,,N5,,S4?,,,,,,,,,,,,,,GR,,N,,Poaceae,0,3,,,N,,,
1004535,FESTBRB,,Festuca brachyphylla ssp. brachyphylla,Short-leaved Fescue,,3,G5T5,,N5,,S4?,,,,,,,,,,,,,,GR,,N,,Poaceae,0,3,,,N,,,
22324,FESTFIL,,Festuca filiformis,Hair Fescue,,5,G5,,NNA,,SE2,IR,,,,,IR,IR,,IR,IX,IR,IR,IR,GR,,I,,Poaceae,0,5,,,N,,,
22326,FESTHAL,,Festuca hallii,Plains Rough Fescue,,5,G5,,N5,,S1,,,,,,,,,,,,,,GR,,N,,Poaceae,,5,,,Y,,,Y
22328,FESTOCC,,Festuca occidentalis,Western Fescue,9,5,G5,,N5,,S4,,,,,,,,,,,,,,GR,,N,,Poaceae,9,5,,,N,,,
1004976,FESTPRO,,Festuca prolifera,Proliferous Fescue,,0,G4G5,,N4N5,,S4?,,,,,,,,,,,,,,GR,,N,,Poaceae,0,0,,,N,,,
1010359,FESTPRL,,Festuca prolifera var. lasiolepis,Pubescent Proliferous Fescue,,,G4G5T3,,N3,,SU,,,,,,,,,,,,,,GR,,N,,Poaceae,,,,,N,,,
1010356,FESTPRP,,Festuca prolifera var. prolifera,Proliferous Fescue,,,G4G5TNR,,N3,,SU,,,,,,,,,,,,,,GR,,N,,Poaceae,,,,,N,,,
22332,FESTRUB,,Festuca rubra,Red Fescue,,3,G5,,NNR,,S5,,,,,,,,,,,,,,GR,,N,,Poaceae,0,3,,,P,,,
205808,FESTRUA,,Festuca rubra ssp. arctica,Arctic Red Fescue,,3,G--T5,,N5,,S1?,,,,,,,,,,,,,,GR,,N,,Poaceae,,3,,,Y,,,
1008245,FESTRUC,,Festuca rubra ssp. commutata,Chewing's Fescue,,3,G5TNR,,NNA,,SE1,,,,,,,,,,,,,,GR,,I,,Poaceae,0,3,,,N,,,
1004982,FESTRUF,,Festuca rubra ssp. fallax,Flat-leaved Red Fescue,,3,G5TNR,,NNR,,SE,,,,,,,,,,,,,,GR,,I,,Poaceae,0,3,,,N,,,
1004542,FESTRUR,,Festuca rubra ssp. rubra,Red Fescue,,3,G5T5,,NNA,,SE5,IC,,IR,IX,IX,IX,IR,IX,IC,IX,IC,IX,IR,GR,,I,,Poaceae,0,3,,,N,,,
22336,FESTSAX,,Festuca saximontana,Rocky Mountain Fescue,9,5,G5,,N5,,S4,R,,,,R,,H,,R,,,,,GR,,N,,Poaceae,9,5,,,N,,,
1004545,FESTSAS,,Festuca saximontana var. saximontana,Rocky Mountain Fescue,9,5,G5T5,,N5,,S4,R,,,,R,,H,,R,,,,,GR,,N,,Poaceae,9,5,,,N,,,
22338,FESTSUB,,Festuca subverticillata,Nodding Fescue,6,3,G5,,N4,,S4,C,,C,X,X,X,U,X,C,C,U,U,U,GR,,N,,Poaceae,6,3,,,N,,,
22756,FESTTRA,,Festuca trachyphylla,Hard Fescue,,5,GNR,,NNA,,SE4,IU,,IR,IX,IX,IX,IR,IX,IR,IX,IR,IX,IR,GR,,I,,Poaceae,0,5,,,N,,,
64080,FICAVER,,Ficaria verna,Fig-root Buttercup,,-3,GNR,,NNA,,SE1,IR,,IR,IR,,IR,,,,,IR,IR,IR,FO,,I,,Ranunculaceae,0,-3,,,N,,,
1010629,FICUCAR,,Ficus carica,Common Fig,,5,GNR,,NNA,,SE1,IR,,IR,,,,,,,,,,,SH,,I,,Moraceae,0,5,,,N,,,
82150,FILIRUB,,Filipendula rubra,Queen-of-the-prairie,,-3,G4G5,,NNA,,SE1,IR,,,,,,IR,,,,,,IR,FO,,I,,Rosaceae,0,-3,,,N,,,
82152,FILIULM,,Filipendula ulmaria,Queen-of-the-meadow,,0,G5,,NNA,,SE1,IR,,,,,,,,,,IH,,IR,FO,,I,,Rosaceae,0,0,,,N,,,
82156,FILIVUL,,Filipendula vulgaris,Dropwort,,5,G5,,NNA,,SE1,IR,,,,IX,,,,,,,,IR,FO,,I,,Rosaceae,0,5,,,N,,,
23616,FIMBAUT,,Fimbristylis autumnalis,Slender Fimbristylis,9,-3,G5,,N4,,S4,R,,R,,H,,,,R,,,,,SE,,N,,Cyperaceae,9,-3,,,N,,,
23620,FIMBPUB,,Fimbristylis puberula,Hairy Fimbristylis,10,-5,G5,,N1,,S1,R,CZ,,,R,,,,,,,,,SE,,N,,Cyperaceae,10,-5,,,Y,,,Y
23622,FIMBPUP,,Fimbristylis puberula var. puberula,Hairy Fimbristylis,10,-5,G5T5,,N1,,S1,R,CZ,,,R,,,,,,,,,SE,,N,,Cyperaceae,10,-5,,,Y,,,Y
96000,FLOEPRO,,Floerkea proserpinacoides,False Mermaidweed,9,0,G5,NAR,N4N5,,S4,U,cz,C,X,R,X,X,,U,R,R,U,R,FO,Spr,N,,Limnanthaceae,9,0,,,N,,,
129046,FOENVUL,,Foeniculum vulgare,Sweet Fennel,,5,GNR,,NNA,,SE1?,IR,,,,IH,,,,,,IH,,,FO,,I,,Apiaceae,0,5,,,N,,,
1004548,FORSSUS,,Forsythia suspensa,Weeping Forsythia,,5,GNR,,NNA,,SE1,,,,,,,,,,,,,,SH,,I,,Oleaceae,0,5,,,N,,,
141002,FORSVIR,,Forsythia viridissima,Green-stemmed Forsythia,,5,GNR,,NNA,,SE2,IR,,,IR,,IR,,,,,IR,,IR,SH,,I,,Oleaceae,0,5,,,N,,,
82158,FRAGVES,,Fragaria vesca,Woodland Strawberry,4,3,G5,,N5,,S5,,,,,,,,,,,,,,FO,Spr,N,,Rosaceae,4,3,,,N,,,
82160,FRAGVEA,,Fragaria vesca ssp. americana,American Woodland Strawberry,4,3,G5T5,,N5,,S5,U,,H,R,R,X,X,X,U,U,C,C,C,FO,,N,,Rosaceae,4,3,,,N,,,
82486,FRAGVEV,,Fragaria vesca ssp. vesca,Woodland Strawberry,,3,G5T4T5,,NNA,,SE,,,,,,,,,,,,,,FO,,I,,Rosaceae,0,3,,,N,,,
82162,FRAGVIR,,Fragaria virginiana,Wild Strawberry,2,3,G5,,N5,,S5,C,,C,X,X,C,C,X,C,C,C,C,C,FO,Spr,N,,Rosaceae,2,3,,,N,,,Y
82164,FRAGVIG,,Fragaria virginiana ssp. glauca,Smooth Wild Strawberry,2,3,G5T5,,N5,,S4S5,C,,C,X,X,C,C,X,C,C,C,C,C,FO,Spr,N,,Rosaceae,2,3,,,N,,,
82166,FRAGVIV,,Fragaria virginiana ssp. virginiana,Wild Strawberry,2,3,G5T5,,N5,,S5,C,,C,X,X,C,C,X,C,C,C,C,C,FO,Spr,N,,Rosaceae,2,3,,,N,,,Y
1298250,FRAGX A,,Fragaria x ananassa,(Fragaria chiloensis X F. virginiana),,,GNA,,NNA,,SE1,,,,,,,,,,,,,,FO,,I,,Rosaceae,,,,,N,,,
143010,FRASCAR,,Frasera caroliniensis,American Columbo,10,5,G5,END,N2,END,S2,R,cz,,,H,,,?,R,R,R,R,,FO,Sum,N,,Gentianaceae,10,5,,,Y,,,Y
141004,FRAXAME,,Fraxinus americana,White Ash,4,3,G5,,N5,,S4,C,,C,X,X,C,C,X,C,C,C,C,C,TR,,N,,Oleaceae,4,3,,,N,,,
141006,FRAXEXC,,Fraxinus excelsior,European Ash,,3,GNR,,NNA,,SE2,IR,,,,,,,,,,IR,IR,IR,TR,,I,,Oleaceae,0,3,,,N,,,
141008,FRAXNIG,,Fraxinus nigra,Black Ash,7,-3,G5,THR,N5,,S3,C,,C,X,X,X,X,X,C,U,U,C,C,TR,,N,,Oleaceae,7,-3,,,Y,MV,Mod,
141010,FRAXPEN,,Fraxinus pennsylvanica,Red Ash,3,-3,G5,,N5,,S4,C,,C,X,X,C,C,X,C,C,C,C,C,TR,,N,,Oleaceae,3,-3,,,N,,,
141016,FRAXPRO,,Fraxinus profunda,Pumpkin Ash,9,-5,G4,,N2?,,S2?,R,CZ,R,R,R,?,R,,R,,R,,,TR,,N,,Oleaceae,9,-5,,,Y,MV,High,
141018,FRAXQUA,,Fraxinus quadrangulata,Blue Ash,9,3,G5,THR,N2?,THR,S2?,R,CZ,R,R,R,R,R,,,,,,,TR,,N,,Oleaceae,9,3,,,Y,,,
56018,FROEGRA,,Froelichia gracilis,Slender Cottonweed,,5,G5,,NNA,,SEH,IH,,IH,,,,,,IH,,,,,FO,,I,,Amaranthaceae,0,5,,,N,,,
23624,FUIRPUM,,Fuirena pumila,Dwarf Umbrella Sedge,10,-5,G4,,NX,,SX,H,CZ,,,,,,,,,H,,,SE,,N,,Cyperaceae,10,-5,,,Y,,,
71514,FUMAOFF,,Fumaria officinalis,Common Fumitory,,5,G5,,NNA,,SE3,IR,,,,,,,,,,IR,IR,IR,FO,,I,,Fumariaceae,0,5,,,N,,,
168444,GAILARI,,Gaillardia aristata,Great Blanketflower,,5,G5,,N5,,SE1,IR,,,,,,,,,,IR,IR,,FO,,I,,Asteraceae,0,5,,,N,,,
168446,GAILPUL,,Gaillardia pulchella,Firewheel Blanketflower,,5,G4G5,,NNA,,SE1,IR,,IR,,,,IR,,,IX,,,IR,FO,Sum,I,,Asteraceae,0,5,,,N,,,
1256924,GAILX G,,Gaillardia x grandiflora,(Gaillardia aristata X Gaillardia pulchella),,5,GNA,,NNA,,SNA,,,,,,,,,,,,,,FO,,I,,Asteraceae,0,5,,,N,,,
1268561,GALAELW,,Galanthus elwesii,Giant Snowdrop,,5,GNR,,NNA,,SE1,,,,,,,,,,,,,,FO,,I,,Liliaceae,,5,,,N,,,
32044,GALANIV,,Galanthus nivalis,Common Snowdrop,,5,GNR,,NNA,,SE1,IR,,,,,IR,,,,,,,IX,FO,Win-Spr,I,,Liliaceae,0,5,,,N,,,
39000,GALEROT,,Galearis rotundifolia,Small Round-leaved Orchid,9,-5,G5,,N5,,S4,,,,,,,,,,,,,,FO,,N,,Orchidaceae,9,-5,,,N,,,
39042,GALESPE,,Galearis spectabilis,Showy Orchis,9,3,G5,,N4,,S4?,R,,R,R,R,R,R,X,R,R,R,R,R,FO,Spr,N,,Orchidaceae,9,3,,,N,,,
83096,GALEOFF,,Galega officinalis,Common Goat's-rue,,0,GNR,,NNA,,SE1,IR,,,,,,,,,,IR,,IR,FO,,I,,Fabaceae,0,0,,,N,,,
151180,GALEBIF,,Galeopsis bifida,Bifid Hemp-nettle,,3,G5,,NNA,,SE,,,,,,,,,,,,,,FO,,I,,Lamiaceae,0,3,,,N,,,
151036,GALESPC,,Galeopsis speciosa,Large-flowered Hemp-nettle,,3,GNR,,NNA,,SE1,,,,,,,,,,,,,,FO,,I,,Lamiaceae,0,3,,,N,,,
151038,GALETET,,Galeopsis tetrahit,Common Hemp-nettle,,3,GNR,,NNA,,SE5,IR,,IR,,IX,IX,IX,IX,IR,,IR,IX,IU,FO,,I,,Lamiaceae,0,3,,,N,,,
168448,GALIPAR,,Galinsoga parviflora,Small-flowered Galinsoga,,5,G4G5,,NNA,,SE1,IR,,,,?,,IR,,IR,,,IR,IR,FO,,I,,Asteraceae,0,5,,,N,,,
1008246,GALIPAP,,Galinsoga parviflora var. parviflora,Small-flowered Galinsoga,,5,G4G5TNR,,NNA,,SE1,IR,,,,?,,IR,,IR,,,IR,IR,FO,,I,,Asteraceae,0,5,,,N,,,
168450,GALIQUA,,Galinsoga quadriradiata,Hairy Galinsoga,,3,GNR,,NNA,,SE5,IU,,IU,IX,IX,IR,IR,,IR,,IR,IC,IX,FO,,I,,Asteraceae,0,3,,,N,,,
161002,GALIAPA,,Galium aparine,Common Bedstraw,4,3,G5,,N5,,S5,C,,C,X,X,X,X,X,C,C,C,C,U,FO,Spr,N,,Rubiaceae,4,3,,,N,,,
161004,GALIASP,,Galium asprellum,Rough Bedstraw,6,-5,G5,,N5,,S5,C,,R,R,R,X,X,X,C,X,C,C,U,FO,,N,,Rubiaceae,6,-5,,,N,,,
161006,GALIBOR,,Galium boreale,Northern Bedstraw,7,0,G5,,N5,,S5,U,,R,R,X,X,X,X,U,C,U,C,R,FO,,N,,Rubiaceae,7,0,,,N,,,Y
161008,GALIBRE,,Galium brevipes,Limestone Swamp Bedstraw,8,-5,G4?,,N2N3,,S2S3,R,,,,,R,,,,,,R,,FO,,N,,Rubiaceae,8,-5,,,Y,,,
161010,GALICIR,,Galium circaezans,Licorice Bedstraw,7,3,G5,,N5,,S5,C,,C,X,X,X,X,X,C,C,U,C,R,FO,,N,,Rubiaceae,7,3,,,N,,,
161012,GALICON,,Galium concinnum,Shining Bedstraw,9,3,G5,,N1,,S1,R,CZ,,,,R,,,,?,,,,FO,,N,,Rubiaceae,9,3,,,Y,,,
161058,GALIGLA,,Galium glaucum,Waxy Bedstraw,,,GNR,,NNA,,SEH,,,,,,,,,,,,,,FO,,I,,Rubiaceae,0,,,,N,,,
161014,GALIKAM,,Galium kamtschaticum,Northern Wild Licorice,,-3,G5,,N4,,S2,,,,,,,,,,,,,,FO,,N,,Rubiaceae,,-3,,,Y,,,
161016,GALILAB,,Galium labradoricum,Labrador Bedstraw,9,-5,G5,,N5,,S5,R,,,,R,R,,,R,,,,,FO,Sum,N,,Rubiaceae,9,-5,,,N,,,
161018,GALILAN,,Galium lanceolatum,Lance-leaved Wild Licorice,8,5,G5,,N5,,S5,U,,R,R,R,X,X,,C,R,U,U,R,FO,,N,,Rubiaceae,8,5,,,N,,,
161022,GALIOBT,,Galium obtusum,Blunt-leaved Bedstraw,6,-3,G5,,N4N5,,S4S5,C,,C,X,X,R,R,,C,C,R,C,R,FO,,N,,Rubiaceae,6,-3,,,N,,,
161060,GALIODO,,Galium odoratum,Sweet-scented Bedstraw,,5,GNR,,NNA,,SE1,IR,,,,,IR,,,,,IR,IR,IR,FO,Sum,I,,Rubiaceae,0,5,,,N,,,
161024,GALIPAL,,Galium palustre,Common Marsh Bedstraw,5,-5,G5,,N5,,S5,R,,R,X,R,X,X,X,R,X,C,C,C,FO,,N,,Rubiaceae,5,-5,,,N,,,
161026,GALIPIL,,Galium pilosum,Hairy Bedstraw,9,5,G5,,N3,,S3,R,cz,R,R,R,R,R,,U,,H,,,FO,,N,,Rubiaceae,9,5,,,Y,,,Y
161028,GALIPIP,,Galium pilosum var. pilosum,Hairy Bedstraw,9,5,G5T5?,,N3,,S3,R,cz,R,R,R,R,R,,U,,H,,,FO,,N,,Rubiaceae,9,5,,,Y,,,Y
161030,GALISPU,,Galium spurium,False Cleavers,,3,GNR,,NNA,,SE2?,IX,,,,IX,IX,,,,,,,,FO,,I,,Rubiaceae,0,3,,,N,,,
161032,GALISYL,,Galium sylvaticum,Wood Bedstraw,,5,GNR,,NNA,,SE1,IR,,,,,IR,,,,,,,IR,FO,,I,,Rubiaceae,0,5,,,N,,,
161034,GALITIN,,Galium tinctorium,Dyer's Bedstraw,5,-5,G5,,N5,,S5,U,,U,,R,R,X,,U,U,R,C,R,FO,,N,,Rubiaceae,5,-5,,,N,,,
161062,GALITRI,,Galium tricornutum,Rough-fruit Corn Bedstraw,,-5,GNR,,NNA,,SEH,IH,,,,,IH,,,,,,,,FO,,I,,Rubiaceae,0,-5,,,N,,,
161036,GALITRF,,Galium trifidum,Three-petalled Bedstraw,5,-3,GNR,,N5,,S5,,,,,,,,,,,,,,FO,Sum,N,,Rubiaceae,5,-3,,,N,,,
161038,GALITRS,,Galium trifidum ssp. subbiflorum,Calcareous Three-petalled Bedstraw,5,-3,G5T5,,NNR,,SU,,,,,,,,,,,,,,FO,,N,,Rubiaceae,5,-3,,,N,,,
161040,GALITRT,,Galium trifidum ssp. trifidum,Three-petalled Bedstraw,5,-3,G5T5,,N5,,S5,U,,R,R,R,R,X,X,U,X,U,C,R,FO,Sum,N,,Rubiaceae,5,-3,,,N,,,
161042,GALITRL,,Galium triflorum,Three-flowered Bedstraw,4,3,G5,,N5,,S5,C,,C,X,X,X,X,X,C,C,C,C,C,FO,Sum,N,,Rubiaceae,4,3,,,N,,,
168454,GAMOPUR,,Gamochaeta purpurea,Spoon-leaved Purple Everlasting,10,3,G5,,NX,,SX,H,CZ,H,,,,,,,,H,,,FO,,N,,Asteraceae,10,3,,,Y,,,
133018,GAULHIS,,Gaultheria hispidula,Creeping Snowberry,8,-3,G5,,N5,,S5,R,,,,H,R,,,R,R,H,R,H,SH,Spr-Sum,N,,Ericaceae,8,-3,,,N,,,
133020,GAULPRO,,Gaultheria procumbens,Eastern Teaberry,6,3,G5,,N5,,S5,C,,H,R,R,X,X,X,C,U,U,C,R,SH,Spr-Sum,N,,Ericaceae,6,3,,,N,,,
133022,GAYLBAC,,Gaylussacia baccata,Black Huckleberry,8,3,G5,,N5,,S4,R,,U,R,X,R,R,X,C,R,R,U,R,SH,,N,,Ericaceae,8,3,,,N,,,
83098,GENITIN,,Genista tinctoria,Dyer's Greenweed,,,GNR,,NNA,,SE1,,,,,,,,,,,,,,SH,,I,,Fabaceae,0,,,,N,,,
1268592,GENTAFF,,Gentiana affinis,Pleated Gentian,,,G5,,N4N5,,SEH,,,,,,,,,,,,,,FO,,I,,Gentianaceae,,,,,N,,,
1268595,GENTAFA,,Gentiana affinis var. affinis,Pleated Gentian,,,G5TNR,,N4N5,,SEH,,,,,,,,,,,,,,FO,,I,,Gentianaceae,,,,,N,,,
143012,GENTALB,,Gentiana alba,White Prairie Gentian,10,3,G4,END,N1,END,S1,R,cz,H,,R,,,,,,,,,FO,,N,,Gentianaceae,10,3,,,Y,MV,VH,Y
143014,GENTAND,,Gentiana andrewsii,Andrews' Bottle Gentian,6,-3,G5?,,N4N5,,S4,U,,U,X,X,X,U,X,U,U,U,C,R,FO,Aut,N,,Gentianaceae,6,-3,,,N,,,Y
1010049,GENTANA,,Gentiana andrewsii var. andrewsii,Andrews' Bottle Gentian,6,-3,G5?T5?,,N4N5,,S4,U,,U,X,X,X,U,X,U,U,U,C,R,FO,Aut,N,,Gentianaceae,6,-3,,,N,,,Y
143016,GENTLIN,,Gentiana linearis,Narrow-leaved Gentian,10,-3,G4G5,,N5?,,S4,,,,,,,,,,,,,,FO,Sum,N,,Gentianaceae,10,-3,,,N,,,
143018,GENTPUB,,Gentiana puberulenta,Downy Gentian,10,3,G4G5,,N2,,SX,H,CZ,,,H,,,,,,,,,FO,,N,,Gentianaceae,10,3,,,Y,,,Y
143020,GENTRUB,,Gentiana rubricaulis,Purple-stemmed Gentian,9,-5,G4?,,N4,,S4,,,,,,,,,,,,,,FO,,N,,Gentianaceae,9,-5,,,N,,,
143060,GENTX B,,Gentiana x billingtonii,(Gentiana andrewsii X Gentiana puberulenta),,,GNA,,NNA,,SNA,hyb,,,,hyb,,,,,,,,,FO,,N,,Gentianaceae,0,,,,N,,,
143058,GENTX P,,Gentiana x pallidocyanea,(Gentiana alba X Gentiana andrewsii),,,GNA,,NNA,,SNA,hyb,,,,hyb,,,,,,,,,FO,,N,,Gentianaceae,0,,,,N,,,
143022,GENTAMA,,Gentianella amarella,Autumn Dwarf Gentian,,-3,G5,,N5,,S5,,,,,,,,,,,,,,FO,,N,,Gentianaceae,0,-3,,,N,,,
143024,GENTAMC,,Gentianella amarella ssp. acuta,Autumn Dwarf Gentian,,-3,G5T5,,N5,,S5,,,,,,,,,,,,,,FO,,N,,Gentianaceae,0,-3,,,N,,,
143026,GENTPRO,,Gentianella propinqua,Four-parted Gentian,,3,G5,,N5,,S4,,,,,,,,,,,,,,FO,,N,,Gentianaceae,0,3,,,N,,,
143028,GENTPRP,,Gentianella propinqua ssp. propinqua,Four-parted Gentian,,3,G5T5,,N5,,S4,,,,,,,,,,,,,,FO,,N,,Gentianaceae,0,3,,,N,,,
143030,GENTQUI,,Gentianella quinquefolia,Stiff Gentian,9,0,G5,,N2,,S2,R,cz,H,,R,R,R,,,,H,R,R,FO,,N,,Gentianaceae,9,0,,,Y,,,Y
143032,GENTQUO,,Gentianella quinquefolia ssp. occidentalis,Western Stiff Gentian,9,0,G5T4T5,,N1N2,,S1S2,R,cz,H,,R,R,R,,,,H,R,R,FO,,N,,Gentianaceae,9,0,,,Y,,,Y
143034,GENTQUQ,,Gentianella quinquefolia ssp. quinquefolia,Stiff Gentian,9,0,G5T4T5,,N1N2,,S1S2,R,cz,H,,R,R,R,,,,H,R,R,FO,,N,,Gentianaceae,9,0,,,Y,,,Y
143001,GENTCRI,,Gentianopsis crinita,Greater Fringed Gentian,8,-4,G5,,N5,,S5,R,,R,R,R,R,R,X,U,U,R,R,R,FO,Aut,N,,Gentianaceae,8,-4,override,Suppl. CW value averages values from US Wetland Plant List and Michigan Flora,N,,,Y
143040,GENTDET,,Gentianopsis detonsa,Sheared Gentian,,-3,G3G5,,NNR,,S2?,,,,,,,,,,,,,,FO,,N,,Gentianaceae,,-3,,,Y,,,
1008426,GENTDEN,,Gentianopsis detonsa ssp. nesophila,Island Fringed Gentian,,-3,G--T3T5,,N3N5,,S2?,,,,,,,,,,,,,,FO,,N,,Gentianaceae,,-3,,,Y,,,
1010052,GENTVIR,,Gentianopsis virgata,Lesser Fringed Gentian,8,-5,G5,,N4N5,,S4,R,,,,R,R,R,,R,R,R,,,FO,Sum,N,,Gentianaceae,8,-5,,,P,,,
143044,GENTVIM,,Gentianopsis virgata ssp. macounii,Macoun's Fringed Gentian,8,-5,G--T5,,N4N5,,S3?,R,,,,R,R,R,,R,R,R,,,FO,,N,,Gentianaceae,8,-5,,,Y,,,
1257454,GENTVIV,,Gentianopsis virgata ssp. virgata,Small Fringed Gentian,8,-5,G5TNRQ,,NNR,,S4,R,,,,R,R,R,,R,R,R,,,FO,Sum,N,,Gentianaceae,8,-5,,,N,,,
51002,GEOCLIV,,Geocaulon lividum,Northern Comandra,9,0,G5,,N5,,S5,,,,,,,,,,,,,,FO,,N,,Santalaceae,9,0,,,N,,,
86006,GERABIC,,Geranium bicknellii,Bicknell's Geranium,5,5,G5,,N5,,S5,R,,R,,H,,,,R,,,R,H,FO,Sum,N,,Geraniaceae,5,5,,,N,,,
86008,GERACAR,,Geranium carolinianum,Carolina Geranium,7,5,G5,,N5,,S4,R,,R,,R,,,,,,H,,,FO,,N,,Geraniaceae,7,5,,,N,,,
86010,GERACOL,,Geranium columbinum,Long-stalked Geranium,,5,GNR,,NNA,,SE1,IR,,,,,,,,IR,,,,,FO,,I,,Geraniaceae,0,5,,,N,,,
86012,GERADIS,,Geranium dissectum,Cut-leaved Geranium,,,GNR,,NNA,,SEH,,,,,,,,,,,,,,FO,,I,,Geraniaceae,0,,,,N,,,
86014,GERAMAC,,Geranium maculatum,Spotted Geranium,6,3,G5,,N5,,S5,C,,C,X,C,X,C,X,C,C,C,C,C,FO,Spr,N,,Geraniaceae,6,3,,,N,,,
86016,GERAMOL,,Geranium molle,Dove's-foot Geranium,,5,GNR,,NNA,,SE1,IR,,,,,,,,,,,,IR,FO,,I,,Geraniaceae,0,5,,,N,,,
86018,GERAPRA,,Geranium pratense,Meadow Geranium,,5,GNR,,NNA,,SE1,IR,,,,,,,,,,,,IR,FO,,I,,Geraniaceae,0,5,,,N,,,
86020,GERAPUS,,Geranium pusillum,Small-flowered Geranium,,5,GNR,,NNA,,SE4,IR,,IU,IR,IX,IR,IR,,IR,IR,IR,IR,IX,FO,,I,,Geraniaceae,0,5,,,N,,,
86022,GERAPYR,,Geranium pyrenaicum,Pyrenees Geranium,,5,GNR,,NNA,,SEH,,,,,,,,,,,,,,FO,,I,,Geraniaceae,0,5,,,N,,,
1007439,GERAPYP,,Geranium pyrenaicum ssp. pyrenaicum,Pyrenees Geranium,,5,GNRTNR,,NNA,,SEH,,,,,,,,,,,,,,FO,,I,,Geraniaceae,0,5,,,N,,,
86024,GERAROB,,Geranium robertianum,Herb-Robert,2,3,G5,,N5,,S5,C,,C,X,X,C,C,X,C,C,C,C,C,FO,Spr-Aut,N,,Geraniaceae,2,3,,,N,,,
86026,GERASAN,,Geranium sanguineum,Bloody Geranium,,5,GNR,,NNA,,SE1,IR,,,,,,,,,,,,IR,FO,,I,,Geraniaceae,0,5,,,N,,,
82168,GEUMALE,,Geum aleppicum,Yellow Avens,2,0,G5,,N5,,S5,C,,R,R,R,X,X,X,U,C,C,C,X,FO,Sum,N,,Rosaceae,2,0,,,N,,,
82170,GEUMCAN,,Geum canadense,Canada Avens,3,0,G5,,N5,,S5,C,,C,X,C,X,X,X,C,C,C,C,C,FO,Sum,N,,Rosaceae,3,0,,,N,,,
82402,GEUMFRA,,Geum fragarioides,Barren Strawberry,5,5,G5,,N5,,S5,U,,R,R,R,R,R,X,U,X,U,C,U,FO,Spr,N,,Rosaceae,5,5,,,N,,,
82172,GEUMLAC,,Geum laciniatum,Rough Avens,4,-3,G5,,N5,,S4,C,,C,R,R,X,X,X,C,X,C,C,C,FO,,N,,Rosaceae,4,-3,,,N,,,
82174,GEUMMAC,,Geum macrophyllum,Large-leaved Avens,9,-3,G5,,N5,,S5,,,,,,,,,,,,,,FO,,N,,Rosaceae,9,-3,,,N,,,
82490,GEUMMAM,,Geum macrophyllum var. macrophyllum,Large-leaved Avens,9,-3,G5T5,,N5,,SU,H,,,,H,,?,,,?,,,,FO,,N,,Rosaceae,9,-3,,,N,,,
82488,GEUMMAP,,Geum macrophyllum var. perincisum,Large-leaved Avens,9,-3,G5T5,,N5,,S5,,,,,,,,,,,,,,FO,,N,,Rosaceae,9,-3,,,N,,,
82176,GEUMRIV,,Geum rivale,Water Avens,7,-5,G5,,N5,,S5,R,,R,R,R,R,R,X,U,R,R,U,R,FO,Sum,N,,Rosaceae,7,-5,,,N,,,
82178,GEUMTRI,,Geum triflorum,Three-flowered Avens,9,3,G5,,N5,,S4,R,,,,,R,,,R,R,,,,FO,Sum,N,,Rosaceae,9,3,,,N,,,Y
82180,GEUMTRT,,Geum triflorum var. triflorum,Three-flowered Avens,9,3,G5T5,,N5,,S4,R,,,,,R,,,R,R,,,,FO,Sum,N,,Rosaceae,9,3,,,N,,,Y
82184,GEUMVER,,Geum vernum,Spring Avens,7,3,G5,,N4,,S4,R,cz,C,R,X,R,,,,,R,,,FO,Spr,N,,Rosaceae,7,3,,,N,,,
82186,GEUMVIR,,Geum virginianum,Pale Avens,10,3,G5,,NH,,SH,H,CZ,H,,?,,,,,,,,,FO,,N,,Rosaceae,10,3,,,Y,,,
82188,GEUMX A,,Geum x aurantiacum,(Geum aleppicum X Geum rivale),,,GNA,,NNA,,SNA,,,,,,,,,,,,,,FO,,N,,Rosaceae,0,,,,N,,,
82492,GEUMX C,,Geum x catlingii,(Geum canadense X Geum urbanum),,3,GNA,,NNA,,SNA,hyb,,,,,hyb,,hyb,,,hyb,hyb,hyb,FO,Sum,I,,Rosaceae,0,3,,,N,,,
82190,GEUMX P,,Geum x pulchrum,(Geum macrophyllum var. macrophyllum  X Geum rivale),,,GNA,,NNA,,SNA,,,,,,,,,,,,,,FO,,N,,Rosaceae,0,,,,N,,,
82202,GILLTRI,,Gillenia trifoliata,Bowman's-root,9,5,G4G5,,NX,,SX,H,CZ,?,,,,H,,,H,,H,H,FO,,N,,Rosaceae,9,5,,,Y,,,
168326,GLEBCOR,,Glebionis coronaria,Crown Daisy,,,GNR,,NNA,,SEH,,,,,,,,,,,,,,FO,,I,,Asteraceae,0,,,,N,,,
168328,GLEBSEG,,Glebionis segetum,Corn Marigold,,,GNR,,NNA,,SE1,IH,,,,IH,,,IH,IH,,,,,FO,,I,,Asteraceae,0,,,,N,,,
151040,GLECHED,,Glechoma hederacea,Ground-ivy,,3,GNR,,NNA,,SE5,IC,,IC,IX,IX,IX,IX,,IC,IX,IC,IC,IC,FO,Sum,I,,Lamiaceae,0,3,,,N,,,
83100,GLEDTRI,,Gleditsia triacanthos,Honey Locust,8,0,G5,,N2?,,S2?,R,CZ,U,R,R,IR,IX,IX,IU,IX,R,IX,IR,TR,,N,,Fabaceae,8,0,,,Y,,,Y
22340,GLYCBOR,,Glyceria borealis,Boreal Mannagrass,8,-5,G5,,N5,,S5,R,,,R,R,R,R,X,U,R,H,U,,GR,,N,,Poaceae,8,-5,,,N,,,
22342,GLYCCAN,,Glyceria canadensis,Canada Mannagrass,7,-5,G5,,N5,,S5,,,,,,,,,,,,,,GR,,N,,Poaceae,7,-5,,,P,,,
1008098,GLYCCAC,,Glyceria canadensis var. canadensis,Canada Mannagrass,7,-5,G5T5,,N5,,S5,R,,,,H,R,R,,R,,R,R,,GR,,N,,Poaceae,7,-5,,,N,,,
22348,GLYCCAL,,Glyceria canadensis var. laxa,Limp Mannagrass,7,-5,G5TUQ,,NH,,SH,,,,,,,,,,,,,,GR,,N,,Poaceae,7,-5,,,Y,,,
22346,GLYCGRA,,Glyceria grandis,Tall Mannagrass,5,-5,G5,,N5,,S5,U,,R,X,R,X,U,X,U,C,C,C,C,GR,,N,,Poaceae,5,-5,,,N,,,
1004551,GLYCGRG,,Glyceria grandis var. grandis,Tall Mannagrass,5,-5,G5T5,,N5,,S5,U,,R,X,R,X,U,X,U,C,C,C,C,GR,,N,,Poaceae,5,-5,,,N,,,
22352,GLYCMEL,,Glyceria melicaria,Slender Mannagrass,10,-5,G5,,N5,,S4,R,,,,?,R,,,,,,,,GR,,N,,Poaceae,10,-5,,,N,,,
1008099,GLYCSEP,,Glyceria septentrionalis,Eastern Mannagrass,7,-5,G5,,N4,,S4,U,cz,R,R,R,X,R,,U,R,C,C,R,GR,,N,,Poaceae,7,-5,,,N,,,
1004995,GLYCSES,,Glyceria septentrionalis var. septentrionalis,Eastern Mannagrass,7,-5,G--T5,,N4,,S4,U,cz,R,R,R,X,R,,U,R,C,C,R,GR,,N,,Poaceae,7,-5,,,N,,,
22358,GLYCSTR,,Glyceria striata,Fowl Mannagrass,3,-5,G5,,N5,,S5,C,,C,X,C,X,C,X,C,C,C,C,C,GR,,N,,Poaceae,3,-5,,,N,,,
1268444,GLYCSTS,,Glyceria striata var. striata,Fowl Mannagrass,3,-5,G5T5,,N5,,S5,C,,C,X,C,X,C,X,C,C,C,C,C,GR,,N,,Poaceae,3,-5,,,N,,,
22758,GLYCX O,,Glyceria x ottawensis,(Glyceria canadensis var. canadensis X Glyceria striata),,-5,GNA,,NNA,,SNA,,,,,,,,,,,,,,GR,,N,,Poaceae,0,-5,,,N,,,
83102,GLYCMAX,,Glycine max,Soybean,,5,GNR,,NNA,,SE2,IR,,IR,IX,IX,IR,,IX,,,IR,IR,IR,FO,,I,,Fabaceae,0,5,,,N,,,
83104,GLYCLEP,,Glycyrrhiza lepidota,Wild Licorice,8,3,G5,,N5,,S3,H,,,,,,,,,H,H,,,FO,,N,,Fabaceae,8,3,,,Y,,,
168458,GNAPULI,,Gnaphalium uliginosum,Low Cudweed,,0,G5,,NNA,,SE5,IU,,IR,,IH,IR,IR,IX,IU,,IR,IX,IR,FO,,I,,Asteraceae,0,0,,,N,,,
39044,GOODOBL,,Goodyera oblongifolia,Menzies' Rattlesnake-plantain,7,3,G5,,N5,,S4,H,,,,,,,H,,,,H,,FO,Sum,N,,Orchidaceae,7,3,,,N,,,
39046,GOODPUB,,Goodyera pubescens,Downy Rattlesnake-plantain,8,3,G5,,N4N5,,S4,R,,H,R,H,R,R,X,R,,H,,H,FO,Sum,N,,Orchidaceae,8,3,,,N,,,
39048,GOODREP,,Goodyera repens,Dwarf Rattlesnake-plantain,8,0,G5,,N5,,S5,R,,,R,H,R,,X,,,?,R,H,FO,Sum,N,,Orchidaceae,8,0,,,N,,,
39052,GOODTES,,Goodyera tesselata,Checkered Rattlesnake-plantain,7,3,G5,,N5,,S5,H,,,,,,,H,,,,,,FO,,N,,Orchidaceae,7,3,,,N,,,
22624,GRAPMEL,,Graphephorum melicoides,Purple False Oats,10,-3,G4G5,,N4N5,,S4,R,,,,,,,,,,,R,,GR,,N,,Poaceae,10,-3,,,N,,,
153066,GRATLUT,,Gratiola lutea,Golden Hedge-hyssop,10,-5,G5,,N5,,S3?,,,,,,,,,,,,,,FO,,N,,Scrophulariaceae,10,-5,,,Y,,,
153068,GRATNEG,,Gratiola neglecta,Clammy Hedge-hyssop,7,-5,G5,,N5,,S4,U,,,,,R,R,,U,,U,U,,FO,,N,,Scrophulariaceae,7,-5,,,N,,,
17235,GRATQUA,,Gratiola quartermaniae,Limestone Hedge-hyssop,9,-5,G3,,N2,,S2,,,,,,,,,,,,,,FO,,N,,Scrophulariaceae,9,-5,,,Y,HV,VH,
168462,GRINSQU,,Grindelia squarrosa,Curly-cup Gumweed,,3,G5,,NNR,,SE3,IR,,IH,,IX,IH,,,IH,,IH,,IR,FO,,I,,Asteraceae,0,3,,,N,,,
168464,GUIZABY,,Guizotia abyssinica,Niger,,5,GNR,,NNA,,SEH,IH,,,,,IH,,,,,,,,FO,,I,,Asteraceae,0,5,,,N,,,
9362,GYMNCON,,Gymnocarpium continentale,Nahanni Oak Fern,10,5,G4G5,,N5,,S3,,,,,,,,,,,,,,FE,,N,,Dryopteridaceae,10,5,,,Y,LV,Mod,
9358,GYMNDRY,,Gymnocarpium dryopteris,Common Oak Fern,7,3,G5,,N5,,S5,U,,H,,R,R,U,X,U,U,H,C,R,FE,,N,,Dryopteridaceae,7,3,,,N,,,
9364,GYMNROB,,Gymnocarpium robertianum,Limestone Oak Fern,10,3,G5,,N3N4,,S2,,,,,,,,,,,,,,FE,,N,,Dryopteridaceae,10,3,,,Y,,,
9303,GYMNX B,,Gymnocarpium x brittonianum,(Gymnocarpium disjunctum X Gymnocarpium dryopteris),,,GNA,,NNA,,SNA,,,,,,,,,,,,,,FE,,N,,Dryopteridaceae,0,,,,N,,,
9366,GYMNX I,,Gymnocarpium x intermedium,(Gymnocarpium continentale X Gymnocarpium dryopteris),,,GNA,,NNA,,SNA,,,,,,,,,,,,,,FE,,N,,Dryopteridaceae,0,,,,N,,,
83106,GYMNDIO,,Gymnocladus dioicus,Kentucky Coffee-tree,6,3,G5,THR,N2,THR,S2,R,CZ,R,R,R,R,,R,R,R,IR,IR,IR,TR,,N,,Fabaceae,6,3,,,Y,,,
61046,GYPSELE,,Gypsophila elegans,Showy Baby's-breath,,5,GNR,,NNA,,SEH,,,,,,,,,,,,,,FO,,I,,Caryophyllaceae,0,5,,,N,,,
61048,GYPSMUR,,Gypsophila muralis,Low Baby's-breath,,5,GNR,,NNA,,SE1,IR,,,,,,,,,IR,,,,FO,,I,,Caryophyllaceae,0,5,,,N,,,
61050,GYPSPAN,,Gypsophila paniculata,Tall Baby's-breath,,5,GNR,,NNA,,SE3,IR,,,,IX,,,,IR,,,,IR,FO,,I,,Caryophyllaceae,0,5,,,N,,,
61052,GYPSSCO,,Gypsophila scorzonerifolia,Glandular Baby's-breath,,3,GNR,,NNA,,SE1,IR,,IR,,,,,,,,,,,FO,,I,,Caryophyllaceae,0,3,,,N,,,
61178,VACCHIS,,Gypsophila vaccaria,Cowcockle,,5,GNR,,NNA,,SE3,IR,,IR,,IR,,IR,,,,,IH,IR,FO,,I,,Caryophyllaceae,0,5,,,N,,,
149020,HACKDEF,,Hackelia deflexa,Nodding Stickseed,5,5,G5,,N5,,S5,R,,,,,,,,,,,R,R,FO,,N,,Boraginaceae,5,5,override,Suppl. CW value matches more closely with value from Michigan Flora,N,,,
149068,HACKDEA,,Hackelia deflexa ssp. americana,American Stickseed,5,0,G5T5,,N5,,S5,R,,,,,,,,,,,R,R,FO,,N,,Boraginaceae,5,0,,,N,,,
149024,HACKVIR,,Hackelia virginiana,Virginia Stickseed,5,3,G5,,N5,,S5,C,,C,R,X,U,X,X,C,U,U,C,U,FO,Sum,N,,Boraginaceae,5,3,,,N,,,
143050,HALEDEF,,Halenia deflexa,American Spurred Gentian,7,0,G5,,N5,,S5,R,,,,H,R,,,R,R,,R,,FO,Sum,N,,Gentianaceae,7,0,,,N,,,
64076,HALECYM,,Halerpestes cymbalaria,Seaside Buttercup,,-5,G5,,N5,,S4?,,,,,,,,,,,,,,FO,,N,,Ranunculaceae,0,-5,,,N,,,
80000,HAMAVIR,,Hamamelis virginiana,American Witch-hazel,6,3,G5,,N5,,S4S5,C,,C,X,X,C,C,X,C,C,C,C,C,SH,Aut,N,,Hamamelidaceae,6,3,,,N,,,
39076,MALAPAL,,Hammarbya paludosa,Bog Adder's-mouth,10,-5,G3G4,,N3N4,,S1S2,,,,,,,,,,,,,,FO,,N,,Orchidaceae,10,-5,,,Y,HV,Mod,
151042,HEDEHIS,,Hedeoma hispida,Rough False Pennyroyal,7,5,G5,,N4N5,,S4,R,,,R,,,,,R,,,R,H,FO,,N,,Lamiaceae,7,5,,,N,,,
151044,HEDEPUL,,Hedeoma pulegioides,American False Pennyroyal,6,5,G5,,N4N5,,S4,U,cz,R,,R,R,R,X,U,,U,C,R,FO,,N,,Lamiaceae,6,5,,,N,,,
200196,HEDEHEL,,Hedera helix,English Ivy,,3,GNR,,NNA,,SE1,IR,,IR,,,,,,IR,,IR,IR,IR,VW,,I,,Araliaceae,0,3,,,N,,,
83108,HEDYAME,,Hedysarum americanum,Alpine Hedysarum,,0,G5,,N5,,S4S5,,,,,,,,,,,,,,FO,,N,,Fabaceae,0,0,,,N,,,
83110,HEDYBOR,,Hedysarum boreale,Northern Hedysarum,,0,G5,,N5,,S5,,,,,,,,,,,,,,FO,,N,,Fabaceae,0,0,,,N,,,
83112,HEDYBOM,,Hedysarum boreale ssp. mackenziei,Mackenzie's Hedysarum,,0,G5T5,,N5,,S5,,,,,,,,,,,,,,FO,,N,,Fabaceae,0,0,,,N,,,
168466,HELEAUT,,Helenium autumnale,Common Sneezeweed,7,-3,G5,,N5,,S4,U,,U,R,R,R,R,,U,U,R,,R,FO,Sum,N,,Asteraceae,7,-3,,,N,,,Y
168468,HELEFLE,,Helenium flexuosum,Purple-headed Sneezeweed,,0,G5,,NNA,,SE2?,IR,,IR,IR,,IX,,,IR,,IR,,,FO,,I,,Asteraceae,0,0,,,N,,,
168470,HELIANN,,Helianthus annuus,Common Sunflower,,3,G5,,N4N5,,SE4,IR,,IR,IX,IX,IR,IR,IX,IR,IX,IR,,IR,FO,,I,,Asteraceae,0,3,,,N,,,
168472,HELIDEC,,Helianthus decapetalus,Ten-rayed Sunflower,7,3,G5,,N4,,S4,R,cz,R,R,X,X,X,,U,,R,R,R,FO,,N,,Asteraceae,7,3,,,N,,,Y
168474,HELIDIV,,Helianthus divaricatus,Woodland Sunflower,7,5,G5,,N5,,S5,C,,C,R,X,X,X,,C,C,U,C,U,FO,Sum,N,,Asteraceae,7,5,,,N,,,Y
168476,HELIGIG,,Helianthus giganteus,Giant Sunflower,6,-3,G5,,N5,,S5,U,cz,C,R,X,X,X,X,R,R,H,R,IR,FO,Aut,N,,Asteraceae,6,-3,,,N,,,Y
168478,HELIGRO,,Helianthus grosseserratus,Sawtooth Sunflower,,-3,G5,,NNA,,SE1?,IR,,,IR,,IR,IR,,,,,,,FO,,I,,Asteraceae,0,-3,,,N,,,
168480,HELIHIR,,Helianthus hirsutus,Hairy Sunflower,,5,G5,,NNA,,SEH,IH,,,,IH,,?,,,,,,IH,FO,,I,,Asteraceae,0,5,,,N,,,
168482,HELIMAX,,Helianthus maximiliani,Maximilian Sunflower,,5,G5,,N5,,SE3?,IR,,IH,,IX,IR,IR,,,,IR,,IR,FO,Sum,I,,Asteraceae,0,5,,,N,,,
168484,HELIMOL,,Helianthus mollis,Ashy Sunflower,,5,G4G5,,NNA,,SE1,IR,,,,,IR,IR,,,,,,,FO,,I,,Asteraceae,0,5,,,N,,,
168486,HELINUT,,Helianthus nuttallii,Nuttall's Sunflower,,-3,G5,,N5,,SE1,,,,,,,,,,,,,,FO,,I,,Asteraceae,0,-3,,,N,,,
168872,HELINUN,,Helianthus nuttallii ssp. nuttallii,Nuttall's Sunflower,,,G5T5,,N5,,SE1,,,,,,,,,,,,,,FO,,I,,Asteraceae,0,,,,N,,,
168488,HELINUR,,Helianthus nuttallii ssp. rydbergii,Rydberg's Sunflower,,,G5T5,,N4,,SE1,,,,,,,,,,,,,,FO,,I,,Asteraceae,0,,,,N,,,
168886,HELIPAU,,Helianthus pauciflorus,Stiff Sunflower,,5,G5,,N4N5,,S2S3,,,,,,,,,,,,,,FO,,N,,Asteraceae,0,5,,,P,,,
168888,HELIPAP,,Helianthus pauciflorus ssp. pauciflorus,Stiff Sunflower,,5,G5T5?,,NU,,SE,IR,,,,IH,IR,IR,,,IX,IH,,,FO,,I,,Asteraceae,0,5,,,N,,,
168890,HELIPAS,,Helianthus pauciflorus ssp. subrhomboideus,Rhombic-leaved Sunflower,,5,G5T5,,N4N5,,S2S3,R,,,,H,R,R,,,,,,IR,FO,,N,,Asteraceae,8,5,,,Y,,,Y
168492,HELIPET,,Helianthus petiolaris,Prairie Sunflower,,5,G5,,N4,,SE1,IR,,,,IH,,,,,,IR,IR,,FO,,I,,Asteraceae,0,5,,,N,,,
168494,HELIPEP,,Helianthus petiolaris ssp. petiolaris,Prairie Sunflower,,5,G5T5,,N5,,SE1,IR,,,,IH,,,,,,IR,IR,,FO,,I,,Asteraceae,0,5,,,N,,,
168496,HELISTR,,Helianthus strumosus,Pale-leaved Sunflower,7,5,G5,,N5,,S5,R,cz,R,R,R,X,R,,U,R,H,U,R,FO,,N,,Asteraceae,7,5,,,N,,,Y
168498,HELITUB,,Helianthus tuberosus,Jerusalem Artichoke,1,0,G5,,N3N4,,SU,X,,X,X,IX,X,X,,IU,IX,IU,IX,IC,FO,Sum,N,,Asteraceae,1,0,,,N,,,
168500,HELIX L,,Helianthus x laetiflorus,(Helianthus pauciflorus ssp. pauciflorus X Helianthus tuberosus),,,GNA,,NNA,,SNA,hyb,,hyb,,hyb,hyb,hyb,,hyb,,,,,FO,,I,,Asteraceae,0,,,,N,,,
168502,HELIHEL,,Heliopsis helianthoides,False Sunflower,3,3,G5,,NNR,,S4S5,R,,R,X,R,R,X,,R,R,H,R,R,FO,Sum,N,,Asteraceae,3,3,,,N,,,Y
168876,HELIHEH,,Heliopsis helianthoides var. helianthoides,False Sunflower,3,3,G5T5,,NU,,SU,R,,R,X,R,R,X,,R,R,H,R,R,FO,,N,,Asteraceae,3,3,,,N,,,Y
168874,HELIHES,,Heliopsis helianthoides var. scabra,False Sunflower,3,3,G5T5,,N5,,SU,,,,,,,,,,,,,,FO,,N,,Asteraceae,3,3,,,N,,,
1010190,HELLNIG,,Helleborus niger,Black Hellebore,,5,GNR,,NNA,,SE1,,,,,,,,,,,,,,FO,,I,,Ranunculaceae,0,5,,,N,,,
168636,HELMECH,,Helminthotheca echioides,Bristly Oxtongue,,5,GNR,,NNA,,SEH,IR,,,,,,,,,,IH,IR,,FO,,I,,Asteraceae,0,5,,,N,,,
1010436,HEPAACU,,Hepatica acutiloba,Sharp-lobed Hepatica,8,5,G5,,N5,,S5,C,,U,X,R,X,C,X,C,C,U,C,C,FO,Spr,N,,Ranunculaceae,8,5,,,N,,,
1010439,HEPAAME,,Hepatica americana,Round-lobed Hepatica,6,5,G5,,N5,,S5,C,,R,X,R,X,U,X,C,C,R,C,R,FO,Spr,N,,Ranunculaceae,6,5,,,N,,,
129048,HERAMAX,,Heracleum maximum,American Cow Parsnip,3,-3,G5,,N5,,S5,U,,R,R,R,X,X,X,U,X,X,C,C,FO,,N,,Apiaceae,3,-3,,,N,,,
129052,HERASPH,,Heracleum sphondylium,Meadow Cow Parsnip,,5,GNR,,NNA,,SE1,IH,,,,,,,,,,,IH,IH,FO,,I,,Apiaceae,0,5,,,N,,,
61054,HERNGLA,,Herniaria glabra,Smooth Rupturewort,,5,GNR,,NNA,,SE1,,,,,,,,,,,,,,FO,,I,,Caryophyllaceae,0,5,,,N,,,
22612,HESPCOM,,Hesperostipa comata,Needle-and-thread Grass,,5,G5,,N5,,S1,,,,,,,,,,,,,,GR,,N,,Poaceae,,5,,,Y,,,
22826,HESPCOC,,Hesperostipa comata ssp. comata,Needle-and-thread Grass,,5,G5T5,,N5,,S1,,,,,,,,,,,,,,GR,,N,,Poaceae,,5,,,Y,,,
17238,HESPCUR,,Hesperostipa curtiseta,Northern Porcupine Grass,,5,G5,,N5,,S1,,,,,,,,,,,,,,GR,,N,,Poaceae,10,5,,,Y,,,Y
22614,HESPSPA,,Hesperostipa spartea,Plains Porcupine Grass,10,5,G5,,N4N5,,S4,R,,,R,R,R,,,R,R,,,,GR,,N,,Poaceae,10,5,,,N,,,Y
30002,HETEDUB,,Heteranthera dubia,Water Stargrass,7,-5,G5,,N5,,S5,R,,R,R,X,R,,,U,,R,R,R,FO,,N,,Pontederiaceae,7,-5,,,N,,,
168504,HETEVIL,,Heterotheca villosa,Hairy Goldenaster,,5,G5,,N5,,S1,,,,,,,,,,,,,,FO,,N,,Asteraceae,,5,,,P,,,
1004557,HETEVIB,,Heterotheca villosa var. ballardii,Ballard's Goldenaster,,5,G5T5?,,NNR,,SE1,,,,,,,,,,,,,,FO,,I,,Asteraceae,0,5,,,N,,,
1004560,HETEVIM,,Heterotheca villosa var. minor,Hairy Goldenaster,,5,G5T5,,N5,,S1,,,,,,,,,,,,,,FO,,N,,Asteraceae,,5,,,Y,,,
1004563,HETEVIV,,Heterotheca villosa var. villosa,Hairy Goldenaster,,5,G5T5,,NNR,,SE1,,,,,,,,,,,,,,FO,,I,,Asteraceae,0,5,,,N,,,
79004,HEUCAME,,Heuchera americana,American Alumroot,9,3,G5,,N1,,S1,U,CZ,U,,,,,,,,,,,FO,,N,,Saxifragaceae,9,3,,,Y,,,
79006,HEUCAMA,,Heuchera americana var. americana,American Alumroot,9,3,G5T5,,N1,,S1,U,CZ,U,,,,,,,,,,,FO,,N,,Saxifragaceae,9,3,,,Y,,,
79008,HEUCRIC,,Heuchera richardsonii,Richardson's Alumroot,,3,G5,,N5,,S4,,,,,,,,,,,,,,FO,,N,,Saxifragaceae,0,3,override,Suppl. CW value matches more closely with values from US Wetland Plant List and Michigan Flora,N,,,
109012,HIBILAE,,Hibiscus laevis,Halberd-leaved Rose-mallow,,-5,G5,,NX,,SX,H,CZ,H,,,,,,,,,,,FO,,N,,Malvaceae,,-5,,,Y,,,
109014,HIBIMOS,,Hibiscus moscheutos,Swamp Rose-mallow,9,-5,G5,SC,N3,SC,S3,R,cz,C,X,R,,R,,R,,R,IR,IR,FO,,N,,Malvaceae,9,-5,,,Y,LV,Mod,
109016,HIBIMOM,,Hibiscus moscheutos ssp. moscheutos,Swamp Rose-mallow,9,-5,G5T5,,N3,,S3,R,cz,C,X,R,,R,,R,,R,IR,IR,FO,,N,,Malvaceae,9,-5,,,Y,,,
109020,HIBITRI,,Hibiscus trionum,Flower-of-an-hour,,5,GNR,,NNA,,SE4,IR,,IU,,IX,,IR,,IR,,,IX,IR,FO,,I,,Malvaceae,0,5,,,N,,,
168510,HIERGRO,,Hieracium gronovii,Queen Devil Hawkweed,9,5,G5,,N2?,,S2?,R,cz,H,,R,R,,,R,,H,,,FO,,N,,Asteraceae,9,5,,,Y,,,Y
1298285,HIERLAE,,Hieracium laevigatum,Smooth Hawkweed,,,G5?,,NNR,,SEH,,,,,,,,,,,,,,FO,,I,,Asteraceae,,,,,N,,,
168530,HIERTRI,,Hieracium laevigatum ssp. tridentatum,Three-toothed Hawkweed,,5,G--TNR,,NNA,,SE1,,,,,,,,,,,,,,FO,,I,,Asteraceae,0,5,,All other CW values within this Genus are identical,N,,,
168516,HIERLON,,Hieracium longipilum,Hairy Hawkweed,10,5,G4G5,,NX,,SX,H,CZ,,,H,,,,H,,,,,FO,,N,,Asteraceae,10,5,,,Y,,,Y
168518,HIERMUR,,Hieracium murorum,Wall Hawkweed,,5,GNR,,NNA,,SE1,IR,,,,,,,,,,IH,IR,IX,FO,,I,,Asteraceae,0,5,,,N,,,
168520,HIERPAN,,Hieracium paniculatum,Panicled Hawkweed,10,5,G5,,N3,,S2,R,cz,,,,,H,,R,,R,R,,FO,,N,,Asteraceae,10,5,,,Y,,,
168528,HIERSCA,,Hieracium scabrum,Rough Hawkweed,7,5,G5,,N5,,S4,R,,R,R,R,R,R,,U,,H,,R,FO,Aut,N,,Asteraceae,7,5,,,N,,,Y
168532,HIERUMB,,Hieracium umbellatum,Umbellate Hawkweed,6,5,G5,,N5,,S5,R,,,,,,,,,,R,R,R,FO,,N,,Asteraceae,6,5,,,N,,,
168534,HIERVEN,,Hieracium venosum,Rattlesnake Hawkweed,10,5,G5,,N1N2,,S1,H,cz,H,,H,,H,,H,,H,,H,FO,,N,,Asteraceae,10,5,,,Y,,,Y
168514,HIERVUL,,Hieracium vulgatum,Common Hawkweed,,5,G5,,N4,,SE2?,IR,,,,,IR,,,,IX,IR,IX,IR,FO,,I,,Asteraceae,0,5,,,N,,,
168544,HIERX M,,Hieracium x marianum,(Hieracium gronovii X Hieracium venosum),,5,G5?,,NNA,,SNA,,,,,,,,,,,,,,FO,,N,,Asteraceae,,5,,All other CW values within this Genus are identical,N,,,
120008,HIPPRHA,,Hippophae rhamnoides,Sea Buckthorn,,3,G5,,NNA,,SE1,,,,,,,,,,,,,,SH,,I,,Elaeagnaceae,0,3,,,N,,,
1008468,HIPPLAN,,Hippuris lanceolata,Lance-leaved Mare's-tail,,-5,GNR,,N4N5,,S4?,,,,,,,,,,,,,,FO,,N,,Hippuridaceae,0,-5,,,N,,,
127000,HIPPTET,,Hippuris tetraphylla,Four-leaved Mare's-tail,,-5,G5,,N4N5,,S4,,,,,,,,,,,,,,FO,,N,,Hippuridaceae,0,-5,,,N,,,
127002,HIPPVUL,,Hippuris vulgaris,Common Mare's-tail,10,-5,G5,,N5,,S5,R,,,,,,,,,,R,,H,FO,,N,,Hippuridaceae,10,-5,,,N,,,
22376,HOLCLAN,,Holcus lanatus,Common Velvetgrass,,3,GNR,,NNA,,SE2,IR,,IU,IR,IR,IR,IR,,IU,,IR,IH,IX,GR,,I,,Poaceae,0,3,,,N,,,
61056,HOLOUMB,,Holosteum umbellatum,Jagged Chickweed,,5,GNR,,NNA,,SE3,IR,,IR,IR,IR,IR,IR,IR,IR,IR,IR,IX,IX,FO,,I,,Caryophyllaceae,0,5,,,N,,,
1007440,HOLOUMU,,Holosteum umbellatum ssp. umbellatum,Jagged Chickweed,,5,GNRTNR,,NNA,,SE3,IR,,IR,IR,IR,IR,IR,IR,IR,IR,IR,IX,IX,FO,,I,,Caryophyllaceae,0,5,,,N,,,
9318,HOMAPYC,,Homalosorus pycnocarpos,Narrow-leaved Glade Fern,10,0,G5,,N4,,S4,R,,H,R,R,R,U,X,R,R,R,,H,FE,,N,,Dryopteridaceae,10,0,,,N,,,
61060,HONCPEP,,Honckenya peploides,Seabeach Sandwort,,3,G5,,N5,,S4,,,,,,,,,,,,,,FO,,N,,Caryophyllaceae,0,3,,,N,,,
1005008,HONCPED,,Honckenya peploides ssp. diffusa,Northern Seabeach Sandwort,,3,G5T5,,N4N5,,S4,,,,,,,,,,,,,,FO,,N,,Caryophyllaceae,0,3,,,N,,,
22378,HORDJUB,,Hordeum jubatum,Foxtail Barley,0,0,G5,,N5,,S5?,,,,,,,,,,,,,,GR,Sum,N,,Poaceae,0,0,,,N,,,
22380,HORDJUJ,,Hordeum jubatum ssp. jubatum,Foxtail Barley,0,0,G5T5,,N5,,S5?,IU,,IU,IX,IX,IX,IU,IX,IC,IX,IX,IX,IU,GR,Sum,N,,Poaceae,0,0,,,N,,,
22762,HORDJUX,,Hordeum jubatum ssp. x intermedium,(Hordeum brachyantherum X Hordeum jubatum),,0,G5T5,,N5,,SNA,,,,,,,,,,,,,,GR,,I,,Poaceae,0,0,,,N,,,
22759,HORDMAR,,Hordeum marinum,Sea Barley,,3,GNR,,NNA,,SEH,IH,,,,,,,,,,,,IH,GR,,I,,Poaceae,0,3,,,N,,,
22760,HORDMAG,,Hordeum marinum ssp. gussoneanum,Mediterranean Barley,,3,GNRTNR,,NNA,,SEH,IH,,,,,,,,,,,,IH,GR,,I,,Poaceae,0,3,,,N,,,
22382,HORDPUS,,Hordeum pusillum,Little Barley,,0,G5,,NH,,SEH,IH,,IH,,,,,,,,,,,GR,,I,,Poaceae,0,0,,,N,,,
22384,HORDVUL,,Hordeum vulgare,Common Barley,,5,GNR,,NNA,,SE2,IR,,,,IR,,,IX,,,,,IR,GR,,I,,Poaceae,0,5,,,N,,,
1010958,HORDVUV,,Hordeum vulgare ssp. vulgare,Common Barley,,5,GNRTNR,,NNA,,SE2,IR,,,,IR,,,IX,,,,,IR,GR,,I,,Poaceae,0,5,,,N,,,
161046,HOUSCAE,,Houstonia caerulea,Azure Bluets,4,3,G5,,N5,,SH,,,,,,,,,,,,,,FO,,N,,Rubiaceae,4,3,,,Y,,,
161048,HOUSCAN,,Houstonia canadensis,Canada Bluets,10,3,G4G5,,NNR,,S4?,R,,,,,,R,,R,,R,,,FO,,N,,Rubiaceae,10,3,,,N,,,
161050,HOUSLON,,Houstonia longifolia,Long-leaved Bluets,6,5,G5,,N5,,S4,R,,R,,R,,R,H,C,R,?,H,,FO,,N,,Rubiaceae,6,5,,,N,,,Y
114004,HUDSTOM,,Hudsonia tomentosa,Woolly Beach-heather,10,5,G5,,NNR,,S3,H,,,,,,,,,,H,,,SH,Spr-Sum,N,,Cistaceae,10,5,,,Y,LV,Low,
49002,HUMUJAP,,Humulus japonicus,Japanese Hop,,3,GNR,,NNA,,SE3,IR,,IR,,,IR,IR,,IR,IX,,IX,IR,VI,,I,,Cannabaceae,0,3,,,N,,,
49004,HUMULUP,,Humulus lupulus,Common Hop,3,3,G5,,N5,,SU,R,,IR,R,H,IR,IR,,IR,IX,IR,IX,IR,VI,,N,,Cannabaceae,3,3,,,N,,,
49008,HUMULUL,,Humulus lupulus var. lupuloides,American Hop,3,3,G5T5,,N5,,SU,R,,,R,H,,,,,,,,,VI,,N,,Cannabaceae,3,3,,,N,,,
49006,HUMULUU,,Humulus lupulus var. lupulus,Common Hop,,3,G5TNR,,NNA,,SE3?,IR,,IR,,,IR,IR,,IR,IX,IR,IX,IR,VI,,I,,Cannabaceae,0,3,,,N,,,
2044,HUPEAPP,,Huperzia appressa,Mountain Firmoss,10,3,G5,,N5?,,S2?,,,,,,,,,,,,,,FE,,N,,Lycopodiaceae,10,3,,,Y,,,
1011095,HUPEARC,,Huperzia arctica,Arctic Firmoss,10,0,GNR,,N3,,SH,,,,,,,,,,,,,,FE,,N,,Lycopodiaceae,10,0,,,Y,,,
1257038,HUPECON,,Huperzia continentalis,Continental Firmoss,10,-3,GNR,,NNR,,S1,,,,,,,,,,,,,,FE,,N,,Lycopodiaceae,10,-3,,,Y,,,
2016,HUPELUC,,Huperzia lucidula,Shining Firmoss,5,0,G5,,N5,,S5,U,,R,X,X,X,X,X,C,X,R,C,R,FE,,N,,Lycopodiaceae,5,0,,,N,,,
201120,HUPEPOR,,Huperzia porophila,Rock Firmoss,10,3,G4,,N1,,S1,,,,,,,,,,,,,,FE,,N,,Lycopodiaceae,10,3,,,Y,,,
2024,HUPESEL,,Huperzia selago,Northern Firmoss,10,3,G5,,NNR,,S4,,,,,,,,,,,,,,FE,,N,,Lycopodiaceae,10,3,,,N,,,
2048,HUPEX B,,Huperzia x buttersii,(Huperzia lucidula X Huperzia selago),,,GNA,,NNA,,SNA,,,,,,,,,,,,,,FE,,N,,Lycopodiaceae,0,,,,N,,,
1007344,HUPEX J,,Huperzia x josephbeitelii,(Huperzia appressa X Huperzia selago),,,GNA,,NNA,,SNA,,,,,,,,,,,,,,FE,,N,,Lycopodiaceae,0,,,,N,,,
1007441,HUPEX P,,Huperzia x protoporophila,(Huperzia appressa X Huperzia lucidula),,,GNA,,NNA,,SNA,,,,,,,,,,,,,,FE,,N,,Lycopodiaceae,0,,,,N,,,
32126,HYACHIS,,Hyacinthoides hispanica,Spanish Bluebell,,,GNR,,NNA,,SE1,IR,,,,,,,,,,,,IR,FO,,I,,Liliaceae,0,,,,N,,,
115000,HYBACON,,Hybanthus concolor,Eastern Green-violet,9,3,G5,,N2,,S2,R,cz,,,R,R,?,,R,R,R,U,R,FO,Spr-Sum,N,,Violaceae,9,3,,,Y,,,
79302,HYDRPAN,,Hydrangea paniculata,Panicled Hydrangea,,0,GNR,,NNA,,SE1,IR,,,,,IR,,,,,,,,FO,,I,,Hydrangeaceae,0,0,,,N,,,
64058,HYDRCAN,,Hydrastis canadensis,Goldenseal,10,3,G3G4,SC,N2,THR,S2,R,cz,R,R,R,R,,,,R,H,,,FO,Spr,N,,Ranunculaceae,10,3,,,Y,MV,High,
129054,HYDRAME,,Hydrocotyle americana,American Water Pennywort,7,-5,G5,,N5,,S4S5,U,,,,,X,X,X,C,R,R,C,R,FO,,N,,Apiaceae,7,-5,,,N,,,
148002,HYDRAPP,,Hydrophyllum appendiculatum,Appendage Waterleaf,9,3,G5,,N2,,S2,R,CZ,R,R,?,R,R,R,,,,,,FO,,N,,Hydrophyllaceae,9,3,,,Y,,,
148004,HYDRCAA,,Hydrophyllum canadense,Bluntleaf Waterleaf,8,0,G5,,N4,,S4,U,,,R,R,X,X,X,U,R,U,C,R,FO,Spr,N,,Hydrophyllaceae,8,0,,,N,,,
148006,HYDRVIR,,Hydrophyllum virginianum,Virginia Waterleaf,6,0,G5,,N5,,S5,C,,C,X,C,C,C,X,C,C,C,C,C,FO,Spr,N,,Hydrophyllaceae,6,0,,,N,,,
1010532,HYDRVIV,,Hydrophyllum virginianum var. virginianum,Virginia Waterleaf,6,0,G5T5,,N5,,S5,C,,C,X,C,C,C,X,C,C,C,C,C,FO,Spr,N,,Hydrophyllaceae,6,0,,,N,,,
83076,HYLOGLU,,Hylodesmum glutinosum,Large Tick-trefoil,6,5,G5,,N4N5,,S4,U,,U,R,X,X,X,X,C,C,U,C,U,FO,,N,,Fabaceae,6,5,,,N,,,
83082,HYLONUD,,Hylodesmum nudiflorum,Bare-stemmed Tick-trefoil,7,5,G5,,N4,,S4,R,cz,R,R,R,R,R,,U,U,R,R,R,FO,,N,,Fabaceae,7,5,,,N,,,
1004566,HYOSALB,,Hyoscyamus albus,White Henbane,,,GNR,,NNA,,SE1,IR,,,,,,,,,,,IR,,FO,,I,,Solanaceae,0,,,,N,,,
152004,HYOSNIG,,Hyoscyamus niger,Black Henbane,,5,GNR,,NNA,,SE1,IR,,IH,IR,IH,,,,,,IH,,IR,FO,,I,,Solanaceae,0,5,,,N,,,
111000,HYPEASC,,Hypericum ascyron,Great St. John's-wort,6,0,G4,,N3,,S3,R,,,R,R,R,R,X,R,R,,R,R,FO,,N,,Clusiaceae,6,0,,,Y,,,
1010632,HYPEASP,,Hypericum ascyron ssp. pyramidatum,American Great St. John's-wort,6,0,G4T4,,N3?,,S3?,R,,,R,R,R,R,X,R,R,,R,R,FO,,N,,Clusiaceae,6,0,,,Y,,,
111002,HYPEBOR,,Hypericum boreale,Northern St. John's-wort,7,-5,G5,,N5,,S4?,R,,R,R,,R,,,,,,,,FO,,N,,Clusiaceae,7,-5,,,N,,,
111004,HYPECAN,,Hypericum canadense,Canada St. John's-Wort,8,-3,G5,,N5,,S4?,R,,?,,R,R,R,X,R,,H,,,FO,,N,,Clusiaceae,8,-3,,,N,,,
111010,HYPEELL,,Hypericum ellipticum,Pale St. John's-wort,9,-5,G5,,N5,,S5,H,,,,,,?,,,,H,,,FO,,N,,Clusiaceae,9,-5,,,N,,,
111012,HYPEGEN,,Hypericum gentianoides,Gentian-leaved St. John's-wort,10,3,G5,,N1,,S1,R,CZ,R,,,,,,,,,,,FO,Sum,N,,Clusiaceae,10,3,,,Y,,,Y
1008147,HYPEHIR,,Hypericum hirsutum,Hairy St. John's-wort,,,GNR,,NNA,,SE1,IR,,,,,,,,,,,,IR,FO,,I,,Clusiaceae,0,,,,N,,,
111014,HYPEKAL,,Hypericum kalmianum,Kalm's St. John's-wort,9,-3,G4,,N4,,S4,R,,H,R,X,,,,U,,H,,,SH,,N,,Clusiaceae,9,-3,,,N,,,
111016,HYPEMAJ,,Hypericum majus,Large St. John's-wort,5,-3,G5,,N5,,S5,R,,R,R,R,R,X,X,U,R,R,R,R,FO,,N,,Clusiaceae,5,-3,,,N,,,
111030,HYPEMUT,,Hypericum mutilum,Dwarf St. John's-wort,6,-3,G5,,N5,,S4,U,,R,,R,,R,,U,,U,R,,FO,,N,,Clusiaceae,6,-3,,,N,,,
1010952,HYPEMUM,,Hypericum mutilum ssp. mutilum,Dwarf St. John's-wort,6,-3,G5T5,,N5,,S4?,U,,R,,R,,R,,U,,U,R,,FO,,N,,Clusiaceae,6,-3,,,N,,,
1010635,HYPEPEP,,Hypericum perforatum ssp. perforatum,Common St. John's-wort,,5,G--TNR,,NNA,,SE5,IC,,IC,IX,IX,IC,IC,IX,IC,IX,IC,IC,IC,FO,,I,,Clusiaceae,0,5,,,N,,,Y
111020,HYPEPRO,,Hypericum prolificum,Shrubby St. John's-wort,6,3,G5,,N2,,S2,R,cz,R,R,H,R,,,,,,,R,SH,,N,,Clusiaceae,6,3,,,Y,LV,Low,Y
111022,HYPEPUN,,Hypericum punctatum,Spotted St. John's-wort,5,0,G5,,N5,,S5,C,,C,X,R,X,U,X,C,U,C,C,R,FO,Sum,N,,Clusiaceae,5,0,,,N,,,
111024,HYPESPH,,Hypericum sphaerocarpum,Round-fruited St. John's-wort,6,3,G5,,N1,,S1,R,CZ,IR,,,R,,,,,,,,FO,,N,,Clusiaceae,6,3,,,Y,,,
1011072,HYPETET,,Hypericum tetrapterum,Four-winged St. John's-wort,,-3,GNR,,NNA,,SE1,,,,,,,,,,,,,,FO,,I,,Clusiaceae,0,-3,,,N,,,
111008,HYPEX D,,Hypericum x dissimulatum,(Hypericum canadense X Hypericum mutilum),,-3,GNA,,NNA,,SNA,,,,,,,,,,,,,,FO,,N,,Clusiaceae,0,-3,,,N,,,
168548,HYPOGLA,,Hypochaeris glabra,Smooth Cat's-ear,,,GNR,,NNA,,SEH,,,,,,,,,,,,,,FO,,I,,Asteraceae,0,,,,N,,,
168550,HYPORAD,,Hypochaeris radicata,Hairy Cat's-ear,,3,GNR,,NNA,,SE3?,IR,,,,,,,,IR,,,,IR,FO,,I,,Asteraceae,0,3,,,N,,,
132000,HYPOMON,,Hypopitys monotropa,Pinesap,6,5,G5,,N5,,S4,U,,R,R,R,R,R,,U,R,R,C,R,FO,Sum,N,,Monotropaceae,6,5,,,N,,,
32050,HYPOHIR,,Hypoxis hirsuta,Eastern Yellow Stargrass,10,0,G5,,N3N4,,S2S3,R,cz,R,R,R,R,,,R,R,H,H,H,FO,Spr,N,,Liliaceae,10,0,,,Y,,,Y
151046,HYSSOFF,,Hyssopus officinalis,Hyssop,,5,GNR,,NNA,,SE2,IR,,,,,IH,,,,IX,IH,,IR,FO,,I,,Lamiaceae,0,5,,,N,,,
73192,IBERUMB,,Iberis umbellata,Globe Candytuft,,5,GNR,,NNA,,SE1,IR,,,,,,,,IR,,,,IR,FO,,I,,Brassicaceae,0,5,,,N,,,
99004,ILEXMUC,,Ilex mucronata,Mountain Holly,7,-5,G5,,N5,,S5,R,,,,H,X,R,X,R,R,R,R,?,SH,Spr,N,,Aquifoliaceae,7,-5,,,N,,,
99002,ILEXVER,,Ilex verticillata,Common Winterberry,5,-3,G5,,N5,,S5,C,,C,X,X,X,X,X,C,C,C,C,R,SH,Sum,N,,Aquifoliaceae,5,-3,,,N,,,
105000,IMPACAP,,Impatiens capensis,Spotted Jewelweed,4,-3,G5,,N5,,S5,C,,C,X,X,C,C,X,C,C,C,C,C,FO,Sum,N,,Balsaminaceae,4,-3,,,N,,,
105004,IMPAPAL,,Impatiens pallida,Pale Jewelweed,7,-3,G5,,N4,,S4,C,,R,X,R,X,X,X,C,U,U,C,U,FO,Sum-Aut,N,,Balsaminaceae,7,-3,,,N,,,
1264526,IMPAPAR,,Impatiens parviflora,Small-flowered Jewelweed,,,GNR,,NNA,,SE1,,,,,,,,,,,,,,FO,,I,,Balsaminaceae,0,,,,N,,,
1005060,IMPEOST,,Imperatoria ostruthium,Masterwort,,,GNR,,NNA,,SE1,IR,,,,,,,,,,,,IR,FO,,I,,Apiaceae,0,,,,N,,,
168880,INULBRI,,Inula britannica,Brittish Yellowhead,,,GNR,,NNA,,SE1,IR,,,,,,,,,,,,IR,FO,,I,,Asteraceae,0,,,,N,,,
168552,INULHEL,,Inula helenium,Elecampane,,3,GNR,,NNA,,SE5,IU,,IR,IX,IX,IX,IX,IX,IU,IX,IC,IX,IC,FO,Sum,I,,Asteraceae,0,3,,,N,,,
146016,IPOMHED,,Ipomoea hederacea,Ivy-leaved Morning Glory,,0,G5,,NNA,,SE1,IR,,IH,,,,,IR,,,IH,IR,IR,VI,,I,,Convolvulaceae,0,0,,,N,,,
146018,IPOMLAC,,Ipomoea lacunosa,White Morning Glory,,-3,G5?,,NNA,,SEH,,,,,,,,,,,,,,VI,,I,,Convolvulaceae,0,-3,,,N,,,
146020,IPOMPAN,,Ipomoea pandurata,Big-root Morning Glory,9,3,G5,,N1,,S1,R,CZ,R,,,,,,,,H,,,VI,,N,,Convolvulaceae,9,3,,,Y,,,
146022,IPOMPUR,,Ipomoea purpurea,Common Morning Glory,,3,GNR,,NNA,,SE2,IR,,IR,,IX,IR,IR,,,,IH,IR,IR,VI,,I,,Convolvulaceae,0,3,,,N,,,
146024,IPOMQUA,,Ipomoea quamoclit,Cypress Vine Morning Glory,,3,GNR,,NNA,,SEH,,,,,,,,,,,,,,VI,,I,,Convolvulaceae,0,3,,,N,,,
147016,IPOMRUB,,Ipomopsis rubra,Red Skyrocket,,5,G4G5,,NNA,,SEH,,,,,,,,,,,,,,FO,,I,,Polemoniaceae,0,5,,,N,,,
36000,IRISBRE,,Iris brevicaulis,Short-stemmed Iris,9,-5,G4,,N1,,S1,R,CZ,R,,,,,,,,,,,FO,,N,,Iridaceae,9,-5,,,Y,MV,VH,
36030,IRISENS,,Iris ensata,Japanese Iris,,,GNR,,NNA,,SEH,,,,,,,,,,,,,,FO,,I,,Iridaceae,0,,,,N,,,
36004,IRISLAC,,Iris lacustris,Dwarf Lake Iris,10,0,G3,SC,N3,SC,S3,H,,H,,,,,,,,,,,FO,Spr,N,,Iridaceae,10,0,,,Y,MV,VH,
36006,IRISPAL,,Iris pallida,Sweet Iris,,,GNR,,NNA,,SE1,,,,,,,,,,,,,,FO,,I,,Iridaceae,0,,,,N,,,
36008,IRISPRI,,Iris prismatica,Slender Blue Flag,,-5,G4G5,,N1,,SE1,,,,,,,,,,,,,,FO,,I,,Iridaceae,0,-5,,,N,,,
36034,IRISPUM,,Iris pumila,Dwarf Iris,,5,GNR,,NNA,,SEH,,,,,,,,,,,,,,FO,,I,,Iridaceae,0,5,,,N,,,
36012,IRISSIB,,Iris sibirica,Siberian Iris,,5,GNR,,NNA,,SE1,IR,,IH,,,,,,,,,,IR,FO,,I,,Iridaceae,0,5,,,N,,,
36014,IRISVER,,Iris versicolor,Harlequin Blue Flag,5,-5,G5,,N5,,S5,C,,,X,R,X,X,X,C,C,C,C,U,FO,Sum,N,,Iridaceae,5,-5,,,N,,,
36016,IRISVIR,,Iris virginica,Southern Blue Flag,5,-5,G5,,N5,,S5,U,cz,C,X,X,U,X,,U,,X,R,R,FO,Sum,N,,Iridaceae,5,-5,,,N,,,
36018,IRISVIS,,Iris virginica var. shrevei,Shreve's Iris,5,-5,G5T5,,N5,,S5,U,cz,C,X,X,U,X,,U,,X,R,R,FO,,N,,Iridaceae,5,-5,,,N,,,
36002,IRISX G,,Iris x germanica,(Iris pallida X Iris variegata),,5,GNR,,NNA,,SNA,hyb,,,,,hyb,,,,hyb,,hyb,hyb,FO,,I,,Iridaceae,0,5,,,N,,,
36032,IRISX R,,Iris x robusta,(Iris versicolor X Iris virginica var. shrevei),,-5,GNA,,NNA,,SNA,,,,,,,,,,,,,,FO,,N,,Iridaceae,,-5,,,N,,,
73194,ISATTIN,,Isatis tinctoria,Dyer's Woad,,,GNR,,NNA,,SE1,IR,,,,,,,,,,,,IR,FO,,I,,Brassicaceae,0,,,,N,,,
4002,ISOEECH,,Isoetes echinospora,Spiny-spored Quillwort,7,-5,G5,,N5,,S5,H,,,,,?,,,,,H,,,FE,,N,,Isoetaceae,7,-5,,,N,,,
4004,ISOEENG,,Isoetes engelmannii,Engelmann's Quillwort,10,-5,G4,END,N1,END,S1,,,,,,,,,,,,,,FE,,N,,Isoetaceae,10,-5,,,Y,LV,Low,
17088,ISOELAC,,Isoetes lacustris,Lake Quillwort,9,-5,G5,,NNR,,S4S5,,,,,,,,,,,,,,FE,,N,,Isoetaceae,9,-5,,,N,,,
1257424,ISOESEP,,Isoetes septentrionalis,Northern Quillwort,7,-5,GNR,,N3,,S3,,,,,,,,,,,,,,FE,,N,,Isoetaceae,7,-5,,,Y,,,
1297720,ISOETUC,,Isoetes tuckermanii,Tuckerman's Quillwort,9,-5,G4G5,,N4N5,,S2S3,,,,,,,,,,,,,,FE,,N,,Isoetaceae,9,-5,,,Y,,,
4016,ISOETUT,,Isoetes tuckermanii ssp. tuckermanii,Tuckerman's Quillwort,9,-5,G--T4T5,,N4N5,,S2S3,,,,,,,,,,,,,,FE,,N,,Isoetaceae,9,-5,,,Y,LV,VH,
4000,ISOEX E,,Isoetes x eatonii,(Isoetes echinospora X Isoetes engelmannii),,-5,GNA,,NNA,,SNA,,,,,,,,,,,,,,FE,,N,,Isoetaceae,0,-5,,,N,,,
1010638,ISOEX C,,Isoetes x echtuckerii,(Isoetes echinospora X Isoetes tuckermanii),,-5,GNA,,NNA,,SNA,,,,,,,,,,,,,,FE,,N,,Isoetaceae,0,-5,,,N,,,
4022,ISOEX H,,Isoetes x harveyi,(Isoetes lacustris X Isoetes tuckermanii),,-5,GNA,,NNA,,SNA,,,,,,,,,,,,,,FE,,N,,Isoetaceae,0,-5,,,N,,,
4020,ISOEX I,,Isoetes x hickeyi,(Isoetes echinospora X Isoetes lacustris),,-5,GNA,,NNA,,SNA,,,,,,,,,,,,,,FE,,N,,Isoetaceae,0,-5,,,N,,,
4018,ISOEX D,,Isoetes x robusta,(Isoetes echinospora X Isoetes septentrionalis),,-5,GNA,,NNA,,SNA,,,,,,,,,,,,,,FE,,N,,Isoetaceae,0,-5,,,N,,,
53002,ISOTMAC,,Isotrema macrophyllum,Dutchman's-pipe,,5,G5,,NNA,,SE1,,,,,,,,,,,,,,VI,Sum,I,,Aristolochiaceae,0,5,,,N,,,
39054,ISOTMED,,Isotria medeoloides,Small Whorled Pogonia,10,3,G2?,END,N1,END,S1,R,CZ,,,,,R,,R,,,,,FO,,N,,Orchidaceae,10,3,,,Y,HV,VH,
39056,ISOTVER,,Isotria verticillata,Large Whorled Pogonia,10,0,G5,END,NH,END,SH,H,CZ,,,,H,,H,H,,,,,FO,,N,,Orchidaceae,10,0,,,Y,,,
168684,JACOVUL,,Jacobaea vulgaris,Tansy Ragwort,,5,GNR,,NNA,,SE1,IR,,,,,,,,,,IH,IR,,FO,,I,,Asteraceae,0,5,,,N,,,
65008,JEFFDIP,,Jeffersonia diphylla,Twinleaf,10,3,G5,,N4,,S4,R,cz,H,,R,R,R,,R,R,R,U,R,FO,Spr,N,,Berberidaceae,10,3,,,N,,,
44012,JUGLCIN,,Juglans cinerea,Butternut,6,3,G3,END,N2,END,S2?,U,,C,X,X,X,U,X,C,C,U,C,U,TR,,N,,Juglandaceae,6,3,,,Y,MV,VH,
44014,JUGLNIG,,Juglans nigra,Black Walnut,5,3,G5,,N4?,,S4?,C,,C,X,X,X,C,X,C,C,C,C,C,TR,,N,,Juglandaceae,5,3,,,N,,,
44016,JUGLREG,,Juglans regia,English Walnut,,5,GNR,,NNA,,SE1,,,,,,,,,,,,,,TR,,I,,Juglandaceae,0,5,,,N,,,
1256896,JUGLX B,,Juglans x bixbyi,(Juglans ailantifolia X Juglans cinerea),,,GNA,,NNA,,SNA,hyb,,,,,,,,,,,,hyb,TR,,I,,Juglandaceae,0,,,,N,,,
31000,JUNCACU,,Juncus acuminatus,Sharp-fruited Rush,6,-5,G5,,N5,,S3,R,cz,R,,R,R,R,,U,R,R,R,H,RU,,N,,Juncaceae,6,-5,,,Y,,,Y
31002,JUNCALP,,Juncus alpinoarticulatus,Alpine Rush,5,-5,G5,,N5,,S5,R,,R,R,X,R,R,,C,C,R,R,R,RU,,N,,Juncaceae,5,-5,,,N,,,
1264192,JUNCALA,,Juncus alpinoarticulatus ssp. americanus,Alpine Rush,5,-5,G5T5,,N5,,S5,R,,R,R,X,R,R,,C,C,R,R,R,RU,,N,,Juncaceae,5,-5,,,N,,,
31066,JUNCANT,,Juncus anthelatus,Greater Poverty Rush,3,-3,GNR,,N1,,S1,R,cz,R,,,,,,,,,,,RU,,N,,Juncaceae,3,-3,,,Y,,,Y
17093,JUNCARC,,Juncus arcticus,Arctic Rush,,-5,G5,,NNR,,S3,,,,,,,,,,,,,,RU,,N,,Juncaceae,,-5,,,Y,,,
1009406,JUNCARA,,Juncus arcticus ssp. arcticus,Arctic Rush,,-5,G5T3T5,,N3,,S3,,,,,,,,,,,,,,RU,,N,,Juncaceae,,-5,,,Y,,,
31008,JUNCART,,Juncus articulatus,Jointed Rush,5,-5,G5,,N5,,S5,U,,R,X,X,R,R,X,U,X,U,C,C,RU,,N,,Juncaceae,5,-5,,,N,,,
1257070,JUNCARR,,Juncus articulatus ssp. articulatus,Jointed Rush,5,-5,G5TNR,,N5,,S5,U,,R,X,X,R,R,X,U,X,U,C,C,RU,,N,,Juncaceae,5,-5,,,N,,,
31010,JUNCBAL,,Juncus balticus,Baltic Rush,5,-5,G5,,N5,,S5,U,,R,X,X,U,U,X,U,C,U,R,R,RU,,N,,Juncaceae,5,-5,,,N,,,
1005017,JUNCBAI,,Juncus balticus ssp. littoralis,Shoreline Rush,5,-5,G5T5,,N5,,S5,U,,R,X,X,U,U,X,U,C,U,R,R,RU,,N,,Juncaceae,5,-5,,,N,,,
31012,JUNCBIF,,Juncus biflorus,Two-flowered Rush,10,-3,G5,,N1,,S1,R,CZ,R,,,,,,R,,,,,RU,,N,,Juncaceae,10,-3,,,Y,,,Y
31014,JUNCBRA,,Juncus brachycarpus,Short-fruited Rush,10,-3,G4G5,,N1,,S1,R,CZ,R,,,,,,,,,,,RU,,N,,Juncaceae,10,-3,,,Y,,,Y
31016,JUNCBRC,,Juncus brachycephalus,Short-headed Rush,7,-5,G5,,N4N5,,S4S5,R,,R,X,X,R,R,X,U,X,R,,R,RU,,N,,Juncaceae,7,-5,,,N,,,
31018,JUNCBRE,,Juncus brevicaudatus,Short-tailed Rush,6,-5,G5,,N5,,S5,R,,,,R,,R,,R,,,,,RU,,N,,Juncaceae,6,-5,,,N,,,
31020,JUNCBUF,,Juncus bufonius,Toad Rush,1,-3,G5,,N5,,S5,C,,R,X,R,U,U,X,C,,U,C,R,RU,,N,,Juncaceae,1,-3,,,N,,,
31022,JUNCCAN,,Juncus canadensis,Canada Rush,6,-5,G5,,N5,,S5,R,,R,R,R,X,R,X,U,R,R,R,,RU,,N,,Juncaceae,6,-5,,,N,,,
31098,JUNCCAS,,Juncus castaneus,Chestnut Rush,,-3,G5,,N5,,S3,,,,,,,,,,,,,,RU,,N,,Juncaceae,,-3,,,Y,,,
1009587,JUNCCAC,,Juncus castaneus ssp. castaneus,Chestnut Rush,,-3,G5T5,,N5,,S3,,,,,,,,,,,,,,RU,,N,,Juncaceae,,-3,,,Y,,,
31024,JUNCCOM,,Juncus compressus,Compressed Rush,,-3,G5,,NNA,,SE5,IR,,IR,IR,IX,IR,IR,IX,IR,,IR,IX,IR,RU,,I,,Juncaceae,0,-3,,,N,,,
1256760,JUNCCON,,Juncus conglomeratus,Compact Rush,,-3,G5?,,N5,,SE1?,,,,,,,,,,,,,,RU,,I,,Juncaceae,0,-3,,,N,,,
31026,JUNCDUD,,Juncus dudleyi,Dudley's Rush,1,-3,G5,,N5,,S5,C,,C,X,X,C,C,X,C,C,C,C,C,RU,,N,,Juncaceae,1,-3,,,N,,,
31028,JUNCEFF,,Juncus effusus,Soft Rush,4,-5,G5,,N5,,S5,,,,,,,,,,,,,,RU,Sum,N,,Juncaceae,4,-5,,,N,,,
1256815,JUNCEFE,,Juncus effusus ssp. effusus,Soft Rush,,-5,G5T5?,,NNA,,SE1?,,,,,,,,,,,,,,RU,Sum,I,,Juncaceae,0,-5,,,N,,,
31032,JUNCEFS,,Juncus effusus ssp. solutus,Soft Rush,4,-5,G5T5,,N5,,S5?,C,,C,,R,X,C,X,R,C,C,C,C,RU,Sum,N,,Juncaceae,4,-5,,,N,,,
1007345,JUNCENS,,Juncus ensifolius,Dagger-leaved Rush,,-3,G5,,NNR,,SH,,,,,,,,,,,,,,RU,,N,,Juncaceae,,-3,,,Y,,,
31036,JUNCFIL,,Juncus filiformis,Thread Rush,8,-3,G5,,N5,,S5?,,,,,,,,,,,,,,RU,,N,,Juncaceae,8,-3,,,N,,,
31038,JUNCGER,,Juncus gerardi,Blackgrass Rush,,-5,G5,,N5,,SE3,IR,,IR,IX,IX,IR,IR,,,,IR,IX,IR,RU,,I,,Juncaceae,0,-5,,,N,,,
1010641,JUNCGEG,,Juncus gerardi ssp. gerardi,Blackgrass Rush,,-5,G5TNR,,N5,,SE3,IR,,IR,IX,IX,IR,IR,,,,IR,IX,IR,RU,,I,,Juncaceae,0,-5,,,N,,,
31040,JUNCGRE,,Juncus greenei,Greene's Rush,9,0,G5,,N3,,S3,R,cz,R,,R,,,,R,,,,,RU,,N,,Juncaceae,9,0,,,Y,,,Y
31042,JUNCINF,,Juncus inflexus,Incurved Rush,,-3,G5,,NNA,,SE1,IR,,,,,,,,,,,IR,,RU,,I,,Juncaceae,0,-3,,,N,,,
1010374,JUNCINI,,Juncus inflexus ssp. inflexus,Incurved Rush,,-3,G5TNR,,NNA,,SE1,IR,,,,,,,,,,,IR,,RU,,I,,Juncaceae,0,-3,,,N,,,
31044,JUNCINT,,Juncus interior,Inland Rush,8,3,G4,,N4N5,,S4,R,,R,,R,,R,,,,,,,RU,,N,,Juncaceae,8,3,,,N,,,
31048,JUNCLON,,Juncus longistylis,Long-styled Rush,,-3,G5,,N5,,S3,IR,,IH,IR,,,,,,,,,,RU,,N,,Juncaceae,,-3,,,Y,,,
31050,JUNCMAR,,Juncus marginatus,Grass-leaved Rush,9,-3,G5,,N3N4,,S3,R,CZ,R,,,R,R,,U,,R,,,RU,,N,,Juncaceae,9,-3,,,Y,,,Y
31054,JUNCMIL,,Juncus militaris,Bayonet Rush,10,-5,G5,,N5,,S4,,,,,,,,,,,,,,RU,,N,,Juncaceae,10,-5,,,N,,,
31056,JUNCNOD,,Juncus nodosus,Knotted Rush,5,-5,G5,,N5,,S5,U,,U,X,X,X,U,X,U,C,R,R,R,RU,,N,,Juncaceae,5,-5,,,N,,,
31058,JUNCPEL,,Juncus pelocarpus,Brown-fruited Rush,8,-5,G5,,N5,,S5,R,,,,H,R,,,,,,,,RU,,N,,Juncaceae,8,-5,,,N,,,
31030,JUNCPYL,,Juncus pylaei,Pylae's Soft Rush,4,-5,G5?,,N5?,,S5?,C,,X,,R,X,X,X,C,C,X,C,R,RU,,N,,Juncaceae,4,-5,,,N,,,
1009756,JUNCRAN,,Juncus ranarius,Frog Rush,,-3,G5,,NU,,SU,,,,,,,,,,,,,,RU,,N,,Juncaceae,,-3,,,N,,,
31060,JUNCSEC,,Juncus secundus,One-sided Rush,9,3,G5?,,N3,,S3,R,,R,,,,,,,,,,,RU,,N,,Juncaceae,9,3,override,Suppl. CW value matches more closely with values from US Wetland Plant List,Y,,,
31112,JUNCSTY,,Juncus stygius,Moor Rush,10,-5,G5,,N5,,S4,,,,,,,,,,,,,,RU,,N,,Juncaceae,10,-5,,,N,,,
31114,JUNCSTA,,Juncus stygius ssp. americanus,American Moor Rush,10,-5,G5T5,,N5,,S4,,,,,,,,,,,,,,RU,,N,,Juncaceae,10,-5,,,N,,,
31062,JUNCSUB,,Juncus subtilis,Creeping Rush,9,-5,G5?,,N5?,,S3,,,,,,,,,,,,,,RU,,N,,Juncaceae,9,-5,,,Y,,,
31064,JUNCTEN,,Juncus tenuis,Path Rush,0,0,G5,,N5,,S5,C,,C,X,X,X,C,X,C,C,C,C,C,RU,Sum,N,,Juncaceae,0,0,,,N,,,
31068,JUNCTOR,,Juncus torreyi,Torrey's Rush,3,-3,G5,,N5,,S5,C,,C,X,X,U,U,X,U,U,U,C,U,RU,Sum,N,,Juncaceae,3,-3,,,N,,,
31118,JUNCTRI,,Juncus triglumis,Three-flowered Rush,,-3,G5,,N5,,S4,,,,,,,,,,,,,,RU,,N,,Juncaceae,0,-3,,,N,,,
31120,JUNCTRA,,Juncus triglumis ssp. albescens,Northern White Rush,,-3,G--T5,,N5,,S4,,,,,,,,,,,,,,RU,,N,,Juncaceae,0,-3,,,N,,,
31070,JUNCVAS,,Juncus vaseyi,Vasey's Rush,9,-3,G5,,N4N5,,S3,R,,,,R,,,,,,,,,RU,,N,,Juncaceae,9,-3,,,Y,,,
31116,JUNCX G,,Juncus x gracilescens,(Juncus alpinoarticulatus X Juncus brevicaudatus),,,GNA,,NNA,,SNA,,,,,,,,,,,,,,RU,,N,,Juncaceae,,,,,N,,,
1010644,JUNCX L,,Juncus x lemieuxii,(Juncus articulatus X Juncus canadensis),,,GNA,,NNA,,SNA,,,,,,,,,,,,,,RU,,N,,Juncaceae,0,,,,N,,,
31072,JUNCX N,,Juncus x nodosiformis,(Juncus alpinoarticulatus X Juncus nodosus),,,GNA,,NNA,,SNA,hyb,,hyb,hyb,,hyb,hyb,,,,,,,RU,,N,,Juncaceae,,,,,N,,,
13500,JUNICOM,,Juniperus communis,Common Juniper,4,3,G5,,N5,,S5,R,,R,X,R,R,R,,U,,R,R,R,SH,,N,,Cupressaceae,4,3,,,N,,,
1257257,JUNICOC,,Juniperus communis var. communis,Common Juniper,,3,G5TNR,,NNA,,SE1,,,,,,,,,,,,,,SH,,I,,Cupressaceae,0,3,,,N,,,
13502,JUNICOD,,Juniperus communis var. depressa,Depressed Juniper,4,3,G5T5,,N5,,S5,,,,,,,,,,,,,,SH,,N,,Cupressaceae,4,3,,,N,,,
13504,JUNIHOR,,Juniperus horizontalis,Creeping Juniper,10,3,G5,,N5,,S5,R,,,,R,R,,,,,,,,SH,,N,,Cupressaceae,10,3,,,N,,,
13506,JUNIVIR,,Juniperus virginiana,Eastern Red Cedar,4,3,G5,,N5,,S5,C,,C,X,X,X,U,X,C,C,C,C,U,TR,,N,,Cupressaceae,4,3,,,N,,,
13510,JUNIVIV,,Juniperus virginiana var. virginiana,Eastern Red Cedar,4,3,G5T5,,N5,,S5,C,,C,X,X,X,U,X,C,C,C,C,U,TR,,N,,Cupressaceae,4,3,,,N,,,
158000,JUSTAME,,Justicia americana,American Water-willow,9,-5,G5,THR,N2N3,THR,S2,R,cz,R,R,,,R,,R,,R,,,FO,,N,,Acanthaceae,9,-5,,,Y,LV,Mod,
133024,KALMANG,,Kalmia angustifolia,Sheep Laurel,9,0,G5,,N5,,S5,R,,,,,,,,,,R,,,SH,,N,,Ericaceae,9,0,,,N,,,
1010377,KALMANA,,Kalmia angustifolia var. angustifolia,Sheep Laurel,9,0,G5T5,,N5,,S5,R,,,,,,,,,,R,,,SH,,N,,Ericaceae,9,0,,,N,,,
133028,KALMMIC,,Kalmia microphylla,Western Bog Laurel,,-5,G5,,N5,,S2?,,,,,,,,,,,,,,SH,,N,,Ericaceae,,-5,,,Y,,,
1010380,KALMMIM,,Kalmia microphylla var. microphylla,Western Alpine Laurel,,-5,G5T5,,N4N5,,S2?,,,,,,,,,,,,,,SH,,N,,Ericaceae,,-5,,,Y,,,
133030,KALMPOL,,Kalmia polifolia,Pale Bog Laurel,10,-5,G5,,N5,,S5,R,,,,H,R,,,,,R,R,H,SH,,N,,Ericaceae,10,-5,,,N,,,
1005238,KALMPRO,,Kalmia procumbens,Alpine Azalea,,-3,G5,,N5,,S1,,,,,,,,,,,,,,SH,,N,,Ericaceae,,-3,,,Y,,,
1007442,KALOSEP,,Kalopanax septemlobus,Castor Aralia,,5,GNR,,NNA,,SE1,IR,,,,,,,,IR,,,,,SH,,I,,Araliaceae,0,5,,,N,,,
82192,KERRJAP,,Kerria japonica,Japanese-rose,,5,G5,,NNA,,SE1,IR,,,,,IR,,,,,,,IR,SH,,I,,Rosaceae,0,5,,,N,,,
153070,KICKELA,,Kickxia elatine,Sharp-leaved Cancerwort,,0,GNR,,NNA,,SE1,IR,,,,,IR,,,,,,IR,IR,FO,Sum-Aut,I,,Scrophulariaceae,0,0,,,N,,,
153072,KICKSPU,,Kickxia spuria,Round-leaved Cancerwort,,,GNR,,NNA,,SE1,IR,,,,,,,,,,,IR,IR,FO,Sum-Aut,I,,Scrophulariaceae,0,,,,N,,,
165008,KNAUARV,,Knautia arvensis,Field Scabious,,5,GNR,,NNA,,SE1,IR,,,,,,,IR,,,,,IR,FO,,I,,Dipsacaceae,0,5,,,N,,,
22386,KOELMAC,,Koeleria macrantha,Prairie Junegrass,10,5,G5,,N5,,S4,R,cz,H,,R,H,,,R,,,,,GR,,N,,Poaceae,10,5,,,N,,,Y
22626,TRISSPI,,Koeleria spicata,Spike Trisetum,10,0,G5,,N5,,S4,,,,,,,,,,,,,,GR,,N,,Poaceae,10,0,,,N,,,
54002,KOENISL,,Koenigia islandica,Iceland Purslane,,-5,G4,,N4,,SH,,,,,,,,,,,,,,FO,,N,,Polygonaceae,,-5,,,Y,,,
1009774,ACONX F,,Koenigia x fennica,(Koenigia alpina X Koenigia weyrichii),,,GNA,,NNA,,SNA,,,,,,,,,,,,,,FO,,I,,Polygonaceae,0,,,,N,,,
162002,KOLKAMA,,Kolkwitzia amabilis,Beautybush,,5,GNR,,NNA,,SE1,IR,,,,,,,,IR,IR,,,,FO,,I,,Caprifoliaceae,0,5,,,N,,,
168556,KRIGBIF,,Krigia biflora,Two-flowered Dwarf-dandelion,10,3,G5,,N2N3,,S2,R,CZ,U,,R,,,,,,,,,FO,,N,,Asteraceae,10,3,,,Y,,,Y
194339,KRIGVIR,,Krigia virginica,Virginia Dwarf-dandelion,10,5,G5,,N1,,S1,R,CZ,,,R,,,,,,,,,FO,,N,,Asteraceae,10,5,,,Y,,,
83264,LABLPUR,,Lablab purpureus,Hyacinth-bean,,,GNR,,NNA,,SEH,,,,,,,,,,,,,,VI,,I,,Fabaceae,0,,,,N,,,
168558,LACTBIE,,Lactuca biennis,Tall Blue Lettuce,6,0,G5,,N5,,S5,U,,R,X,X,X,X,X,U,X,U,U,R,FO,Aut,N,,Asteraceae,6,0,,,N,,,
168560,LACTCAN,,Lactuca canadensis,Canada Lettuce,3,3,G5,,N5,,S5,U,,X,X,X,X,X,X,C,R,U,C,U,FO,,N,,Asteraceae,3,3,,,N,,,
168562,LACTFLO,,Lactuca floridana,Woodland Lettuce,6,3,G5,,N1N2,,S1S2,R,CZ,R,,,,,,,,,,,FO,,N,,Asteraceae,6,3,,,Y,,,
168566,LACTHIR,,Lactuca hirsuta,Hairy Lettuce,7,5,G5?,,N4,,S4,R,,H,,R,,,,R,R,,,,FO,,N,,Asteraceae,7,5,,,N,,,Y
168568,LACTLUD,,Lactuca ludoviciana,Western Lettuce,,5,G4G5,,NU,,SEH,,,,,,,,,,,,,,FO,,I,,Asteraceae,0,5,,,N,,,
168570,LACTSAL,,Lactuca saligna,Willow-leaved Lettuce,,3,GNR,,NNA,,SE2,IR,,IR,,IH,,,,,,IR,,IX,FO,,I,,Asteraceae,0,3,,,N,,,
168572,LACTSAT,,Lactuca sativa,Garden Lettuce,,5,GNR,,NNA,,SE1,,,,,,,,,,,,,,FO,,I,,Asteraceae,0,5,,,N,,,
168574,LACTSER,,Lactuca serriola,Prickly Lettuce,,3,GNR,,NNA,,SE5,IC,,IC,IX,IX,IX,IX,IX,IC,IX,IC,IX,IC,FO,,I,,Asteraceae,0,3,,,N,,,
1004728,LAMIGAL,,Lamiastrum galeobdolon,Yellow Archangel,,5,GNR,,NNA,,SE1,IR,,,,,,,,IR,,,,IR,FO,Spr,I,,Lamiaceae,0,5,,,N,,,
151048,LAMIALB,,Lamium album,White Dead-nettle,,5,G5,,NNA,,SEH,IH,,,,,,,,,,,IH,,FO,,I,,Lamiaceae,0,5,,,N,,,
151050,LAMIAMP,,Lamium amplexicaule,Common Dead-nettle,,5,GNR,,NNA,,SE3,IR,,IR,IX,IX,IR,IR,IX,IR,,IR,IX,IR,FO,,I,,Lamiaceae,0,5,,,N,,,
1257839,LAMIHYB,,Lamium hybridum,Cut-leaved Purple Dead-nettle,,5,GNR,,NNA,,SEH,,,,,,,,,,,,,,FO,,I,,Lamiaceae,0,5,,,N,,,
151052,LAMIMAC,,Lamium maculatum,Spotted Dead-nettle,,5,GNR,,NNA,,SE2,IR,,,,IX,,,IX,,,,,IR,FO,,I,,Lamiaceae,0,5,,,N,,,
151054,LAMIPUR,,Lamium purpureum,Purple Dead-nettle,,5,GNR,,NNA,,SE3,IR,,IU,,IX,IR,IR,,IR,IX,IR,IX,IR,FO,,I,,Lamiaceae,0,5,,,N,,,
50002,LAPOCAN,,Laportea canadensis,Canada Wood Nettle,6,-3,G5,,N5,,S5,C,,C,X,X,X,X,X,C,C,C,C,U,FO,,N,,Urticaceae,6,-3,,,N,,,
149070,LAPPSQU,,Lappula squarrosa,Bristly Stickseed,,5,GNR,,NNA,,SE5,IR,,IR,IR,IX,IR,IR,IX,IX,,IR,IH,IR,FO,,I,,Boraginaceae,0,5,,,N,,,
168580,LAPSCOM,,Lapsana communis,Common Nipplewort,,3,GNR,,NNA,,SE5,IX,,IR,,IX,IR,IR,IX,IU,IX,IC,IX,IU,FO,Sum,I,,Asteraceae,0,3,,,N,,,
13002,LARIDEC,,Larix decidua,European Larch,,5,G5,,NNA,,SE2,IX,,,,,IX,IX,IX,IX,IX,IR,IR,IX,TR,,I,,Pinaceae,0,5,,,N,,,
13004,LARILAR,,Larix laricina,Tamarack,7,-3,G5,,N5,,S5,U,,,,R,X,U,X,C,R,R,C,R,TR,,N,,Pinaceae,7,-3,,,N,,,
83116,LATHJAP,,Lathyrus japonicus,Beach Pea,9,3,G5,,N5,,S4,R,,H,R,R,,,,U,,R,,R,VI,Sum,N,,Fabaceae,9,3,,,P,,,
1257224,LATHJAG,,Lathyrus japonicus var. glaber,Glabrous Beach Pea,9,3,G5T4T5,,NNR,,SU,R,,H,R,R,,,,U,,R,,R,VI,,N,,Fabaceae,9,3,,,N,,,
1257226,LATHJAJ,,Lathyrus japonicus var. japonicus,Beach Pea,9,3,G5TNR,,NNR,,S1?,R,,H,R,R,,,,U,,R,,R,VI,Sum,N,,Fabaceae,9,3,,,Y,,,
1257225,LATHJAE,,Lathyrus japonicus var. pellitus,Hairy Beach Pea,9,3,G5T5,,NNR,,SU,R,,H,R,R,,,,U,,R,,R,VI,,N,,Fabaceae,9,3,,,N,,,
83118,LATHLAT,,Lathyrus latifolius,Everlasting Pea,,5,GNR,,NNA,,SE4,IU,,IU,IX,IX,IX,IX,,IU,IX,IR,IX,IR,VI,,I,,Fabaceae,0,5,,,N,,,
83120,LATHOCH,,Lathyrus ochroleucus,Cream-colored Vetchling,8,5,G5,,N5,,S4S5,R,,R,R,H,,R,,R,R,R,,R,VI,Spr-Sum,N,,Fabaceae,8,5,,,N,,,
83122,LATHODO,,Lathyrus odoratus,Sweet Pea,,5,GNR,,NNA,,SE1,IR,,,,,,,,,,IH,,IR,VI,,I,,Fabaceae,0,5,,,N,,,
83124,LATHPAL,,Lathyrus palustris,Marsh Vetchling,6,-3,G5,,N5,,S5,U,,U,R,X,R,,,U,X,R,R,R,VI,Sum,N,,Fabaceae,6,-3,,,N,,,
83126,LATHPRA,,Lathyrus pratensis,Meadow Vetchling,,3,GNR,,NNA,,SE2,IR,,,,,IR,IR,,IR,,,,IR,VI,Sum,I,,Fabaceae,0,3,,,N,,,
83128,LATHSAT,,Lathyrus sativus,White Vetchling,,,GNR,,NNA,,SEH,,,,,,,,,,,,,,VI,,I,,Fabaceae,0,,,,N,,,
83130,LATHSYL,,Lathyrus sylvestris,Flat Vetchling,,5,GNR,,NNA,,SE3,IR,,,,,,,,IH,,,,IR,VI,,I,,Fabaceae,0,5,,,N,,,
83132,LATHTUB,,Lathyrus tuberosus,Tuberous Vetchling,,5,GNR,,NNA,,SE3,IR,,IR,IX,IX,,IR,,IH,,IR,IX,IX,VI,Sum,I,,Fabaceae,0,5,,,N,,,
83134,LATHVEN,,Lathyrus venosus,Veiny Vetchling,8,0,G5,,N5,,S4,H,,,,H,,,,,?,,,,VI,,N,,Fabaceae,8,0,,,N,,,
1257227,LATHVEI,,Lathyrus venosus var. intonsus,Veiny Vetchling,8,0,G5T5,,N5,,S4,H,,,,H,,,,,?,,,,VI,,N,,Fabaceae,8,0,,,N,,,
109022,LAVATHU,,Lavatera thuringiaca,Gay Mallow,,,GNR,,NNA,,SEH,,,,,,,,,,,,,,FO,,I,,Malvaceae,0,,,,N,,,
114010,LECHINT,,Lechea intermedia,Large-pod Pinweed,7,5,G5,,N4N5,,S4,R,,?,,R,,R,,U,U,R,R,R,FO,,N,,Cistaceae,7,5,,,N,,,Y
1009786,LECHINI,,Lechea intermedia var. intermedia,Large-pod Pinweed,7,5,G5T4T5,,N4N5,,S4?,,,,,,,,,,,,,,FO,,N,,Cistaceae,7,5,,,N,,,Y
1009789,LECHINL,,Lechea intermedia var. laurentiana,Laurentian Pinweed,7,5,G5TNR,,NU,,SU,,,,,,,,,,,,,,FO,,N,,Cistaceae,7,5,,,N,,,
114012,LECHMIN,,Lechea minor,Thyme-leaved Pinweed,9,5,G5,,NX,,SX,H,CZ,H,,,,,,,,,,,FO,,N,,Cistaceae,9,5,,,Y,,,
114022,LECHMUC,,Lechea mucronata,Hairy Pinweed,9,5,G5,,N3,,S3,R,CZ,R,R,R,R,R,,C,R,,,,FO,Sum,N,,Cistaceae,9,5,,,Y,,,Y
114014,LECHPUL,,Lechea pulchella,Leggett's Pinweed,10,5,G5,,N1,,S1,R,CZ,R,,R,,,,,,,,,FO,Sum,N,,Cistaceae,10,5,,,Y,,,Y
1009792,LECHPUM,,Lechea pulchella var. moniliformis,Bead Pinweed,10,5,G5T4,,N1,,S1,R,CZ,R,,R,,,,,,,,,FO,,N,,Cistaceae,10,5,,,Y,,,Y
179118,LECHSTR,,Lechea stricta,Strict Pinweed,10,5,G4?,,N1,,S1,,,,,,,,,,,,,,FO,,N,,Cistaceae,10,5,,,Y,,,
22388,LEERORY,,Leersia oryzoides,Rice Cutgrass,3,-5,G5,,N5,,S5,C,,C,X,X,X,C,X,C,C,C,C,C,GR,,N,,Poaceae,3,-5,,,N,,,
22390,LEERVIR,,Leersia virginica,White Cutgrass,6,-3,G5,,N4,,S4,C,,C,X,X,X,R,X,C,U,C,C,R,GR,,N,,Poaceae,6,-3,,,N,,,
25000,LEMNMIN,,Lemna minor,Small Duckweed,5,-5,G5,,N5,,S5?,C,,C,X,X,X,C,X,C,X,C,C,C,FO,,N,,Lemnaceae,5,-5,,,N,,,
25002,LEMNTRI,,Lemna trisulca,Star Duckweed,6,-5,G5,,N5,,S5,U,,R,R,X,X,U,X,U,X,U,C,R,FO,,N,,Lemnaceae,6,-5,,,N,,,
25010,LEMNTUR,,Lemna turionifera,Turion Duckweed,5,-5,G5,,N5,,S5?,R,,R,,,,,,,,,,?,FO,,N,,Lemnaceae,5,-5,,,N,,,
83136,LENSCUL,,Lens culinaris,Lentil,,,GNR,,NNA,,SE1,IH,,,,,,,,,,IH,,,VI,,I,,Fabaceae,0,,,,N,,,
168586,LEONHIS,,Leontodon hispidus,Bristly Hawkbit,,,GNR,,NNA,,SEH,,,,,,,,,,,,,,FO,,I,,Asteraceae,0,,,,N,,,
1009578,LEONSAX,,Leontodon saxatilis,Hairy Hawkbit,,5,GNR,,NNA,,SE2?,IR,,IR,,,,,,,,,,IR,FO,,I,,Asteraceae,0,5,,,N,,,
1005030,LEONSAS,,Leontodon saxatilis ssp. saxatilis,Hairy Hawkbit,,5,GNRTNR,,NNA,,SE1,IR,,IR,,,,,,,,,,IR,FO,,I,,Asteraceae,0,5,,,N,,,
151056,LEONCAR,,Leonurus cardiaca,Common Motherwort,,5,GNR,,NNA,,SE5,IC,,IC,IX,IX,IC,IC,IX,IC,IX,IC,IC,IC,FO,,I,,Lamiaceae,0,5,,,N,,,
151058,LEONCAC,,Leonurus cardiaca ssp. cardiaca,Common Motherwort,,5,GNRTNR,,NNA,,SE5,IC,,IC,IX,IX,IC,IC,IX,IC,IX,IC,IC,IC,FO,,I,,Lamiaceae,0,5,,,N,,,
73198,LEPICAM,,Lepidium campestre,Field Peppergrass,,5,GNR,,NNA,,SE5,IC,,IC,IX,IX,IX,IX,IX,IC,IX,IC,IX,IC,FO,Spr,I,,Brassicaceae,0,5,,,N,,,
73112,LEPICHA,,Lepidium chalepense,Lens-pod Hoarycress,,5,GNR,,NNA,,SEH,IR,,,,,,,,IH,,,,IR,FO,,I,,Brassicaceae,0,5,,,N,,,
73124,LEPICOR,,Lepidium coronopus,Greater Swinecress,,5,GNR,,NNA,,SE1,IR,,IR,,,,,,,,,,IR,FO,,I,,Brassicaceae,0,5,,,N,,,
73200,LEPIDEN,,Lepidium densiflorum,Common Peppergrass,,3,G5,,N5,,SE5,IX,,,,,,,,,IX,IR,IX,IR,FO,,I,,Brassicaceae,0,3,,,N,,,
73122,LEPIDID,,Lepidium didymum,Lesser Swinecress,,5,GNR,,NNA,,SEH,IR,,IR,,,,,,,,,IR,,FO,,I,,Brassicaceae,0,5,,,N,,,
73110,LEPIDRA,,Lepidium draba,Heart-pod Hoarycress,,5,GNR,,NNA,,SE2,IR,,IR,,IR,,IR,,,IX,IR,,,FO,,I,,Brassicaceae,0,5,,,N,,,
1010181,LEPILAT,,Lepidium latifolium,Broad-leaved Peppergrass,,3,GNR,,NNA,,SE1,,,,,,,,,,,,,,FO,,I,,Brassicaceae,0,3,,,N,,,
73202,LEPIPER,,Lepidium perfoliatum,Clasping-leaved Peppergrass,,3,GNR,,NNA,,SEH,IR,,IR,,,,,,,,,,IR,FO,,I,,Brassicaceae,0,3,,,N,,,
73204,LEPIRAM,,Lepidium ramosissimum,Branched Peppergrass,,5,G5,,N5,,SE1,,,,,,,,,,,,,,FO,,I,,Brassicaceae,0,5,,,N,,,
73206,LEPIRUD,,Lepidium ruderale,Roadside Peppergrass,,5,GNR,,NNA,,SE3,IR,,IR,IX,,,IR,,IR,,IR,IX,IX,FO,,I,,Brassicaceae,0,5,,,N,,,
73208,LEPISAT,,Lepidium sativum,Garden Peppergrass,,5,GNR,,NNA,,SE2,IR,,,,IH,,,,,,,,IR,FO,,I,,Brassicaceae,0,5,,,N,,,
73210,LEPIVIR,,Lepidium virginicum,Poor-man's Peppergrass,0,3,G5,,N5,,S5,U,,C,X,X,R,X,X,U,X,R,U,R,FO,Spr,N,,Brassicaceae,0,3,,,N,,,
1008174,LEPIVIV,,Lepidium virginicum ssp. virginicum,Poor-man's Peppergrass,0,3,G5T5,,N5,,S5,U,,C,X,X,R,X,X,U,X,R,U,R,FO,Spr,N,,Brassicaceae,0,3,,,N,,,
83138,LESPBIC,,Lespedeza bicolor,Two-coloured Bush-Clover,,5,GNR,,NNA,,SE1,,,,,,,,,,,,,,FO,,I,,Fabaceae,0,5,,,N,,,
83140,LESPCAP,,Lespedeza capitata,Round-headed Bush-clover,7,3,G5,,N4,,S4,R,cz,R,R,X,R,R,X,C,C,R,C,R,FO,Sum,N,,Fabaceae,7,3,,,N,,,Y
83142,LESPCUN,,Lespedeza cuneata,Chinese Bush-clover,,5,GNR,,NNA,,SEH,IH,,,,,,IH,,,,,,,SH,,I,,Fabaceae,0,5,,,N,,,
83150,LESPFRU,,Lespedeza frutescens,Shrubby Bush-clover,10,5,G5,,N1,,S1,R,CZ,R,,?,,,,,,R,,,FO,,N,,Fabaceae,10,5,,,Y,,,
83144,LESPHIR,,Lespedeza hirta,Hairy Bush-clover,9,5,G5,,N4,,S4,R,cz,R,R,R,R,R,,U,R,R,U,R,FO,Aut,N,,Fabaceae,9,5,,,N,,,Y
1010386,LESPHIH,,Lespedeza hirta ssp. hirta,Hairy Bush-clover,9,5,G5T5?,,N4,,S4,R,cz,R,R,R,R,R,,U,R,R,U,R,FO,Aut,N,,Fabaceae,9,5,,,N,,,Y
194338,LESPPRO,,Lespedeza procumbens,Trailing Bush-clover,10,5,G5,,N1,,S1,R,CZ,,,,,,,R,,,,,FO,,N,,Fabaceae,10,5,,,Y,,,
83148,LESPTHU,,Lespedeza thunbergii,Thunberg's Bush-clover,,5,GNR,,NNA,,SEH,IH,,,,,,IH,,,,,,,SH,,I,,Fabaceae,0,5,,,N,,,
83146,LESPVIO,,Lespedeza violacea,Wand Bush-clover,8,5,G5,,N4?,,S4?,R,cz,R,R,R,R,R,,U,R,R,R,R,FO,,N,,Fabaceae,8,5,,,N,,,Y
83152,LESPVIR,,Lespedeza virginica,Slender Bush-clover,10,5,G5,END,N1,END,S1,R,CZ,R,,,,,,,,,,,FO,Aut,N,,Fabaceae,10,5,,,Y,MV,Low,Y
83274,LESPX L,,Lespedeza x longifolia,(Lespedeza capitata X Lespedeza hirta),,,GNA,,NNA,,SNA,hyb,,,,,,hyb,,,,,,,FO,,N,,Fabaceae,0,,,,N,,,
83154,LESPX N,,Lespedeza x nuttallii,(Lespedeza hirta X Lespedeza violacea),,5,GNA,,NNA,,SNA,hyb,,,,,,hyb,,hyb,,hyb,,,FO,,N,,Fabaceae,,5,,Parental CW values identical,N,,,
168590,LEUCSER,,Leucanthemella serotina,Giant Daisy,,5,GNR,,NNA,,SE1,,,,,,,,,,,,,,FO,,I,,Asteraceae,0,5,,,N,,,
168592,LEUCVUL,,Leucanthemum vulgare,Oxeye Daisy,,5,GNR,,NNA,,SE5,IC,,IC,IX,IX,IC,IC,IX,IC,IX,IC,IX,IC,FO,Sum-Aut,I,,Asteraceae,0,5,,,N,,,
17372,LEUCAES,,Leucojum aestivum,Summer Snowflake,,,GNR,,NNA,,SE1,,,,,,,,,,,,,,FO,,I,,Liliaceae,0,,,,N,,,
152006,LEUCGRA,,Leucophysalis grandiflora,Large False Ground-cherry,8,5,G4?,,N3N4,,S3,R,,,,R,,,,,,,,,FO,,N,,Solanaceae,8,5,,,Y,,,
153074,LEUCMUL,,Leucospora multifida,Narrow-leaf Paleseed,8,0,G5,,N1,,S1,R,CZ,R,R,,IR,IR,,,,,,,FO,,N,,Scrophulariaceae,8,0,,,Y,,,
129056,LEVIOFF,,Levisticum officinale,Garden Lovage,,5,GNR,,NNA,,SE1,IR,,,,,,IR,,,,,,IR,FO,,I,,Apiaceae,0,5,,,N,,,
22396,LEYMARE,,Leymus arenarius,European Lymegrass,,3,GNR,,NNA,,SE1,IR,,,,,IR,,,,,,,,GR,,I,,Poaceae,0,3,,,N,,,
22740,LEYMINN,,Leymus innovatus,Downy Lymegrass,,0,G5,,N5,,S4,,,,,,,,,,,,,,GR,,N,,Poaceae,0,0,,,N,,,
1008100,LEYMINI,,Leymus innovatus ssp. innovatus,Downy Lymegrass,,0,G5T5,,N5,,S4,,,,,,,,,,,,,,GR,,N,,Poaceae,0,0,,,N,,,
22398,LEYMMOL,,Leymus mollis,Sea Lymegrass,8,3,G5,,N5,,S4,,,,,,,,,,,,,,GR,,N,,Poaceae,8,3,,,N,,,
22730,LEYMMOM,,Leymus mollis ssp. mollis,Sea Lymegrass,8,3,G5T5,,N5,,S4,,,,,,,,,,,,,,GR,,N,,Poaceae,8,3,,,N,,,
168594,LIATASP,,Liatris aspera,Rough Blazing-star,10,5,G4G5,,N2,,S2,R,CZ,R,R,R,?,,,,,,,H,FO,Aut,N,,Asteraceae,10,5,,,Y,,,Y
168598,LIATCYL,,Liatris cylindracea,Slender Blazing-star,10,5,G5,,N3,,S3,R,,,R,R,,,,R,,H,,R,FO,,N,,Asteraceae,10,5,,,Y,,,Y
168602,LIATSPI,,Liatris spicata,Dense Blazing-star,9,0,G5,THR,N2,THR,S2,R,CZ,R,R,R,R,R,,,?,IR,,IR,FO,Sum,N,,Asteraceae,9,0,,,Y,,,Y
1004582,LIATSPS,,Liatris spicata var. spicata,Dense Blazing-star,9,0,G5T5?,,N2,,S2,R,CZ,R,R,R,R,R,,,?,IR,,IR,FO,Sum,N,,Asteraceae,9,0,,,Y,,,Y
168604,LIATX G,,Liatris x gladewitzii,(Liatris aspera X Liatris cylindracea),,5,GNA,,NNA,,SNA,hyb,,,hyb,hyb,,,,,,,,,FO,,N,,Asteraceae,,5,,Parental CW values identical,N,,,
168600,LIATX S,,Liatris x spheroidea,(Liatris aspera X Liatris ligulistylis),,,G4G5,,NH,,SNA,hyb,,?,,hyb,,,,,,,,,FO,,N,,Asteraceae,,,,,N,,,
129058,LIGUSCO,,Ligusticum scoticum,Scotch Lovage,,0,G5,,N5,,S4,,,,,,,,,,,,,,FO,,N,,Apiaceae,0,0,,,N,,,
129060,LIGUSCS,,Ligusticum scoticum ssp. scoticum,Scotch Lovage,,0,G5T5,,N5,,S4,,,,,,,,,,,,,,FO,,N,,Apiaceae,0,0,,,N,,,
1256927,LIGUOBT,,Ligustrum obtusifolium,Border Privet,,3,GNR,,NNA,,SE1,IR,,,IR,,,,,,,,,,SH,,I,,Oleaceae,0,3,,,N,,,
141020,LIGUOVA,,Ligustrum ovalifolium,Oval-leaved Privet,,5,GNR,,NNA,,SE1,,,,,,,,,,,,,,SH,,I,,Oleaceae,0,5,,,N,,,
32134,LILIBUL,,Lilium bulbiferum,Orange Lily,,,GNR,,NNA,,SE1,,,,,,,,,,,,,,FO,,I,,Liliaceae,0,,,,N,,,
32128,LILICAN,,Lilium canadense,Canada Lily,7,0,G5,,N4N5,,S1?,H,,,,,,,,,,H,,,FO,,N,,Liliaceae,7,0,,,Y,,,
32052,LILILAN,,Lilium lancifolium,Lance-leaved Tiger Lily,,5,GNR,,NNA,,SE1,IR,,IR,IR,IR,IR,IR,,IR,,IR,IR,IR,FO,,I,,Liliaceae,0,5,,,N,,,
1268579,LILIMAR,,Lilium martagon,Martagon Lily,,5,GNR,,NNA,,SEH,,,,,,,,,,,,,,FO,,I,,Liliaceae,,5,,,N,,,
32054,LILIMIC,,Lilium michiganense,Michigan Lily,7,-3,G5,,N4,,S4,C,cz,C,X,X,U,U,X,C,U,C,C,C,FO,Sum,N,,Liliaceae,7,-3,,,N,,,Y
32056,LILIPHI,,Lilium philadelphicum,Wood Lily,8,0,G5,,N5,,S5,R,,R,R,R,R,R,,R,R,R,R,R,FO,Sum,N,,Liliaceae,8,0,,,N,,,Y
1010187,LIMOPLA,,Limonium platyphyllum,Florist's Sea Lavender,,5,GNR,,NNA,,SE1,IR,,,,,,,,,,IR,,,FO,,I,,Plumbaginaceae,0,5,,,N,,,
136004,LIMOVUL,,Limonium vulgare,Mediterranean Sea Lavender,,,GNR,,NNA,,SEH,,,,,,,,,,,,,,FO,,I,,Plumbaginaceae,0,,,,N,,,
153076,LIMOAQU,,Limosella aquatica,Water Mudwort,10,-5,G5,,N5,,S2?,,,,,,,,,,,,,,FO,,N,,Scrophulariaceae,10,-5,,,Y,,,
1010393,LINADAL,,Linaria dalmatica,Dalmatian Toadflax,,5,G5,,NNA,,SE3,,,,,,,,,,,,,,FO,Sum,I,,Scrophulariaceae,0,5,,,N,,,
1010396,LINADAD,,Linaria dalmatica ssp. dalmatica,Dalmatian Toadflax,,5,G5T5?,,NNA,,SE3,IR,,IR,,IX,IR,,,,,IR,IR,,FO,,I,,Scrophulariaceae,0,5,,,N,,,
1010399,LINADAM,,Linaria dalmatica ssp. macedonica,Macedonian Toadflax,,5,G5TNR,,NNA,,SE1,,,,,,,,,,,,,,FO,,I,,Scrophulariaceae,0,5,,,N,,,
153084,LINAVUL,,Linaria vulgaris,Butter-and-eggs,,5,GNR,,NNA,,SE5,IC,,IC,IX,IX,IC,IC,IX,IC,IX,IC,IC,IC,FO,Sum,I,,Scrophulariaceae,0,5,,,N,,,
70000,LINDBEN,,Lindera benzoin,Northern Spicebush,6,-3,G5,,N4,,S4,C,cz,C,X,C,X,C,X,C,C,C,C,R,SH,Spr,N,,Lauraceae,6,-3,,,N,,,
153086,LINDDUB,,Lindernia dubia,Yellow-seed False Pimpernel,7,-5,G5,,N4N5,,S4,U,,C,R,R,R,R,X,U,R,R,C,R,FO,Sum,N,,Scrophulariaceae,7,-5,,,P,,,
1264481,LINDDUA,,Lindernia dubia var. anagallidea,Slender False Pimpernel,8,-5,G5T4,,NNR,,S1,U,,C,R,R,R,R,X,U,R,R,C,R,FO,,N,,Scrophulariaceae,8,-5,,,Y,,,
1264482,LINDDUD,,Lindernia dubia var. dubia,Yellow-seeded False Pimpernel,7,-5,G5T5,,N5,,S4,,,,,,,,,,,,,,FO,Sum,N,,Scrophulariaceae,7,-5,,,N,,,
162004,LINNBOR,,Linnaea borealis,Twinflower,7,0,G5,,N5,,S5,R,,,,R,R,R,X,R,,R,R,R,FO,Sum,N,,Caprifoliaceae,7,0,,,N,,,
1010403,LINNBOL,,Linnaea borealis ssp. longiflora,Long-tube Twinflower,7,0,G5T5,,N5,,S5,R,,,,R,R,R,X,R,,R,R,R,SH,,N,,Caprifoliaceae,7,0,,,N,,,
84000,LINUAUS,,Linum austriacum,Austrian Flax,,,GNR,,NNA,,SE1,,,,,,,,,,,,,,FO,,I,,Linaceae,0,,,,N,,,
84002,LINUCAT,,Linum catharticum,Fairy Flax,,3,G5,,NNA,,SE2,,,,,,,,,,,,,,FO,,I,,Linaceae,0,3,,,N,,,
84004,LINULEW,,Linum lewisii,Lewis' Wild Blue Flax,,3,G5,,N5,,S2S3,,,,,,,,,,,,,,FO,,N,,Linaceae,,3,,,P,,,
84006,LINULEL,,Linum lewisii var. lepagei,Lepage's Flax,,3,G5T3,,N3,,S2S3,,,,,,,,,,,,,,FO,,N,,Linaceae,,3,,,Y,,,
84008,LINUMED,,Linum medium,Stiff Yellow Flax,10,3,G5,,N3,,S3,,,,,,,,,,,,,,FO,,N,,Linaceae,10,3,,,Y,,,
84010,LINUMEM,,Linum medium var. medium,Stiff Yellow Flax,10,3,G5T3?,,N3?,,S3?,H,,,H,,,,,,,H,,H,FO,,N,,Linaceae,10,3,,,Y,,,
84012,LINUMET,,Linum medium var. texanum,Texas Flax,10,3,G5T5,,N1,,S1,R,CZ,?,,H,R,R,,R,,,,,FO,,N,,Linaceae,10,3,,,Y,,,
84014,LINUPER,,Linum perenne,Perennial Flax,,5,GNR,,NNA,,SE3,IR,,IR,,,IH,,,IR,IX,IR,IR,IR,FO,,I,,Linaceae,0,5,,,N,,,
84016,LINUSTR,,Linum striatum,Ridged Yellow Flax,10,-3,G5,,N1,,S1,,,,,,,,,,,,,,FO,,N,,Linaceae,10,-3,,,Y,LV,Mod,
84018,LINUSUL,,Linum sulcatum,Grooved Yellow Flax,9,5,G5,,N3,,S2S3,R,,R,,,,R,,R,,,R,,FO,Aut,N,,Linaceae,9,5,,,Y,,,Y
84022,LINUUSI,,Linum usitatissimum,Common Flax,,5,GNR,,NNA,,SE3,IR,,IR,,IX,,IR,,IR,,IR,IR,IR,FO,,I,,Linaceae,0,5,,,N,,,
84024,LINUVIR,,Linum virginianum,Woodland Flax,10,0,G4G5,,N2,,S2,R,cz,R,R,R,,,,R,R,R,,R,FO,,N,,Linaceae,10,0,,,Y,,,Y
55048,LIPAPOL,,Lipandra polysperma,Many-seed Goosefoot,,5,GNR,,NNA,,SE1,,,,,,,,,,,,,,FO,,I,,Chenopodiaceae,0,5,,,N,,,
1004872,LIPAPOA,,Lipandra polysperma var. acutifolia,Acute-leaved Goosefoot,,,GNRTNR,,NNA,,SE1,IR,,,,IR,,,,,,,,,FO,,I,,Chenopodiaceae,0,,,,N,,,
1008104,LIPAPOP,,Lipandra polysperma var. polysperma,Many-seed Goosefoot,,5,GNRTNR,,NNA,,SE1,IR,,,,IH,,,,,,,IR,IR,FO,,I,,Chenopodiaceae,0,5,,,N,,,
39058,LIPALIL,,Liparis liliifolia,Purple Twayblade,8,3,G5,THR,N2N3,THR,S2S3,R,cz,R,R,,R,R,,,,H,,,FO,Spr,N,,Orchidaceae,8,3,,,Y,LV,VH,Y
39060,LIPALOE,,Liparis loeselii,Loesel's Twayblade,5,-3,G5,,N4N5,,S4S5,U,,R,R,R,X,U,X,C,X,R,C,R,FO,Sum,N,,Orchidaceae,5,-3,,,N,,,
1257044,LIQUSTY,,Liquidambar styraciflua,Sweetgum,,5,G5,,NNA,,SE1,IR,,IR,,,,,,,,,,,TR,,I,,Hamamelidaceae,0,5,,,N,,,
67000,LIRITUL,,Liriodendron tulipifera,Tulip Tree,8,3,G5,,N4,,S4,C,cz,U,X,X,U,C,,C,?,C,R,,TR,,N,,Magnoliaceae,8,3,,,N,,,
149026,LITHCAN,,Lithospermum canescens,Hoary Puccoon,10,5,G5,,N5?,,S3,R,cz,R,,R,R,,,R,R,,,,FO,Spr,N,,Boraginaceae,10,5,,,Y,,,Y
149028,LITHCAR,,Lithospermum caroliniense,Golden Puccoon,8,5,G4G5,,N3,,S3,R,,R,R,R,R,,,U,,H,H,,FO,Spr,N,,Boraginaceae,8,5,,,Y,,,Y
149030,LITHINC,,Lithospermum incisum,Narrow-leaved Puccoon,10,5,G5,,N5,,S1,R,CZ,R,,R,,,X,,,,R,R,FO,Spr,N,,Boraginaceae,10,5,,,Y,,,Y
149032,LITHLAT,,Lithospermum latifolium,Broad-leaved Puccoon,9,5,G4,,N2N3,,S2S3,R,cz,H,H,R,R,R,R,H,R,R,,H,FO,,N,,Boraginaceae,9,5,,,Y,,,
1257453,LITHOCC,,Lithospermum occidentale,Western False Gromwell,8,5,G4?,,N3N4,,S1,,,,,,,,,,,,,,FO,,N,,Boraginaceae,8,5,,,Y,,,
149034,LITHOFF,,Lithospermum officinale,European Gromwell,,5,GNR,,NNA,,SE5,IU,,IR,IX,IX,IX,IX,,IU,IX,IR,IR,IU,FO,,I,,Boraginaceae,0,5,,,N,,,
149062,LITHPAR,,Lithospermum parviflorum,Soft-hairy False Gromwell,8,3,G4,,N2,,S2,R,cz,,,H,R,R,X,R,R,R,H,,FO,,N,,Boraginaceae,8,3,,,Y,,,
160000,LITTAME,,Littorella americana,American Shoreweed,10,-5,G5,,N4N5,,S3,,,,,,,,,,,,,,FO,,N,,Plantaginaceae,10,-5,,,Y,,,
167018,LOBECAR,,Lobelia cardinalis,Cardinal Flower,7,-5,G5,,N5,,S5,U,,U,X,R,X,R,X,U,R,R,C,H,FO,Sum,N,,Campanulaceae,7,-5,,,N,,,
167020,LOBEDOR,,Lobelia dortmanna,Water Lobelia,10,-5,G5,,N5,,S5,,,,,,,,,,,,,,FO,,N,,Campanulaceae,10,-5,,,N,,,
167022,LOBEINF,,Lobelia inflata,Indian-tobacco,3,3,G5,,N5,,S5,C,,U,X,R,X,U,,C,C,C,C,U,FO,Sum-Aut,N,,Campanulaceae,3,3,,,N,,,
167024,LOBEKAL,,Lobelia kalmii,Kalm's Lobelia,9,-5,G5,,N5,,S5,R,,,R,X,R,R,X,U,R,R,R,R,FO,,N,,Campanulaceae,9,-5,,,N,,,
167026,LOBESIP,,Lobelia siphilitica,Great Blue Lobelia,6,-3,G5,,N5,,S5,C,,C,X,X,X,X,,C,C,X,C,R,FO,Sum,N,,Campanulaceae,6,-3,,,N,,,
167028,LOBESPI,,Lobelia spicata,Pale-spike Lobelia,8,0,G5,,N4N5,,S4,R,,R,R,X,R,R,,U,R,H,U,,FO,,N,,Campanulaceae,8,0,,,N,,,Y
167032,LOBEX S,,Lobelia x speciosa,(Lobelia cardinalis X Lobelia siphilitica),,,GNA,,NNA,,SNA,hyb,,,,,,,,hyb,,,,,FO,,N,,Campanulaceae,,,,,N,,,
73212,LOBUMAR,,Lobularia maritima,Sweet Alyssum,,5,GNR,,NNA,,SE2,IR,,IR,,IR,,IR,IX,,,IR,IR,IR,FO,,I,,Brassicaceae,0,5,,,N,,,
168442,LOGFARV,,Logfia arvensis,Field Cottonrose,,5,GNR,,NNA,,SE1,,,,,,,,,,,,,,FO,,I,,Asteraceae,0,5,,,N,,,
22318,LOLIARU,,Lolium arundinaceum,Tall Ryegrass,,3,GNR,,NNA,,SE5,IC,,IC,IX,IX,IC,IC,,IU,IX,IC,IX,IX,GR,,I,,Poaceae,0,3,,,N,,,
22750,LOLIGIG,,Lolium giganteum,Giant Ryegrass,,3,GNR,,NNA,,SE1,,,,,,,,,,,,,,GR,,I,,Poaceae,0,3,,,N,,,
1009729,LOLIMUL,,Lolium multiflorum,Annual Ryegrass,,,GNR,,NNA,,SE1?,IR,,IX,,,,,,IR,,,IR,IX,GR,,I,,Poaceae,0,,,,N,,,
22400,LOLIPER,,Lolium perenne,Perennial Ryegrass,,3,GNR,,NNA,,SE4,IU,,IU,,IX,IX,IU,IX,IU,IX,IU,IC,IC,GR,,I,,Poaceae,0,3,,,N,,,
22768,LOLIPES,,Lolium persicum,Persian Ryegrass,,,GNR,,NNA,,SE1,,,,,,,,,,,,,,GR,,I,,Poaceae,0,,,,N,,,
22330,LOLIPRA,,Lolium pratense,Meadow Ryegrass,,3,G5,,NNA,,SE5,IC,,IR,IX,IX,IX,IU,,IC,IX,IC,IX,IX,GR,,I,,Poaceae,0,3,,,N,,,
1004591,LOLIREM,,Lolium remotum,Flax Darnel,,5,GNR,,NNA,,SEH,,,,,,,,,,,,,,GR,,I,,Poaceae,0,5,,,N,,,
22770,LOLITEM,,Lolium temulentum,Bearded Ryegrass,,5,GNR,,NNA,,SEH,IH,,,,IH,,,IH,,,IH,,,GR,,I,,Poaceae,0,5,,,N,,,
143054,LOMAROT,,Lomatogonium rotatum,Marsh Felwort,,-5,G5,,N4N5,,S4S5,,,,,,,,,,,,,,FO,,N,,Gentianaceae,0,-5,,,N,,,
1010650,LOMAROR,,Lomatogonium rotatum var. rotatum,Marsh Felwort,,-5,G5TNR,,NNR,,S4S5,,,,,,,,,,,,,,FO,,N,,Gentianaceae,0,-5,,,N,,,
162008,LONICAN,,Lonicera canadensis,Canada Fly Honeysuckle,6,3,G5,,N5,,S5,C,,R,,R,X,X,X,C,C,C,C,R,SH,Spr,N,,Caprifoliaceae,6,3,,,N,,,
162012,LONIDIO,,Lonicera dioica,Limber Honeysuckle,5,3,G5,,N5,,S5,C,,C,X,X,X,X,,C,C,C,C,U,VW,,N,,Caprifoliaceae,5,3,,,N,,,
1010774,LONIDID,,Lonicera dioica var. dioica,Limber Honeysuckle,5,3,G5T5,,NNR,,SU,C,,C,X,X,X,X,,C,C,C,C,U,VW,,N,,Caprifoliaceae,5,3,,,N,,,
1010777,LONIDIG,,Lonicera dioica var. glaucescens,Glaucous-leaved Honeysuckle,5,3,G5T5,,N5,,SU,C,,C,X,X,X,X,,C,C,C,C,U,VW,,N,,Caprifoliaceae,5,3,,,N,,,
1256752,LONIETR,,Lonicera etrusca,Etruscan Honeysuckle,,5,GNR,,NNA,,SE1,,,,,,,,,,,,,,VW,,I,,Caprifoliaceae,0,5,,,N,,,
162014,LONIHIR,,Lonicera hirsuta,Hairy Honeysuckle,7,0,G5,,N5,,S5,R,,,,R,R,R,,,,R,U,R,VW,,N,,Caprifoliaceae,7,0,,,N,,,
162016,LONIINV,,Lonicera involucrata,Bracted Honeysuckle,,3,G5,,N5,,S5,,,,,,,,,,,,,,VW,,N,,Caprifoliaceae,0,3,,,N,,,
1010656,LONIINI,,Lonicera involucrata var. involucrata,Bracted Honeysuckle,,3,G5T4T5,,N5,,S5,,,,,,,,,,,,,,SH,,N,,Caprifoliaceae,0,3,,,N,,,
162024,LONIOBL,,Lonicera oblongifolia,Swamp Fly-honeysuckle,8,-5,G5,,N5,,S5,R,,,,R,R,,X,R,,,U,H,SH,,N,,Caprifoliaceae,8,-5,,,N,,,
162026,LONIPER,,Lonicera periclymenum,European Honeysuckle,,,GNR,,NNA,,SEH,IH,,,,,,,,,,,IH,,VW,,I,,Caprifoliaceae,0,,,,N,,,
1256753,LONIRUP,,Lonicera ruprechtiana,Manchurian Honeysuckle,,,GNR,,NNA,,SE1,IR,,,,,,,,,,IR,,,VW,,I,,Caprifoliaceae,0,,,,N,,,
162028,LONISEM,,Lonicera sempervirens,Trumpet Honeysuckle,,3,G5,,NNA,,SE1,IH,,,,,,,,,,IH,,,VW,,I,,Caprifoliaceae,0,3,,,N,,,
1010653,LONISES,,Lonicera sempervirens var. sempervirens,Trumpet Honeysuckle,,3,G5T5,,NNA,,SE1,IH,,,,,,,,,,IH,,,VW,,I,,Caprifoliaceae,0,3,,,N,,,
162032,LONIVIL,,Lonicera villosa,Mountain Fly-honeysuckle,10,-3,G5,,N5,,S5,,,,,,,,,,,,,,SH,,N,,Caprifoliaceae,10,-3,,,N,,,
83158,LOTUTEN,,Lotus tenuis,Narrow-leaved Bird's-foot Trefoil,,3,GNR,,NNA,,SE1,,,,,,,,,,,,,,FO,,I,,Fabaceae,0,3,,,N,,,
1010406,LOTUULI,,Lotus uliginosus,Large Bird's-foot Trefoil,,,GNR,,NNA,,SEH,IH,,,,,,,,,,,IH,,FO,,I,,Fabaceae,0,,,,N,,,
125044,LUDWALT,,Ludwigia alternifolia,Bushy Seedbox,10,-5,G5,,N1,,S1,R,CZ,R,?,H,,R,,,,,,,FO,Sum,N,,Onagraceae,10,-5,,,Y,,,Y
125046,LUDWPAL,,Ludwigia palustris,Marsh Seedbox,5,-5,G5,,N5,,S5,C,,U,R,X,X,X,X,C,R,C,C,R,FO,,N,,Onagraceae,5,-5,,,N,,,
125048,LUDWPOL,,Ludwigia polycarpa,Many-fruit Seedbox,8,-5,G4,,N2,,S2,R,CZ,U,R,R,,R,,R,,R,,,FO,Sum,N,,Onagraceae,8,-5,,,Y,,,Y
73214,LUNAANN,,Lunaria annua,Annual Honesty,,5,GNR,,NNA,,SE2,IR,,IR,,IX,,IR,,IR,,IR,IR,IR,FO,,I,,Brassicaceae,0,5,,,N,,,
83160,LUPIPER,,Lupinus perennis,Sundial Lupine,10,5,G5,,N2N3,,S2S3,R,cz,R,,R,R,?,,U,R,H,,R,FO,Spr,N,,Fabaceae,10,5,,,Y,LV,Low,Y
83164,LUPIPOL,,Lupinus polyphyllus,Large-leaved Lupine,,3,G5,,N5,,SE4,IR,,,,,,,,,,,,IR,FO,,I,,Fabaceae,0,3,override,Suppl. CW value matches more closely with values from US Wetland Plant List and Michigan Flora,N,,,
1268571,LUPIPOP,,Lupinus polyphyllus var. polyphyllus,Large-leaved Lupine,,5,G5T4T5,,NNR,,SE4,IR,,,,,,,,,,,,IR,FO,,I,,Fabaceae,,5,,,N,,,
31074,LUZUACU,,Luzula acuminata,Hairy Woodrush,6,3,G5,,N5,,S5,C,,R,R,X,X,U,X,C,C,U,C,R,RU,,N,,Juncaceae,6,3,,,N,,,
1005036,LUZUACA,,Luzula acuminata ssp. acuminata,Hairy Woodrush,6,3,G5T5,,N5,,S5,C,,R,R,X,X,U,X,C,C,U,C,R,RU,,N,,Juncaceae,6,3,,,N,,,
31076,LUZUCAM,,Luzula campestris,Field Woodrush,,3,G5,,NNA,,SE1,IR,,,,,,,,,IH,IR,,,RU,,I,,Juncaceae,0,3,,,N,,,
1009556,LUZUCAC,,Luzula campestris ssp. campestris,Field Woodrush,,3,G5T5,,NNA,,SE1,IR,,,,,,,,,IH,IR,,,RU,,I,,Juncaceae,0,3,,,N,,,
31082,LUZUCON,,Luzula confusa,Northern Woodrush,,0,G5,,N5,,S1,,,,,,,,,,,,,,RU,,N,,Juncaceae,,0,,,Y,,,
31122,LUZUECH,,Luzula echinata,Hedgehog Woodrush,10,3,G5,,N1,,S1,R,CZ,R,R,,,,,,,,,,RU,,N,,Juncaceae,10,3,,,Y,,,
1011060,LUZUGRO,,Luzula groenlandica,Greenland Woodrush,,-3,G4G5,,N4N5,,SU,,,,,,,,,,,,,,RU,,N,,Juncaceae,,-3,,,N,,,
31084,LUZULUZ,,Luzula luzuloides,Forest Woodrush,,5,G5,,NNA,,SE1,IR,,,,,IR,,,,,,,,RU,,I,,Juncaceae,0,5,,,N,,,
1005039,LUZULUL,,Luzula luzuloides ssp. luzuloides,Forest Woodrush,,5,G5TNR,,NNA,,SE1,IR,,,,,IR,,,,,,,,RU,,I,,Juncaceae,0,5,,,N,,,
31086,LUZUMUL,,Luzula multiflora,Many-flowered Woodrush,6,3,G5,,N5,,S5,,,,,,,,,,,,,,RU,,N,,Juncaceae,6,3,,,N,,,
31088,LUZUMUF,,Luzula multiflora ssp. frigida,Northern Many-flowered Woodrush,6,3,G5T5,,N5,,S4S5,,,,,,,,,,,,,,RU,,N,,Juncaceae,6,3,,,N,,,
31090,LUZUMUM,,Luzula multiflora ssp. multiflora,Many-flowered Woodrush,6,3,G5T5,,N5,,S5,C,,U,R,X,X,C,X,U,C,U,C,R,RU,,N,,Juncaceae,6,3,,,N,,,
31080,LUZUPAL,,Luzula pallescens,Pale European Woodrush,,0,G5,,NNA,,SE2,,,,,,,,,,,,,,RU,,I,,Juncaceae,0,0,,,N,,,
31092,LUZUPAR,,Luzula parviflora,Small-flowered Woodrush,,0,G5,,N5,,S5,,,,,,,,,,,,,,RU,,N,,Juncaceae,0,0,,,N,,,
31094,LUZUPAM,,Luzula parviflora ssp. melanocarpa,Black-fruited Woodrush,,0,G5T5,,N5,,S5,,,,,,,,,,,,,,RU,,N,,Juncaceae,0,0,,,N,,,
152008,LYCIBAR,,Lycium barbarum,Common Matrimony Vine,,5,GNR,,NNA,,SE2,IR,,IR,,IX,IH,IH,,IR,,IR,IR,IR,SH,,I,,Solanaceae,0,5,,,N,,,
152010,LYCICHI,,Lycium chinense,Chinese Matrimony Vine,,5,GNR,,NNA,,SEH,IH,,,,,,IH,,,,,,,SH,,I,,Solanaceae,0,5,,,N,,,
2014,LYCOINU,,Lycopodiella inundata,Northern Bog Clubmoss,7,-5,G5,,N5,,S5,R,,,,R,R,R,,,,,,,FE,,N,,Lycopodiaceae,7,-5,,,N,,,
2002,LYCOCLA,,Lycopodium clavatum,Running Clubmoss,6,0,G5,,NNR,,S5,R,,,,R,R,R,X,U,R,R,R,R,FE,,N,,Lycopodiaceae,6,0,,,N,,,
2004,LYCOLAG,,Lycopodium lagopus,One-cone Clubmoss,5,3,G5,,N5,,S4,R,,,,R,R,R,X,U,R,R,R,R,FE,,N,,Lycopodiaceae,5,3,,,N,,,
149000,ANCHARV,,Lycopsis arvensis,Small Bugloss,,,GNR,,NNA,,SE3,IR,,,,IR,IR,,,,IX,IH,IR,IR,FO,,I,,Boraginaceae,0,,,,N,,,
151060,LYCOAME,,Lycopus americanus,American Water-horehound,4,-5,G5,,N5,,S5,C,,C,X,X,C,C,X,C,C,C,C,C,FO,Sum,N,,Lamiaceae,4,-5,,,N,,,
151062,LYCOASP,,Lycopus asper,Rough Water-horehound,,-5,G5,,N4N5,,S4,R,,U,X,R,,,,R,,,R,R,FO,,N,,Lamiaceae,0,-5,,,N,,,
151066,LYCORUB,,Lycopus rubellus,Stalked Water-horehound,9,-5,G5,,N3,,S3,R,CZ,R,R,R,,R,,U,,R,,,FO,,N,,Lamiaceae,9,-5,,,Y,,,
151068,LYCOUNI,,Lycopus uniflorus,Northern Water-horehound,5,-5,G5,,N5,,S5,C,,C,X,X,C,C,X,C,C,C,C,C,FO,Aut,N,,Lamiaceae,5,-5,,,N,,,
151070,LYCOVIR,,Lycopus virginicus,Virginia Water-horehound,8,-5,G5,,N3,,S3,R,cz,R,R,R,R,R,,R,?,R,R,,FO,,N,,Lamiaceae,8,-5,,,Y,,,Y
151072,LYCOX S,,Lycopus x sherardii,(Lycopus uniflorus X Lycopus virginicus),,-5,GNA,,NNA,,SNA,hyb,,hyb,,hyb,,,,,,,,,FO,,N,,Lamiaceae,,-5,,,N,,,
135000,LYSIARV,,Lysimachia arvensis,Scarlet Pimpernel,,3,GNR,,NNA,,SE4,IX,,IR,,IX,IR,,,IR,,IR,IX,IX,FO,,I,,Primulaceae,0,3,,,N,,,
135052,LYSIBOR,,Lysimachia borealis,Northern Starflower,6,0,G5,,N5,,S5,C,,R,,X,X,X,X,C,C,C,C,C,FO,Sum,N,,Primulaceae,6,0,,,N,,,Y
135012,LYSICIL,,Lysimachia ciliata,Fringed Yellow Loosestrife,4,-3,G5,,N5,,S5,C,,C,X,X,X,C,X,C,C,C,C,C,FO,Sum,N,,Primulaceae,4,-3,,,N,,,Y
135014,LYSIHYB,,Lysimachia hybrida,Lowland Yellow Loosestrife,10,-5,G5,,N5?,,SH,,,,,,,,,,,,,,FO,,N,,Primulaceae,10,-5,,,Y,,,
135016,LYSILAN,,Lysimachia lanceolata,Lance-leaved Yellow Loosestrife,9,0,G5,,NH,,SH,,,,,,,,,,,,,,FO,,N,,Primulaceae,9,0,,,Y,,,
135006,LYSIMAR,,Lysimachia maritima,Sea Milkwort,9,-5,G5,,N5,,S4,,,,,,,,,,,,,,FO,,N,,Primulaceae,9,-5,,,N,,,
135020,LYSIPUN,,Lysimachia punctata,Spotted Yellow Loosestrife,,5,GNR,,NNA,,SE3,IR,,IR,,,IR,IR,,IR,,IH,,IX,FO,,I,,Primulaceae,0,5,,,N,,,
135022,LYSIQUA,,Lysimachia quadriflora,Four-flowered Yellow Loosestrife,10,-5,G5?,,N4,,S4,R,,R,,R,,,,R,R,R,,,FO,Sum,N,,Primulaceae,10,-5,,,N,,,Y
135024,LYSIQUD,,Lysimachia quadrifolia,Whorled Yellow Loosestrife,8,3,G5,,N4,,S4,R,,R,R,,R,R,X,U,U,R,R,R,FO,Sum,N,,Primulaceae,8,3,,,N,,,Y
135026,LYSITER,,Lysimachia terrestris,Swamp Yellow Loosestrife,6,-5,G5,,N5,,S5,R,,R,R,R,R,R,X,U,R,R,U,R,FO,Sum,N,,Primulaceae,6,-5,,,N,,,
135028,LYSITHY,,Lysimachia thyrsiflora,Tufted Yellow Loosestrife,7,-5,G5,,N5,,S5,U,,R,R,R,X,X,X,U,U,U,C,R,FO,,N,,Primulaceae,7,-5,,,N,,,
135032,LYSIX C,,Lysimachia x commixta,(Lysimachia terrestris X Lysimachia thyrsiflora),,-5,GNA,,NNA,,SNA,,,,,,,,,,,,,,FO,,N,,Primulaceae,0,-5,,,N,,,
135034,LYSIX P,,Lysimachia x producta,(Lysimachia quadrifolia X Lysimachia terrestris),,0,GNA,,NNA,,SNA,hyb,,,,,,,,,,,,hyb,FO,,N,,Primulaceae,0,0,,,N,,,
121006,LYTHALA,,Lythrum alatum,Winged Loosestrife,5,-5,G5,,N3,,S3,R,cz,C,R,X,R,R,,R,,,R,,FO,Sum,N,,Lythraceae,5,-5,,,Y,,,Y
121008,LYTHALL,,Lythrum alatum var. alatum,Winged Loosestrife,5,-5,G5T5,,N3,,S3,R,cz,C,R,X,R,R,,R,,,R,,FO,Sum,N,,Lythraceae,5,-5,,,Y,,,Y
121001,LYTHHYS,,Lythrum hyssopifolia,Hyssopleaf Loosestrife,,-5,G5,,NNA,,SE1,IR,,IR,,,,,,,,IR,,,FO,,I,,Lythraceae,0,-5,,,N,,,
71020,MACLCOR,,Macleaya cordata,Plume-poppy,,5,GNR,,NNA,,SE1,IR,,,,,,,,IH,,,IR,,FO,,I,,Papaveraceae,0,5,,,N,,,
48000,MACLPOM,,Maclura pomifera,Osage-orange,,3,G5,,NNA,,SE2,IR,,IR,,,,IR,,IU,IX,IR,IR,IR,SH,,I,,Moraceae,0,3,,,N,,,
168606,MADIGLO,,Madia glomerata,Clustered Tarweed,,3,G5,,N5,,SE1,,,,,,,,,,,,,,FO,,I,,Asteraceae,0,3,,,N,,,
168608,MADISAT,,Madia sativa,Chile Tarweed,,,G5,,NNA,,SEH,,,,,,,,,,,,,,FO,,I,,Asteraceae,0,,,,N,,,
67002,MAGNACU,,Magnolia acuminata,Cucumber Tree,10,3,G5,END,N2,END,S2,R,CZ,,,?,,,,R,,R,,,TR,,N,,Magnoliaceae,10,3,,,Y,MV,VH,
1268578,MAGNKOB,,Magnolia kobus,Kobus Magnolia,,,GNR,,NNA,,SE1,,,,,,,,,,,,,,TR,,I,,Magnoliaceae,,,,,N,,,
65012,MAHOREP,,Mahonia repens,Creeping Barberry,,3,G5,,N4N5,,SE1,IR,,,,,,,,,,,,IR,SH,,I,,Berberidaceae,0,3,,,N,,,
32058,MAIACAN,,Maianthemum canadense,Wild Lily-of-the-valley,5,3,G5,,N5,,S5,C,,C,X,X,X,C,X,C,C,C,C,C,FO,Spr,N,,Liliaceae,5,3,,,N,,,
1009667,MAIACAC,,Maianthemum canadense ssp. canadense,Wild Lily-of-the-valley,5,3,G5T5,,N5,,S5,,,,,,,,,,,,,,FO,Spr,N,,Liliaceae,5,3,,,N,,,
1009396,MAIACAI,,Maianthemum canadense ssp. interius,Wild Lily-of-the-Valley,5,3,G5T4,,N4N5,,S4?,,,,,,,,,,,,,,FO,,N,,Liliaceae,5,3,,,N,,,
32062,MAIARAC,,Maianthemum racemosum,Large False Solomon's Seal,4,3,G5,,N5,,S5,C,,C,X,X,X,C,X,C,C,C,C,C,FO,Spr-Sum,N,,Liliaceae,4,3,,,N,,,
32064,MAIASTE,,Maianthemum stellatum,Star-flowered False Solomon's Seal,6,0,G5,,N5,,S5,C,,C,X,X,X,C,X,C,C,U,C,C,FO,Spr,N,,Liliaceae,6,0,,,N,,,
32066,MAIATRI,,Maianthemum trifolium,Three-leaved False Solomon's Seal,10,-5,G5,,N5,,S5,U,,H,,R,R,R,X,U,U,R,U,,FO,,N,,Liliaceae,10,-5,,,N,,,
39172,MALAMON,,Malaxis monophyllos,White Adder's-mouth,7,-3,G5,,N4N5,,S4,R,,,,R,R,R,,R,,H,U,,FO,,N,,Orchidaceae,7,-3,,,N,,,
39074,MALAMOB,,Malaxis monophyllos var. brachypoda,North American White Adder's-mouth,7,-3,G5T4T5,,N4N5,,S4,R,,,,R,R,R,,R,,H,U,,FO,,N,,Orchidaceae,7,-3,,,N,,,
39078,MALAUNI,,Malaxis unifolia,Green Adder's-mouth,8,0,G5,,N5,,S4S5,R,,,,,R,,,,R,,,,FO,Sum,N,,Orchidaceae,8,0,,,N,,,
73218,MALCMAR,,Malcolmia maritima,Virginia Stock,,,GNR,,NNA,,SEH,IH,,,,,,,,,,IH,,,FO,,I,,Brassicaceae,0,,,,N,,,
82194,MALUBAC,,Malus baccata,Siberian Crabapple,,5,GNR,,NNA,,SE1,IR,,,,,,,,,,IR,IR,IR,SH,,I,,Rosaceae,0,5,,,N,,,
82196,MALUCOR,,Malus coronaria,Sweet Crabapple,5,5,G5,,NNR,,S4,C,cz,C,X,X,X,X,,C,R,U,C,R,SH,,N,,Rosaceae,5,5,,,N,,,
1256928,MALUPRU,,Malus prunifolia,Pear-leaved Crabapple,,5,GNR,,NNA,,SE1,IR,,,,,,IR,,,,,,IR,SH,,I,,Rosaceae,0,5,,,N,,,
82198,MALUPUM,,Malus pumila,Common Apple,,5,G5,,NNA,,SE4,IC,,IR,IX,IX,IX,IX,IX,IC,IX,IC,IX,IC,SH,,I,,Rosaceae,0,5,,,N,,,
1010981,MALUTOR,,Malus toringo,Toringa Crabapple,,5,GNR,,NNA,,SE1,IR,,,,,,,,,,IR,,,SH,,I,,Rosaceae,0,5,,,N,,,
109024,MALVALC,,Malva alcea,Vervain Mallow,,5,GNR,,NNA,,SE1,IR,,,,,,,,,IX,,,IR,FO,,I,,Malvaceae,0,5,,,N,,,
109026,MALVMOS,,Malva moschata,Musk Mallow,,5,GNR,,NNA,,SE5,IU,,,IR,IX,IX,IX,IX,IU,IX,IR,IX,IR,FO,,I,,Malvaceae,0,5,,,N,,,
109028,MALVNEG,,Malva neglecta,Common Mallow,,5,GNR,,NNA,,SE5,IC,,IR,IX,IX,IX,IC,IX,IC,IX,IU,IC,IR,FO,,I,,Malvaceae,0,5,,,N,,,
1010662,MALVPAR,,Malva parviflora,Small-flowered Mallow,,5,GNR,,NNA,,SEH,,,,,,,,,,,,,,FO,,I,,Malvaceae,0,5,,All other CW values within this Genus are identical,N,,,
109030,MALVPUS,,Malva pusilla,Small Mallow,,5,GNR,,NNA,,SE2,IR,,,,IH,IR,,IX,,,,,IR,FO,,I,,Malvaceae,0,5,,,N,,,
109032,MALVSYL,,Malva sylvestris,High Mallow,,5,GNR,,NNA,,SE1,IR,,,,IH,,,,,,IH,,IR,FO,,I,,Malvaceae,0,5,,,N,,,
109034,MALVVER,,Malva verticillata,Whorled Mallow,,5,GNR,,NNA,,SE1,IR,,,,,,,,,,IH,,IR,FO,,I,,Malvaceae,0,5,,,N,,,
151074,MARRVUL,,Marrubium vulgare,Common Horehound,,3,GNR,,NNA,,SE2,IR,,IR,,IH,IR,,,,IX,IH,,,FO,,I,,Lamiaceae,0,3,,,N,,,
168620,MATRCHA,,Matricaria chamomilla,Wild Chamomile,,5,GNR,,NNA,,SE3,IR,,IR,,,,,,,IX,,IR,IR,FO,,I,,Asteraceae,0,5,,,N,,,
168610,MATRDIS,,Matricaria discoidea,Pineappleweed,,3,G5,,N5,,SE5,IC,,IU,IX,IX,IX,IX,IX,IC,IX,IR,IX,IR,FO,,I,,Asteraceae,0,3,,,N,,,
9368,MATTSTR,,Matteuccia struthiopteris,Ostrich Fern,5,0,G5,,N5,,S5,C,,R,X,X,X,C,X,C,C,C,C,C,FE,,N,,Dryopteridaceae,5,0,,,N,,,
9307,MATTSTP,,Matteuccia struthiopteris var. pensylvanica,Ostrich Fern,5,0,G5T5,,N5,,S5,C,,R,X,X,X,C,X,C,C,C,C,C,FE,,N,,Dryopteridaceae,5,0,,,N,,,
73222,MATTLON,,Matthiola longipetala,Night-scented Stock,,,GNR,,NNA,,SEH,IH,,,,IH,,,,,,,,,FO,,I,,Brassicaceae,0,,,,N,,,
32068,MEDEVIR,,Medeola virginiana,Indian Cucumber-root,8,3,G5,,N5,,S5,C,,R,R,X,X,C,X,C,U,C,C,R,FO,Sum,N,,Liliaceae,8,3,,,N,,,
83166,MEDILAC,,Medicago laciniata,Cut-leaved Medick,,,GNR,,NNA,,SEH,,,,,,,,,,,,,,FO,,I,,Fabaceae,0,,,,N,,,
83168,MEDILUP,,Medicago lupulina,Black Medick,,3,GNR,,NNA,,SE5,IC,,IC,IX,IX,IC,IC,IX,IC,IX,IC,IC,IC,FO,Sum-Aut,I,,Fabaceae,0,3,,,N,,,
83170,MEDIPOL,,Medicago polymorpha,Toothed Medick,,3,GNR,,NNA,,SEH,IH,,,,,,IH,,,,,,IH,FO,,I,,Fabaceae,0,3,,,N,,,
83172,MEDISAT,,Medicago sativa,Alfalfa,,5,GNR,,NNA,,SE5,,,,,,,,,,,,,,FO,Sum,I,,Fabaceae,0,5,,,N,,,
83174,MEDIFAL,,Medicago sativa ssp. falcata,Yellow Alfalfa,,5,GNRTNR,,NNA,,SE,IR,,IU,,IX,IR,IR,,IR,,,,IR,FO,,I,,Fabaceae,0,5,,,N,,,
1009555,MEDISAS,,Medicago sativa ssp. sativa,Alfalfa,,5,GNRTNR,,NNA,,SE5,IC,,IR,IX,IX,IC,IC,IX,IC,IX,IC,IX,IC,FO,,I,,Fabaceae,0,5,,,N,,,
83278,MEDISAV,,Medicago sativa ssp. x varia,Variable Alfalfa,,5,G--TNA,,NNA,,SE,IR,,IR,,,IR,,,,,,IR,,FO,,I,,Fabaceae,0,5,,,N,,,
153092,MELALIN,,Melampyrum lineare,American Cow-wheat,6,3,G5,,N5,,S5,R,,,R,R,R,R,X,C,C,U,R,R,FO,Sum,N,,Scrophulariaceae,6,3,,,N,,,
22774,MELIALT,,Melica altissima,Narrow Melicgrass,,,GNR,,NNA,,SEH,IH,,,,,,,,IH,,,,,GR,,I,,Poaceae,0,,,,N,,,
22406,MELISMI,,Melica smithii,Smith's Oniongrass,9,5,G4,,N4N5,,S4,R,,,,H,,,,,R,,,,GR,,N,,Poaceae,9,5,,,N,,,
83180,MELIALI,,Melilotus altissimus,Tall Yellow Sweet-clover,,5,GNR,,NNA,,SE1,IH,,,,IH,,,,,,IH,,,FO,,I,,Fabaceae,0,5,,,N,,,
151182,MELIOFI,,Melissa officinalis,Lemon Balm,,5,GNR,,NNA,,SE1,IR,,,,,IR,,,,,IR,IR,IR,FO,,I,,Lamiaceae,0,5,,,N,,,
1010665,MELIOFO,,Melissa officinalis ssp. officinalis,Lemon Balm,,5,GNRTNR,,NNA,,SE1,IR,,,,,IR,,,,,IR,IR,IR,FO,,I,,Lamiaceae,0,5,,,N,,,
66000,MENICAN,,Menispermum canadense,Canada Moonseed,7,0,G5,,N4N5,,S4,C,,C,X,X,X,U,X,C,U,U,C,U,VW,Sum,N,,Menispermaceae,7,0,,,N,,,
1010668,MENTAQU,,Mentha aquatica,Water Mint,,-5,GNR,,NNA,,SE1,IR,,,,,,,,,,,,IR,FO,,I,,Lamiaceae,0,-5,,,N,,,
151188,MENTCAN,,Mentha canadensis,Canada Mint,3,-3,G5,,N5,,S5,C,,C,X,X,X,X,X,C,C,C,C,C,FO,Sum,N,,Lamiaceae,3,-3,,,N,,,
151076,MENTSPI,,Mentha spicata,Spearmint,,-3,GNR,,NNA,,SE4,IR,,IR,IX,IX,IX,IX,,,,IR,IX,IR,FO,,I,,Lamiaceae,0,-3,,,N,,,
151078,MENTSUA,,Mentha suaveolens,Apple Mint,,0,GNR,,NNA,,SE1,IR,,,,,IR,,,,,,,,FO,,I,,Lamiaceae,0,0,,,N,,,
1010671,MENTX D,,Mentha x dumetorum,(Mentha aquatica X Mentha spicata),,,GNA,,NNA,,SNA,,,,,,,,,,,,,,FO,,I,,Lamiaceae,0,,,,N,,,
151080,MENTX G,,Mentha x gracilis,(Mentha arvensis ssp. arvensis X Mentha spicata),,-5,GNA,,NNA,,SNA,hyb,,hyb,,,,,,,,hyb,hyb,hyb,FO,,I,,Lamiaceae,0,-5,,,N,,,
151194,MENTX M,,Mentha x muelleriana,(Mentha arvensis ssp. arvensis X Mentha suaveolens),,,GNA,,NNA,,SNA,,,,,,,,,,,,,,FO,,I,,Lamiaceae,0,,,,N,,,
151082,MENTX P,,Mentha x piperita,(Mentha aquatica X Mentha spicata),,-5,GNA,,NNA,,SNA,hyb,,hyb,,hyb,hyb,hyb,hyb,hyb,hyb,hyb,hyb,hyb,FO,,I,,Lamiaceae,0,-5,,,N,,,
151084,MENTX V,,Mentha x villosa,(Mentha spicata X Mentha suaveolens),,0,GNA,,NNA,,SNA,hyb,,hyb,,,,,,,,,,,FO,,I,,Lamiaceae,0,0,,,N,,,
1264195,MENTX A,,Mentha x villosa var. alopecuroides,Woolly Mint,,,GNATNA,,NNA,,SE1,,,,,,,,,,,,,,FO,,I,,Lamiaceae,0,,,,N,,,
143500,MENYTRI,,Menyanthes trifoliata,Bog Buckbean,9,-5,G5,,N5,,S5,R,,,,R,R,R,X,R,R,R,R,H,FO,Spr,N,,Menyanthaceae,9,-5,,,N,,,
92052,MERCANN,,Mercurialis annua,Annual Mercury,,,GNR,,NNA,,SE1,IR,,,IH,,,,,,,,IR,,FO,,I,,Euphorbiaceae,0,,,,N,,,
149036,MERTMAR,,Mertensia maritima,Oysterleaf,,-3,G5,,N5,,S4,,,,,,,,,,,,,,FO,Sum,N,,Boraginaceae,0,-3,,,N,,,
1010409,MERTMAM,,Mertensia maritima ssp. maritima,Oysterleaf,,-3,G5T5,,N5,,S4,,,,,,,,,,,,,,FO,,N,,Boraginaceae,0,-3,,,N,,,
149038,MERTPAN,,Mertensia paniculata,Tall Bluebells,,0,G5,,N5,,S5,,,,,,,,,,,,,,FO,Sum,N,,Boraginaceae,0,0,,,N,,,
1010412,MERTPAP,,Mertensia paniculata var. paniculata,Tall Bluebells,,0,G5T5,,N5,,S5,,,,,,,,,,,,,,FO,Sum,N,,Boraginaceae,0,0,,,N,,,
149040,MERTVIR,,Mertensia virginica,Virginia Bluebells,9,0,G5,,N3,,S3,R,cz,R,R,R,R,R,,R,,R,R,R,FO,,N,,Boraginaceae,9,0,,,Y,,,
79036,MICRPEN,,Micranthes pensylvanica,Eastern Swamp Saxifrage,9,-5,G5,,N1N2,,S1,H,,,,,,,,,,H,,,FO,,N,,Saxifragaceae,9,-5,,,Y,,,
79040,MICRVIR,,Micranthes virginiensis,Early Saxifrage,7,3,G5,,N5,,S5,U,,,R,,R,R,,R,C,U,C,R,FO,Spr,N,,Saxifragaceae,7,3,,,N,,,
1298249,MICRVIM,,Microstegium vimineum,Japanese Stiltgrass,,,GNR,,NNA,,SE1,,,,,,,,,,,,,,GR,,I,,Poaceae,,,,,N,,,
73264,MICRPER,,Microthlaspi perfoliatum,Perfoliate Pennycress,,5,GNR,,NNA,,SE1,IH,,,,,,,,,,,,IH,FO,,I,,Brassicaceae,0,5,,,N,,,
22408,MILIEFF,,Milium effusum,Wood Millet,8,3,G5,,N5,,S4S5,U,,R,X,R,X,U,X,C,R,R,R,R,GR,,N,,Poaceae,8,3,,,N,,,
1010674,MILIEFC,,Milium effusum var. cisatlanticum,Wood Millet,8,3,G5T5,,N5,,S4S5,U,,R,X,R,X,U,X,C,R,R,R,R,GR,,N,,Poaceae,8,3,,,N,,,
153094,MIMUALA,,Mimulus alatus,Sharp-winged Monkeyflower,9,-5,G5,,N2,,S2,R,CZ,R,R,,,R,,R,,R,,,FO,,N,,Scrophulariaceae,9,-5,,,Y,,,
153102,MIMURIN,,Mimulus ringens,Square-stemmed Monkeyflower,6,-5,G5,,N5,,S5,C,,C,X,R,X,X,X,C,C,C,C,X,FO,Sum,N,,Scrophulariaceae,6,-5,,,N,,,
1010202,MIMURIR,,Mimulus ringens var. ringens,Square-stemmed Monkeyflower,6,-5,G5T5,,N5,,S5,C,,C,X,R,X,X,X,C,C,C,C,X,FO,Sum,N,,Scrophulariaceae,6,-5,,,N,,,
57000,MIRAALB,,Mirabilis albida,Hairy Four-o'clock,,5,G5,,N4N5,,SE1,IR,,,,,,,,,,,IR,,FO,,I,,Nyctaginaceae,0,5,,,N,,,
57002,MIRANYC,,Mirabilis nyctaginea,Heart-leaved Four-o'clock,,5,G5,,N4,,S2,IU,,IC,IR,IX,IR,IU,IX,IU,IX,IR,IR,IX,FO,,N,,Nyctaginaceae,,5,,,Y,,,
153200,MISOORO,,Misopates orontium,Lesser Snapdragon,,5,GNR,,NNA,,SEH,IH,,,,,,,,,,IH,,,FO,,I,,Scrophulariaceae,0,5,,,N,,,
1010677,MISOORR,,Misopates orontium ssp. orontium,Lesser Snapdragon,,5,GNRTNR,,NNA,,SEH,IH,,,,,,,,,,IH,,,FO,,I,,Scrophulariaceae,0,5,,,N,,,
161052,MITCREP,,Mitchella repens,Partridgeberry,6,3,G5,,N5,,S5,C,,R,R,R,X,X,X,C,X,C,C,R,SH,Spr,N,,Rubiaceae,6,3,,,N,,,
79010,MITEDIP,,Mitella diphylla,Two-leaved Mitrewort,5,3,G5,,N5,,S5,C,,U,X,X,X,X,X,C,C,U,C,R,FO,Spr,N,,Saxifragaceae,5,3,,,N,,,
79012,MITENUD,,Mitella nuda,Naked Mitrewort,6,-3,G5,,N5,,S5,U,,,,R,X,R,X,U,U,R,U,R,FO,Spr,N,,Saxifragaceae,6,-3,,,N,,,
61078,MOEHLAT,,Moehringia lateriflora,Grove Sandwort,7,3,G5,,N5,,S5,U,,R,R,,,,,U,R,C,U,,FO,,N,,Caryophyllaceae,7,3,,,N,,,
61080,MOEHMAC,,Moehringia macrophylla,Large-leaved Sandwort,10,5,G5,,N5,,S2,,,,,,,,,,,,,,FO,,N,,Caryophyllaceae,10,5,,,Y,MV,Mod,
22414,MOLICAE,,Molinia caerulea,Purple Moorgrass,,3,GNR,,NNA,,SE1,,,,,,,,,,,,,,GR,,I,,Poaceae,0,3,,,N,,,
59500,MOLLVER,,Mollugo verticillata,Green Carpetweed,,0,G5,,NNA,,SE5,IU,,IU,IR,IX,IR,IR,,IU,,IR,,IX,FO,,I,,Molluginaceae,0,0,,,N,,,
151198,MOLULAE,,Moluccella laevis,Bells of Ireland,,,GNR,,NNA,,SEH,,,,,,,,,,,,,,FO,,I,,Lamiaceae,0,,,,N,,,
151086,MONADID,,Monarda didyma,Scarlet Beebalm,8,3,G5,,N3,,S3,R,cz,H,R,R,U,R,X,R,R,H,R,R,FO,Sum,N,,Lamiaceae,8,3,,,Y,,,
151088,MONAFIS,,Monarda fistulosa,Wild Bergamot,6,3,G5,,N5,,S5,,,,,,,,,,,,,,FO,Sum,N,,Lamiaceae,6,3,,,P,,,Y
1005042,MONAFIF,,Monarda fistulosa var. fistulosa,Wild Bergamot,6,3,G5T5,,N5,,SU,C,,C,X,X,C,C,X,C,C,C,C,U,FO,Sum,N,,Lamiaceae,6,3,,,N,,,Y
17415,MONAFIM,,Monarda fistulosa var. menthifolia,Mint-leaved Bergamot,6,3,G5T5,,NNR,,S2S3,,,,,,,,,,,,,,FO,,N,,Lamiaceae,6,3,,,Y,,,Y
1011069,MONAFIO,,Monarda fistulosa var. mollis,Soft Wild Bergamot,6,3,G5T5?,,NNR,,SU,,,,,,,,,,,,,,FO,,N,,Lamiaceae,6,3,,,N,,,Y
151092,MONAPUN,,Monarda punctata,Spotted Beebalm,4,5,G5,,N1N2,,S1,R,CZ,,,,R,,,R,,,,,FO,Sum-Aut,N,,Lamiaceae,4,5,,,Y,,,Y
1010418,MONAPUV,,Monarda punctata var. villicaulis,Spotted Beebalm,4,5,G5T5?,,N1N2,,S1,R,CZ,,,,R,,,R,,,,,FO,,N,,Lamiaceae,4,5,,,Y,,,Y
151090,MONAX M,,Monarda x media,(Monarda didyma X Monarda fistulosa var. fistulosa),,,G4?,,NNA,,SNA,hyb,,,,,,hyb,,hyb,,,,,FO,,N,,Lamiaceae,,,,,N,,,
133508,MONEUNI,,Moneses uniflora,One-flowered Wintergreen,10,0,G5,,N5,,S5,R,,,,,,,,H,R,,U,H,FO,Sum,N,,Pyrolaceae,10,0,,,N,,,
61070,MONOGRO,,Mononeuria groenlandica,Greenland Stitchwort,,3,G5,,N4N5,,S1,,,,,,,,,,,,,,FO,,N,,Caryophyllaceae,,3,,,Y,,,
132002,MONOUNI,,Monotropa uniflora,Indian-pipe,6,3,G5,,N5,,S5,C,,U,R,R,X,X,X,C,X,C,C,U,FO,Sum,N,,Monotropaceae,6,3,,,N,,,
60004,MONTFON,,Montia fontana,Water Blinks,,-5,G5,,N5,,S2?,,,,,,,,,,,,,,FO,,N,,Portulacaceae,,-5,,,Y,,,
42004,MOREPEN,,Morella pensylvanica,Northern Bayberry,9,0,G5,,N5,,S1,R,CZ,,,,,,,R,,,,,SH,,N,,Myricaceae,9,0,,,Y,,,Y
48004,MORURUB,,Morus rubra,Red Mulberry,10,3,G5,END,N2,END,S2,R,cz,R,R,,R,R,,,?,R,R,H,TR,,N,,Moraceae,10,3,,,Y,,,
22416,MUHLASP,,Muhlenbergia asperifolia,Alkali Muhly,,-3,G5,,N4N5,,SE3,IR,,IU,IR,IR,IR,IR,IR,,IR,IR,IR,IX,GR,,I,,Poaceae,0,-3,,,N,,,
201485,MUHLCUS,,Muhlenbergia cuspidata,Plains Muhly,10,5,G5,,N4N5,,S1,,,,,,,,,,,,,,GR,,N,,Poaceae,10,5,,,Y,,,Y
22418,MUHLFRO,,Muhlenbergia frondosa,Leafy Muhly,5,-3,G5,,N4N5,,S4,C,,R,X,X,X,U,,C,X,C,U,R,GR,,N,,Poaceae,5,-3,,,N,,,
22420,MUHLGLO,,Muhlenbergia glomerata,Spike Muhly,7,-5,G5,,N5,,S5,R,,R,,X,X,R,X,U,X,H,R,R,GR,,N,,Poaceae,7,-5,,,N,,,
22422,MUHLMEX,,Muhlenbergia mexicana,Mexican Muhly,1,-3,G5,,N5,,S5,C,,U,X,X,C,C,X,C,C,C,C,R,GR,,N,,Poaceae,1,-3,,,N,,,
22424,MUHLMEF,,Muhlenbergia mexicana var. filiformis,Slim-stemmed Mexican Muhly,1,-3,G5T4T5,,N4N5,,S4,C,,U,X,X,C,C,X,C,C,C,C,R,GR,,N,,Poaceae,1,-3,,,N,,,
22426,MUHLMEM,,Muhlenbergia mexicana var. mexicana,Mexican Muhly,1,-3,G5T5,,N5,,S5,C,,U,X,X,C,C,X,C,C,C,C,R,GR,,N,,Poaceae,1,-3,,,N,,,
22428,MUHLRAC,,Muhlenbergia racemosa,Marsh Muhly,,3,G5,,N4N5,,S4,,,,,,,,,,,,,,GR,,N,,Poaceae,0,3,,,N,,,
22430,MUHLRIC,,Muhlenbergia richardsonis,Mat Muhly,10,-3,G5,,N5,,S3,R,,,,,,,,,R,,,,GR,,N,,Poaceae,10,-3,,,Y,MV,Mod,Y
22432,MUHLSCH,,Muhlenbergia schreberi,Schreber's Muhly,1,0,G5,,N4,,S4,U,cz,U,X,R,X,R,X,C,,U,R,R,GR,,N,,Poaceae,1,0,,,N,,,
22434,MUHLSOB,,Muhlenbergia sobolifera,Rock Muhly,10,5,G5,,NH,,SH,H,CZ,H,,,,,,,,,,,GR,,N,,Poaceae,10,5,,,Y,,,
22436,MUHLSYL,,Muhlenbergia sylvatica,Woodland Muhly,9,-3,G5,,N2N3,,S2?,R,cz,?,R,?,,R,,R,,?,,R,GR,,N,,Poaceae,9,-3,,,Y,,,
22440,MUHLTEN,,Muhlenbergia tenuiflora,Slim-flowered Muhly,9,5,G5,,N2,,S2,R,cz,,R,R,R,,,R,R,R,R,R,GR,,N,,Poaceae,9,5,,,Y,,,
22442,MUHLUNI,,Muhlenbergia uniflora,Late-flowering Muhly,9,-5,G5,,N5,,S4,,,,,,,,,,,,,,GR,,N,,Poaceae,9,-5,,,N,,,
22444,MUHLX C,,Muhlenbergia x curtisetosa,(Muhlenbergia frondosa X Muhlenbergia schreberi),,,GNA,,NNA,,SNA,hyb,,,,,,hyb,,,,,,,GR,,I,,Poaceae,0,,,,N,,,
168578,MULGPUL,,Mulgedium pulchellum,Blue Lettuce,,0,G5,,N5,,S3?,,,,,,,,,,,,,,FO,,N,,Asteraceae,,0,,,Y,,,
32070,MUSCARM,,Muscari armeniacum,Armenian Grape-hyacinth,,5,GNR,,NNA,,SEH,,,,,,,,,,,,,,FO,,I,,Liliaceae,0,5,,,N,,,
32072,MUSCBOT,,Muscari botryoides,Common Grape-hyacinth,,5,GNR,,NNA,,SE3,IR,,,,IH,IR,,,IR,,IR,IX,IR,FO,Spr,I,,Liliaceae,0,5,,,N,,,
1256892,MUSCNEG,,Muscari neglectum,Grape Hyacinth,,5,GNR,,NNA,,SE1,,,,,,,,,,,,,,FO,,I,,Liliaceae,0,5,,,N,,,
168626,MYCEMUR,,Mycelis muralis,Wall Lettuce,,5,GNR,,NNA,,SE2,IR,,,,,IR,,,IR,,,,,FO,,I,,Asteraceae,0,5,,,N,,,
149042,MYOSARV,,Myosotis arvensis,Field Forget-me-not,,3,GNR,,NNA,,SE4,IR,,,,IX,,,,,,IH,IR,IR,FO,,I,,Boraginaceae,0,3,,,N,,,
149044,MYOSDIS,,Myosotis discolor,Yellow-and-blue Forget-me-not,,5,G5,,NNA,,SE1,IR,,,,,,,,,,IR,IR,,FO,,I,,Boraginaceae,0,5,,,N,,,
149046,MYOSLAX,,Myosotis laxa,Small Forget-me-not,6,-5,G5,,N5,,S5,C,,,R,R,X,X,X,C,C,C,C,C,FO,,N,,Boraginaceae,6,-5,,,N,,,
149048,MYOSMAC,,Myosotis macrosperma,Large-seed Forget-me-not,8,3,G5,,N1,,S1,R,CZ,R,R,,,,,,,,,,FO,,N,,Boraginaceae,8,3,,,Y,,,
149050,MYOSSCO,,Myosotis scorpioides,True Forget-me-not,,-5,G5,,NNA,,SE5,IX,,IR,IX,IX,IX,IX,IX,IR,IX,IU,IX,IC,FO,,I,,Boraginaceae,0,-5,,,N,,,
149052,MYOSSTR,,Myosotis stricta,Upright Forget-me-not,,5,GNR,,NNA,,SE4,IX,,IR,IR,IX,IR,IR,IX,IU,IX,IU,IR,IX,FO,,I,,Boraginaceae,0,5,,,N,,,
149054,MYOSSYL,,Myosotis sylvatica,Woodland Forget-me-not,,5,G5,,NNA,,SE4,IR,,IR,,IX,IR,,,IR,,IR,IX,IR,FO,,I,,Boraginaceae,0,5,,,N,,,
149056,MYOSVER,,Myosotis verna,Spring Forget-me-not,9,3,G5,,N4N5,,S4,R,cz,R,R,,,,,,,R,R,,FO,,N,,Boraginaceae,9,3,,,N,,,
64060,MYOSMIN,,Myosurus minimus,Tiny Mousetail,8,0,G5,,N3N4,,S2,IR,,IR,,,,,,,,,,IR,FO,,N,,Ranunculaceae,8,0,,,Y,,,
42002,MYRIGAL,,Myrica gale,Sweet Gale,6,-5,G5,,N5,,S5,R,,,,,,,,,,,R,,SH,,N,,Myricaceae,6,-5,,,N,,,
126000,MYRIALT,,Myriophyllum alterniflorum,Alternate-flowered Water-milfoil,8,-5,G5,,N5,,S4,,,,,,,,,,,,,,FO,,N,,Haloragaceae,8,-5,,,N,,,
126002,MYRIFAR,,Myriophyllum farwellii,Farwell's Water-milfoil,8,-5,G5,,N4N5,,S4,,,,,,,,,,,,,,FO,,N,,Haloragaceae,8,-5,,,N,,,
126004,MYRIHET,,Myriophyllum heterophyllum,Variable-leaved Water-milfoil,7,-5,G5,,N4,,S4,R,,,R,R,,,X,U,,H,,H,FO,,N,,Haloragaceae,7,-5,,,N,,,
126006,MYRISIB,,Myriophyllum sibiricum,Siberian Water-milfoil,6,-5,G5,,N5,,S5,R,,R,R,?,R,R,X,R,,H,R,R,FO,,N,,Haloragaceae,6,-5,,,N,,,
126010,MYRITEN,,Myriophyllum tenellum,Slender Water-milfoil,10,-5,G5,,N5,,S4,,,,,,,,,,,,,,FO,,N,,Haloragaceae,10,-5,,,N,,,
126012,MYRIVER,,Myriophyllum verticillatum,Whorled Water-milfoil,7,-5,G5,,N5,,S5,R,,R,R,R,,,,U,,,R,R,FO,,N,,Haloragaceae,7,-5,,,N,,,
129108,MYRRODO,,Myrrhis odorata,Anise,,5,GNR,,NNA,,SE1,IH,,,,,,IH,,,,,,IR,FO,,I,,Apiaceae,0,5,,,N,,,
168648,NABAALB,,Nabalus albus,White Rattlesnakeroot,6,3,G5,,N5,,S5,C,,C,X,X,X,X,,C,C,U,C,U,FO,Sum,N,,Asteraceae,6,3,,,N,,,Y
168650,NABAALT,,Nabalus altissimus,Tall Rattlesnakeroot,5,3,G5,,N5,,S5,U,,R,R,R,X,X,X,U,U,C,C,U,FO,Sum,N,,Asteraceae,5,3,,,N,,,
168652,NABARAC,,Nabalus racemosus,Glaucous Rattlesnakeroot,10,-3,G5,,N5,,S5,R,,R,R,R,,,,,,,,,FO,Sum,N,,Asteraceae,10,-3,,,N,,,Y
1257062,NAJACAN,,Najas canadensis,Canada Naiad,5,-5,GNR,,NNR,,S4S5,R,,R,X,X,R,R,X,C,R,R,R,R,FO,,N,,Najadaceae,5,-5,,,N,,,
1004440,NAJAFLE,,Najas flexilis,Slender Naiad,5,-5,G5,,N5,,S4S5,R,,R,X,X,R,R,X,C,R,R,R,R,FO,,N,,Najadaceae,5,-5,,,N,,,
1004441,NAJAGRA,,Najas gracillima,Thread-like Naiad,10,-5,G5?,,N2N3,,S2S3,R,,,R,,,,,R,,,,,FO,,N,,Najadaceae,10,-5,,,Y,,,
1004442,NAJAGUA,,Najas guadalupensis,Southern Naiad,8,-5,G5,,N3,,S3,R,,R,R,R,,,,R,,,,,FO,,N,,Najadaceae,8,-5,,,Y,,,
194332,NAJAGUG,,Najas guadalupensis ssp. guadalupensis,Southern Naiad,8,-5,G5T5,,NU,,S1S3,R,,R,R,R,,,,R,,,,,FO,,N,,Najadaceae,8,-5,,,Y,,,
194331,NAJAGUO,,Najas guadalupensis ssp. olivacea,Olive-coloured Southern Naiad,8,-5,G5T4?,,NU,,S1S3,R,,R,R,R,,,,R,,,,,FO,,N,,Najadaceae,8,-5,,,Y,,,
1004444,NAJAMAR,,Najas marina,Spiny Naiad,5,-5,G5,,NU,,SU,,,,,,,,,,,,,,FO,,N,,Najadaceae,5,-5,,,N,,,
1004443,NAJAMIN,,Najas minor,Brittle-leaved Naiad,,-5,GNR,,NNA,,SE2,IR,,IU,IX,IR,,,,IR,,IR,IR,,FO,,I,,Najadaceae,0,-5,,,N,,,
32074,NARCPOE,,Narcissus poeticus,Poet's Narcissus,,5,GNR,,NNA,,SE1,IR,,,,,,,,,,IR,,IR,FO,,I,,Liliaceae,0,5,,,N,,,
32076,NARCPSE,,Narcissus pseudonarcissus,Common Daffodil,,5,GNR,,NNA,,SE2,IR,,IR,,,IR,,,,,IR,,IR,FO,Spr,I,,Liliaceae,0,5,,,N,,,
22780,NARDSTR,,Nardus stricta,Moor Matgrass,,5,GNR,,N1?,,SE1,,,,,,,,,,,,,,GR,,I,,Poaceae,0,5,,,N,,,
73234,NASTMIC,,Nasturtium microphyllum,Small-leaved Watercress,,-5,GNR,,NNA,,SE5,IX,,,,IX,IX,,,IU,IX,IU,IX,IU,FO,,I,,Brassicaceae,0,-5,,,N,,,
73276,NASTX S,,Nasturtium x sterilis,(Nasturtium microphyllum X Nasturtium officinale),,-5,GNA,,NNA,,SNA,,,,,,,,,,,,,,FO,,I,,Brassicaceae,0,-5,,,N,,,
63500,NELULUT,,Nelumbo lutea,American Lotus,10,-5,G4,,N2N3,,S2S3,R,cz,U,R,H,,,,R,,H,,,FO,,N,,Nelumbonaceae,10,-5,,,Y,LV,VH,
39062,NEOTAUR,,Neottia auriculata,Auricled Twayblade,10,-3,G3G4,,N4,,S3,,,,,,,,,,,,,,FO,Sum,N,,Orchidaceae,10,-3,,,Y,,,
39064,NEOTBIF,,Neottia bifolia,Southern Twayblade,10,-5,G4,,N3,,S1S2,,,,,,,,,,,,,,FO,,N,,Orchidaceae,10,-5,,,Y,,,
39066,NEOTBOR,,Neottia borealis,Northern Twayblade,,3,G5,,N5,,S2S3,,,,,,,,,,,,,,FO,,N,,Orchidaceae,,3,,,Y,,,
39068,NEOTCON,,Neottia convallarioides,Broad-lip Twayblade,10,-3,G5,,N5,,S4,,,,,,,,,,,,,,FO,,N,,Orchidaceae,10,-3,,,N,,,
39070,NEOTCOR,,Neottia cordata,Heart-leaved Twayblade,8,-3,G5,,N5,,S5,R,,,,,R,,,R,,,,H,FO,Spr,N,,Orchidaceae,8,-3,,,N,,,
39072,NEOTOVA,,Neottia ovata,Egg-leaved Twayblade,,0,GNR,,NNA,,SE1,,,,,,,,,,,,,,FO,Sum,I,,Orchidaceae,0,0,,,N,,,
39170,NEOTX V,,Neottia x veltmanii,(Neottia auriculata X Neottia convallarioides),,,GNA,,NNA,,SNA,,,,,,,,,,,,,,FO,,N,,Orchidaceae,,,,,N,,,
151096,NEPECAT,,Nepeta cataria,Catnip,,3,GNR,,NNA,,SE5,IC,,IC,IX,IX,IC,IC,IR,IC,IX,IC,IX,IC,FO,Sum,I,,Lamiaceae,0,3,,,N,,,
73226,NESLPAN,,Neslia paniculata,Yellow Ball-mustard,,5,GNR,,NNA,,SE1,IR,,,,IR,,,IX,,,,,IR,FO,,I,,Brassicaceae,0,5,,,N,,,
152014,NICAPHY,,Nicandra physalodes,Apple-of-Peru,,5,GNR,,NNA,,SE1,IR,,,,IH,,,,,,IH,IR,IR,FO,Sum,I,,Solanaceae,0,5,,,N,,,
1009795,NICOALA,,Nicotiana alata,Jasmine Tobacco,,5,GNR,,NNA,,SE1,IR,,,,,,,IR,,,,,,FO,,I,,Solanaceae,0,5,,,N,,,
152016,NICOLON,,Nicotiana longiflora,Longflower Tobacco,,5,GNR,,NNA,,SE1,IR,,,,,,,,,,,,IR,FO,,I,,Solanaceae,0,5,,All other CW values within this Genus are identical,N,,,
152018,NICORUS,,Nicotiana rustica,Wild Tobacco,,5,GU,,NNA,,SE1,IR,,,,,,,,,,IH,IR,,FO,,I,,Solanaceae,0,5,,,N,,,
152052,NICOTAB,,Nicotiana tabacum,Cultivated Tobacco,,5,GNR,,NNA,,SEH,,,,,,,,,,,,,,FO,,I,,Solanaceae,0,5,,,N,,,
64062,NIGEDAM,,Nigella damascena,Love-in-a-mist,,5,GNR,,NNA,,SE1,,,,,,,,,,,,,,FO,,I,,Ranunculaceae,0,5,,,N,,,
63000,NUPHADV,,Nuphar advena,Large Yellow Pond-lily,8,-5,GNR,,NNR,,S3,U,CZ,U,R,R,R,R,,U,,R,R,,FO,,N,,Nymphaeaceae,8,-5,,,Y,,,
1008093,NUPHADA,,Nuphar advena ssp. advena,Large Yellow Pond-lily,8,-5,GNRTNR,,NNR,,S3,U,CZ,U,R,R,R,R,,U,,R,R,,FO,,N,,Nymphaeaceae,8,-5,,,Y,,,
63012,NUPHMIC,,Nuphar microphylla,Nuphar microphylla,10,-5,G4G5,,N4N5,,S3?,H,,,,,,,,,,H,,,FO,,N,,Nymphaeaceae,10,-5,,,Y,,,
63002,NUPHVAR,,Nuphar variegata,Variegated Pond-lily,7,-5,G5,,N5,,S5,U,,R,R,X,X,X,X,U,X,U,C,R,FO,,N,,Nymphaeaceae,7,-5,,,N,,,
63014,NUPHX R,,Nuphar x rubrodisca,(Nuphar microphylla X Nuphar variegata),,-5,G4G5,,N4,,SNA,,,,,,,,,,,,,,FO,,N,,Nymphaeaceae,,-5,,,N,,,
153078,NUTTCAN,,Nuttallanthus canadensis,Canada Toadflax,4,5,G5,,N2N3,,S1,R,cz,,,,,H,,,?,R,,H,FO,,N,,Scrophulariaceae,4,5,,,Y,,,
63010,NYMPLEI,,Nymphaea leibergii,Dwarf Water-lily,10,-5,G5,,N4N5,,S4?,,,,,,,,,,,,,,FO,,N,,Nymphaeaceae,10,-5,,,N,,,
63006,NYMPODO,,Nymphaea odorata,Fragrant Water-lily,5,-5,G5,,N5,,S5,U,,R,R,X,X,R,X,U,R,U,R,R,FO,,N,,Nymphaeaceae,5,-5,,,N,,,
63016,NYMPODD,,Nymphaea odorata ssp. odorata,Fragrant Water-lily,5,-5,G5T5,,N5,,S5?,U,,R,R,X,X,R,X,U,R,U,R,R,FO,,N,,Nymphaeaceae,5,-5,,,N,,,
63018,NYMPODT,,Nymphaea odorata ssp. tuberosa,Tuberous White Water-lily,5,-5,G5T5,,N3N4,,SU,U,,R,R,X,X,R,X,U,R,U,R,R,FO,,N,,Nymphaeaceae,5,-5,,,N,,,
143502,NYMPCOR,,Nymphoides cordata,Little Floatingheart,10,-5,G5,,N5,,S4,,,,,,,,,,,,,,FO,,N,,Menyanthaceae,10,-5,,,N,,,
122000,NYSSSYL,,Nyssa sylvatica,Black Gum,9,-3,G5,,N3,,S3,U,CZ,U,R,R,R,U,,C,,U,R,,TR,,N,,Nyssaceae,9,-3,,,Y,LV,Low,
168132,OCLEACU,,Oclemena acuminata,Whorled Wood Aster,9,5,G5,,N5,,S4,,,,,,,,,,,,,,FO,Sum-Aut,N,,Asteraceae,9,5,,,N,,,
168194,OCLENEM,,Oclemena nemoralis,Bog Aster,10,-5,G5,,N5,,S4,,,,,,,,,,,,,,FO,Sum-Aut,N,,Asteraceae,10,-5,,,N,,,
168256,OCLEX B,,Oclemena x blakei,(Oclemena acuminata X Oclemena nemoralis),,-3,GNA,,NNA,,SNA,,,,,,,,,,,,,,FO,,N,,Asteraceae,,-3,,,N,,,
73004,ALYSMUR,,Odontarrhena muralis,Wall Alyssum,,5,GNR,,NNA,,SE1,IR,,,IR,IR,,,,,,,,,FO,,I,,Brassicaceae,0,5,,,N,,,
1010800,ODONVUL,,Odontites vulgaris,Red Bartsia,,5,GNR,,NNA,,SE2,IR,,,,IR,IR,,,IR,,,,,FO,,I,,Scrophulariaceae,0,5,,,N,,,
1264521,OENAJAV,,Oenanthe javanica,Java Waterdropwort,,-5,GNR,,NNA,,SE1,,,,,,,,,,,,,,FO,,I,,Apiaceae,0,-5,,,N,,,
125050,OENOBIE,,Oenothera biennis,Common Evening-primrose,0,3,G5,,N5,,S5,C,,C,X,X,X,X,,R,X,C,C,U,FO,Sum,N,,Onagraceae,0,3,,,N,,,
125052,OENOCLE,,Oenothera clelandii,Cleland's Evening-primrose,9,5,G3G5,,N1,,S1,R,CZ,,,,R,R,,,,,,R,FO,,N,,Onagraceae,9,5,,,Y,,,Y
125042,OENOFIL,,Oenothera filiformis,Long-flowered Gaura,,5,G4G5,,NNA,,SE1,IR,,IR,,,,IR,,,,,IR,,FO,,I,,Onagraceae,0,5,,,N,,,
125054,OENOFRU,,Oenothera fruticosa,Narrow-leaved Evening-primrose,,3,G5,,N2,,SX,H,CZ,,,,,,,,,H,,,FO,,N,,Onagraceae,,3,,,Y,,,
125056,OENOFRT,,Oenothera fruticosa ssp. tetragona,Narrow-leaved Evening-primrose,,3,G5T5,,N2,,SX,H,CZ,,,,,,,,,H,,,FO,,N,,Onagraceae,,3,,,Y,,,
125038,OENOGAU,,Oenothera gaura,Biennial Gaura,4,3,G5,,N3,,S3,R,cz,U,,,,R,R,R,R,R,,H,FO,Sum,N,,Onagraceae,4,3,,,Y,,,Y
125058,OENOGLA,,Oenothera glazioviana,Red-sepaled Evening-primrose,,5,GU,,NNA,,SE1,IR,,,,,IH,,IR,,,,IR,IR,FO,,I,,Onagraceae,0,5,,,N,,,
125060,OENOLAC,,Oenothera laciniata,Cut-leaved Evening-primrose,,3,G5,,NNA,,SE1,IR,,IR,,,IR,IH,,IR,,,,,FO,,I,,Onagraceae,0,3,,,N,,,
1011123,OENONUT,,Oenothera nutans,Nodding Evening-primrose,,3,G4,,NNA,,SU,IR,,,,,IH,,,,,,,,FO,,N,,Onagraceae,,3,,,N,,,
125062,OENONUA,,Oenothera nuttallii,White Evening-primrose,,5,G5,,N5,,SE1,,,,,,,,,,,,,,FO,,I,,Onagraceae,0,5,,,N,,,
125064,OENOOAK,,Oenothera oakesiana,Oakes' Evening-primrose,8,5,G5,,N5,,S5,R,,R,R,R,H,U,X,R,,H,R,R,FO,,N,,Onagraceae,8,5,,,N,,,
125066,OENOPAR,,Oenothera parviflora,Small-flowered Evening-primrose,1,3,G5,,N5,,S5,C,,X,R,R,X,X,X,C,C,X,C,R,FO,,N,,Onagraceae,1,3,,,N,,,
125068,OENOPER,,Oenothera perennis,Perennial Evening-primrose,6,0,G5,,N5,,S5,U,,R,R,,R,R,X,U,X,U,C,R,FO,,N,,Onagraceae,6,0,,,N,,,
125070,OENOPIL,,Oenothera pilosella,Meadow Evening-primrose,8,0,G5,,N2N3,,S2,R,cz,R,R,R,R,R,,IR,R,R,R,IR,FO,,N,,Onagraceae,8,0,,,Y,,,
125000,OENOSER,,Oenothera serrulata,Serrate-leaved Evening-primrose,,5,G5,,N5?,,SEH,IH,,,,IH,,,,,,,,,FO,,I,,Onagraceae,0,5,,,N,,,
125040,OENOSUF,,Oenothera suffrutescens,Scarlet Gaura,,5,G5,,N4N5,,SE1,,,,,,,,,,,,,,FO,,I,,Onagraceae,0,5,,,N,,,
125074,OENOVIL,,Oenothera villosa,Hairy Evening-primrose,9,0,G5,,N5,,S2?,,,,,,,,,,,,,,FO,,N,,Onagraceae,9,0,,,P,,,
125078,OENOVIS,,Oenothera villosa ssp. strigosa,Villous Evening-primrose,,0,G5T4T5,,N5,,SU,,,,,,,,,,,,,,FO,,I,,Onagraceae,0,0,,,N,,,
125076,OENOVIV,,Oenothera villosa ssp. villosa,Hairy Evening-primrose,9,0,G5T5?,,NNR,,S2?,R,cz,H,,,,R,,H,,,H,R,FO,,N,,Onagraceae,9,0,,,Y,,,
168456,OMALSYL,,Omalotheca sylvatica,Woodland Cudweed,5,5,G4G5,,N4N5,,S4,,,,,,,,,,,,,,FO,,N,,Asteraceae,5,5,,,N,,,
149058,OMPHLIN,,Omphalodes linifolia,White-flowered Navelwort,,,GNR,,NNA,,SEH,,,,,,,,,,,,,,FO,,I,,Boraginaceae,0,,,,N,,,
83184,ONOBVIC,,Onobrychis viciifolia,Common Sainfoin,,,GNR,,NNA,,SE1,IH,,,,IH,,,,,,IH,,,FO,,I,,Fabaceae,0,,,,N,,,
9370,ONOCSEN,,Onoclea sensibilis,Sensitive Fern,4,-3,G5,,N5,,S5,C,,C,X,C,X,C,X,C,C,C,C,C,FE,,N,,Dryopteridaceae,4,-3,,,N,,,
168628,ONOPACA,,Onopordum acanthium,Scotch Thistle,,5,GNR,,NNA,,SE4,IR,,,IR,IX,IX,IX,,IR,IX,IH,IR,IR,FO,,I,,Asteraceae,0,5,,,N,,,
1008248,ONOPACC,,Onopordum acanthium ssp. acanthium,Scotch Thistle,,5,GNRTNR,,NNA,,SE4,IR,,,IR,IX,IX,IX,,IR,IX,IH,IR,IR,FO,,I,,Asteraceae,0,5,,,N,,,
5042,OPHIPUS,,Ophioglossum pusillum,Northern Adder's-tongue,6,3,G5,,N4N5,,S4,R,,R,R,R,R,U,X,U,R,R,,H,FE,,N,,Ophioglossaceae,6,3,,,N,,,
128012,OPLOHOR,,Oplopanax horridus,Devil's Club,,0,G5,,N5,,S1,,,,,,,,,,,,,,SH,,N,,Araliaceae,,0,,,Y,EV,VH,
1257043,OPUNCES,,Opuntia cespitosa,Eastern Prickly-pear Cactus,10,5,GNR,END,N1,END,S1,R,CZ,R,H,,,?,,IR,,IR,,IR,FO,Sum,N,,Cactaceae,10,5,,,Y,,,
118000,OPUNFRA,,Opuntia fragilis,Brittle Prickly-pear Cactus,10,5,G5,,N5,,S3,IR,,,,,,,,,,,,IR,FO,,N,,Cactaceae,10,5,,,Y,LV,VH,
151098,ORIGVUL,,Origanum vulgare,Wild Marjoram,,5,GNR,,NNA,,SE5,IX,,,,IX,IU,IR,,IR,IX,IR,IX,IR,FO,,I,,Lamiaceae,0,5,,,N,,,
1257103,ORIGVUV,,Origanum vulgare ssp. vulgare,Wild Margoram,,5,GNRTNR,,NNA,,SE5,IX,,,,IX,IU,IR,,IR,IX,IR,IX,IR,FO,,I,,Lamiaceae,0,5,,,N,,,
32078,ORNINUT,,Ornithogalum nutans,Drooping Star-of-Bethlehem,,5,GNR,,NNA,,SE1,IR,,,,,,,,IR,,IH,IR,,FO,,I,,Liliaceae,0,5,,,N,,,
32080,ORNIUMB,,Ornithogalum umbellatum,Common Star-of-Bethlehem,,3,G3G5,,NNA,,SE3,IR,,IR,IX,IX,IR,IR,,IR,,IR,IR,IR,FO,Spr,I,,Liliaceae,0,3,,,N,,,
133510,ORTHSEC,,Orthilia secunda,One-sided Wintergreen,5,0,G5,,N5,,S5,R,,,R,R,R,R,,U,,H,R,H,FO,Sum,N,,Pyrolaceae,5,0,,,N,,,
153208,ORTHLUT,,Orthocarpus luteus,Yellow Owl's-clover,,3,G5,,N5,,SE1,,,,,,,,,,,,,,FO,,I,,Scrophulariaceae,0,3,,,N,,,
22446,ORYZASP,,Oryzopsis asperifolia,Rough-leaved Mountain Rice,6,5,G5,,N5,,S5,C,,R,R,X,X,U,X,C,C,U,C,U,GR,,N,,Poaceae,6,5,,,N,,,
129062,OSMOBER,,Osmorhiza berteroi,Mountain Sweet Cicely,5,3,G5,,N5,,S4,,,,,,,,,,,,,,FO,,N,,Apiaceae,5,3,,,N,,,
129064,OSMOCLA,,Osmorhiza claytonii,Hairy Sweet Cicely,5,3,G5,,N5,,S5,C,,C,X,X,X,X,X,C,C,C,C,U,FO,Spr,N,,Apiaceae,5,3,override,Suppl. CW value matches more closely with values from US Wetland Plant List and Michigan Flora,N,,,
129066,OSMODEP,,Osmorhiza depauperata,Blunt Sweet Cicely,9,5,G5,,N5,,S4,,,,,,,,,,,,,,FO,,N,,Apiaceae,9,5,,,N,,,
129068,OSMOLON,,Osmorhiza longistylis,Smooth Sweet Cicely,6,3,G5,,N5,,S5,C,,C,X,X,X,X,,C,C,C,U,R,FO,Sum,N,,Apiaceae,6,3,,,N,,,
6004,OSMUREG,,Osmunda regalis,Royal Fern,7,-5,G5,,N5,,S5,C,,U,X,X,X,C,X,C,C,C,C,R,FE,,N,,Osmundaceae,7,-5,,,N,,,
6006,OSMURES,,Osmunda regalis var. spectabilis,Royal Fern,7,-5,G5T5,,N5,,S5,C,,U,X,X,X,C,X,C,C,C,C,R,FE,,N,,Osmundaceae,7,-5,,,N,,,
6000,OSMUCIN,,Osmundastrum cinnamomeum,Cinnamon Fern,7,-3,G5,,N5,,S5,C,,U,X,R,X,C,X,C,C,C,C,C,FE,,N,,Osmundaceae,7,-3,,,N,,,
45046,OSTRVIR,,Ostrya virginiana,Eastern Hop-hornbeam,4,3,G5,,N5,,S5,C,,C,X,C,C,C,X,C,C,C,C,C,TR,,N,,Betulaceae,4,3,,,N,,,
85000,OXALCOR,,Oxalis corniculata,Creeping Wood-sorrel,,3,GNR,,NNA,,SE1,IR,,IR,,?,IR,,,IR,?,,IR,IR,FO,,I,,Oxalidaceae,0,3,,,N,,,
85002,OXALDIL,,Oxalis dillenii,Slender Yellow Wood-sorrel,0,3,G5,,N5?,,S5?,U,,X,,X,X,X,X,U,,U,C,X,FO,,N,,Oxalidaceae,0,3,,,N,,,
85008,OXALMON,,Oxalis montana,White Wood-sorrel,7,3,G5,,N5,,S5,R,,,,,,,,,R,,R,,FO,Spr-Sum,N,,Oxalidaceae,7,3,,,N,,,
85004,OXALSTR,,Oxalis stricta,Upright Yellow Wood-sorrel,0,3,G5,,N5,,S5,C,,C,X,X,X,X,,C,C,C,C,C,FO,,N,,Oxalidaceae,0,3,,,N,,,
1007306,OXYBGLA,,Oxybasis glauca,Oak-leaved Goosefoot,,-3,G5,,N5,,S4?,,,,,,,,,,,,,,FO,,N,,Chenopodiaceae,0,-3,,,N,,,
1004869,OXYBGLG,,Oxybasis glauca ssp. glauca,Oak-leaved Goosefoot,,-3,G--T5,,NNA,,SE5,IU,,IU,IX,IX,IX,IU,IX,IU,IX,IU,IX,IX,FO,,I,,Chenopodiaceae,0,-3,,,N,,,
55040,OXYBGLS,,Oxybasis glauca ssp. salina,Rocky Mountain Goosefoot,,-3,G--T5,,N5,,S4?,IR,,,,IR,,,,,,,,,FO,,N,,Chenopodiaceae,0,-3,,,N,,,
1007342,OXYBRUB,,Oxybasis rubra,Red Goosefoot,,-5,G5,,N5,,SU,,,,,,,,,,,,,,FO,,I,,Chenopodiaceae,0,-5,,,N,,,
1004878,OXYBRUH,,Oxybasis rubra var. humilis,Marshland Goosefoot,,-5,G--T5,,N4,,SU,,,,,,,,,,,,,,FO,,N,,Chenopodiaceae,,-5,,,N,,,
1004881,OXYBRUR,,Oxybasis rubra var. rubra,Red Goosefoot,,-5,G--T5,,N5,,SU,R,,,,H,,,,H,,,R,R,FO,,N,,Chenopodiaceae,,-5,,,N,,,
55062,OXYBURB,,Oxybasis urbica,City Goosefoot,,5,GNR,,NNA,,SEH,IH,,,,IH,,,,,,IH,,,FO,,I,,Chenopodiaceae,0,5,,,N,,,
129070,OXYPRIG,,Oxypolis rigidior,Stiff Cowbane,9,-5,G5,,N2,,S2,R,CZ,U,R,,,,,,,?,,,FO,Sum,N,,Apiaceae,9,-5,,,Y,,,Y
83200,OXYTBOR,,Oxytropis borealis,Boreal Locoweed,,3,G5,,N5,,S4,,,,,,,,,,,,,,FO,,N,,Fabaceae,0,3,,,P,,,
83202,OXYTBOH,,Oxytropis borealis var. hudsonica,Hudson Bay Locoweed,,3,G5T4?,,N4?,,S4?,,,,,,,,,,,,,,FO,,N,,Fabaceae,0,3,,,N,,,
83204,OXYTBOV,,Oxytropis borealis var. viscida,Sticky Locoweed,,3,G5T5,,N5,,S1S2,,,,,,,,,,,,,,FO,,N,,Fabaceae,,3,,,Y,,,
83186,OXYTCAM,,Oxytropis campestris,Field Locoweed,,3,G5,,N5,,S4?,,,,,,,,,,,,,,FO,,N,,Fabaceae,0,3,,,P,,,
83188,OXYTCAJ,,Oxytropis campestris var. johannensis,Saint John River Locoweed,,3,G5T4,,N4,,S4?,,,,,,,,,,,,,,FO,,N,,Fabaceae,0,3,,,N,,,
1264559,OXYTCAI,,Oxytropis campestris var. minor,Tundra Locoweed,,3,G5T4,,N4,,SH,,,,,,,,,,,,,,FO,,N,,Fabaceae,,3,,,Y,,,
83192,OXYTDEF,,Oxytropis deflexa,Pendant-pod Locoweed,,3,G5,,N5,,S2,,,,,,,,,,,,,,FO,,N,,Fabaceae,,3,,,Y,,,
83194,OXYTDEO,,Oxytropis deflexa var. foliolosa,Foliose Locoweed,,3,G5T5,,N5,,S2,,,,,,,,,,,,,,FO,,N,,Fabaceae,,3,,,Y,,,
83196,OXYTDES,,Oxytropis deflexa var. sericea,White Pendant-pod Locoweed,,3,G5T5,,N5,,S1,,,,,,,,,,,,,,FO,,N,,Fabaceae,,3,,,Y,,,
83198,OXYTSPL,,Oxytropis splendens,Showy Locoweed,,3,G5,,N5,,S3,,,,,,,,,,,,,,FO,,N,,Fabaceae,,3,,,Y,MV,Mod,
94000,PACHTER,,Pachysandra terminalis,Japanese-spurge,,0,GNR,,NNA,,SE1,IR,,IR,,,,,,,,,,IR,FO,,I,,Buxaceae,0,0,,,N,,,
168674,PACKAUR,,Packera aurea,Golden Groundsel,7,-3,G5,,N5,,S5,U,,R,R,R,X,X,X,C,C,R,U,R,FO,,N,,Asteraceae,7,-3,,,N,,,
168680,PACKGLA,,Packera glabella,Butterweed,,-3,G5,,NNA,,SE1,IR,,IR,IR,IR,,,,,,,,,FO,,I,,Asteraceae,0,-3,,,N,,,
168682,PACKIND,,Packera indecora,Rayless Mountain Groundsel,9,-3,G5,,N5,,S5,,,,,,,,,,,,,,FO,,N,,Asteraceae,9,-3,,,N,,,
168686,PACKOBO,,Packera obovata,Round-leaved Groundsel,8,3,G5,,N3,,S3,R,,,?,R,,,,,,,,,FO,,N,,Asteraceae,8,3,,,Y,,,
168688,PACKPAU,,Packera pauciflora,Few-flowered Groundsel,,3,G5,,N5,,S1?,,,,,,,,,,,,,,FO,,N,,Asteraceae,,3,,,Y,,,
168904,PACKPAP,,Packera paupercula,Balsam Groundsel,7,0,G5,,N5,,S5,,,,,,,,,,,,,,FO,Spr,N,,Asteraceae,7,0,,,P,,,Y
1005051,PACKPAA,,Packera paupercula var. paupercula,Balsam Groundsel,7,0,G--T5,,N5,,S5,R,,R,R,X,R,R,,,,H,,R,FO,Spr,N,,Asteraceae,7,0,,,N,,,Y
17241,PACKPAS,,Packera paupercula var. pseudotomentosa,False Tomentose Balsam Groundsel,8,3,G5TNR,,N2N3,,S2S3,R,cz,,R,R,R,,,,,,,,FO,Spr,N,,Asteraceae,8,3,,,Y,,,Y
17244,PACKPAV,,Packera paupercula var. savannarum,Savanna Balsam Groundsel,9,0,G5TNR,,NH,,SH,H,CZ,H,,,,,,,,,,,FO,,N,,Asteraceae,9,0,,,Y,,,Y
168906,PACKPSE,,Packera pseudaurea,Streambank Groundsel,8,-3,G5,,N5,,S2,R,,R,,,,,,,,,,,FO,,N,,Asteraceae,8,-3,,,Y,,,
168908,PACKPSS,,Packera pseudaurea var. semicordata,Heart-leaved Groundsel,8,-3,G5T3T5,,N2,,S2,R,,R,,,,,,,,,,,FO,,N,,Asteraceae,8,-3,,,Y,,,
64500,PAEOLAC,,Paeonia lactiflora,Chinese Peony,,,GNR,,NNA,,SE1,,,,,,,,,,,,,,FO,,I,,Paeoniaceae,0,,,,N,,,
64502,PAEOOFF,,Paeonia officinalis,Common Peony,,,GNR,,NNA,,SE1,,,,,,,,,,,,,,FO,,I,,Paeoniaceae,0,,,,N,,,
128014,PANAQUI,,Panax quinquefolius,American Ginseng,9,5,G3G4,END,N2N3,END,S2,R,,R,R,R,R,R,R,U,R,R,R,R,FO,Spr,N,,Araliaceae,9,5,,,Y,,,
128016,PANATRI,,Panax trifolius,Dwarf Ginseng,8,5,G5,,N4N5,,S4,R,,R,R,X,R,X,,U,R,R,R,H,FO,Spr,N,,Araliaceae,8,5,,,N,,,
1008101,PANICAP,,Panicum capillare,Common Panicgrass,0,0,G5,,N5,,S5,C,,C,X,X,X,R,X,C,C,C,C,U,GR,,N,,Poaceae,0,0,,,N,,,
22456,PANIDIC,,Panicum dichotomiflorum,Fall Panicgrass,,-3,G5,,N5,,SE5,IC,,IC,IX,IX,IC,IC,IX,IC,IX,IU,IX,IR,GR,,I,,Poaceae,0,-3,,,N,,,
1005057,PANIDID,,Panicum dichotomiflorum ssp. dichotomiflorum,Fall Panicgrass,,-3,G5T5,,N5,,SE5,IC,,IC,IX,IX,IC,IC,IX,IC,IX,IU,IX,IR,GR,,I,,Poaceae,0,-3,,,N,,,
22458,PANIFLE,,Panicum flexile,Wiry Panicgrass,8,-3,G5,,N4,,S4,R,,R,,X,R,R,,U,R,R,,R,GR,,N,,Poaceae,8,-3,,,N,,,
22460,PANIGAT,,Panicum gattingeri,Gattinger's Panicgrass,3,0,G4,,N4,,S4,R,cz,R,R,,U,R,X,R,R,R,,H,GR,,N,,Poaceae,3,0,,,N,,,
22466,PANIMIL,,Panicum miliaceum,Proso Millet,,5,GNR,,NNA,,SE4,IR,,IR,IX,IR,IR,IR,IX,IR,,IR,IR,IX,GR,,I,,Poaceae,0,5,,,N,,,
1004598,PANIMIM,,Panicum miliaceum ssp. miliaceum,Proso Millet,,5,GNRTNR,,NNA,,SE4,IR,,IR,IX,IR,IR,IR,IX,IR,,IR,IR,IX,GR,,I,,Poaceae,0,5,,,N,,,
22468,PANIPHI,,Panicum philadelphicum,Philadelphia Panicgrass,8,0,G5?,,NNR,,S4,R,,R,R,R,R,,,R,,R,R,,GR,,N,,Poaceae,8,0,,,N,,,
1010984,PANITUC,,Panicum tuckermanii,Tuckerman's Panicgrass,8,0,G3G5,,NNR,,S4,,,,,,,,,,,,,,GR,,N,,Poaceae,8,0,,,N,,,
22476,PANIVIR,,Panicum virgatum,Old Switch Panicgrass,6,0,G5,,N4N5,,S4,U,,U,X,X,X,U,X,C,R,U,R,U,GR,Aut,N,,Poaceae,6,0,,,N,,,Y
71006,PAPADUB,,Papaver dubium,Long-headed Poppy,,5,GNR,,NNA,,SE1,IR,,,,,,,,,,,IR,IR,FO,,I,,Papaveraceae,0,5,,,N,,,
71008,PAPAORI,,Papaver orientale,Oriental Poppy,,5,GNR,,NNA,,SE1,IR,,,,,,,,,,,IR,IR,FO,,I,,Papaveraceae,0,5,,,N,,,
71010,PAPARHO,,Papaver rhoeas,Corn Poppy,,5,GNR,,NNA,,SE1,IR,,,,,,,,,,,IR,,FO,,I,,Papaveraceae,0,5,,,N,,,
71012,PAPASOM,,Papaver somniferum,Opium Poppy,,5,GNR,,NNA,,SE1,IR,,,,,,,,,,IH,IR,IR,FO,,I,,Papaveraceae,0,5,,,N,,,
9404,THELNOV,,Parathelypteris noveboracensis,New York Fern,7,0,G5,,N5,,S4S5,C,,R,R,R,X,U,X,C,,C,C,R,FE,,N,,Thelypteridaceae,7,0,,,N,,,
50004,PARIPEN,,Parietaria pensylvanica,Pennsylvania Pellitory,3,3,G5,,N5,,S4,U,cz,U,X,R,R,R,,U,R,R,R,U,FO,Spr,N,,Urticaceae,3,3,,,N,,,
79014,PARNGLA,,Parnassia glauca,Fen Grass-of-Parnassus,8,-5,G5,,N5,,S5,R,,R,R,X,X,X,X,U,U,R,R,,FO,Sum,N,,Saxifragaceae,8,-5,,,N,,,Y
79016,PARNKOT,,Parnassia kotzebuei,Kotzebue's Grass-of-Parnassus,,-3,G5,,N5,,S2?,,,,,,,,,,,,,,FO,,N,,Saxifragaceae,,-3,,,Y,,,
17098,PARNPAL,,Parnassia palustris,Marsh Grass-of-Parnassus,10,-5,G5,,N5,,S5,,,,,,,,,,,,,,FO,,N,,Saxifragaceae,10,-5,,,N,,,
79020,PARNPAR,,Parnassia parviflora,Small-flowered Grass-of-Parnassus,9,-5,G5?,,N4N5,,S4,H,,,,,,,,,,,,H,FO,,N,,Saxifragaceae,9,-5,,,N,,,
61084,PAROCAN,,Paronychia canadensis,Smooth Forked Nailwort,10,5,G5,,NH,,SH,H,CZ,H,,,,,,,,,,,FO,,N,,Caryophyllaceae,10,5,,,Y,,,
61086,PAROFAS,,Paronychia fastigiata,Hairy Forked Nailwort,10,5,G5,,N1,,S1,R,CZ,,,,,,,R,,H,,,FO,,N,,Caryophyllaceae,10,5,,,Y,,,
61088,PAROFAF,,Paronychia fastigiata var. fastigiata,Hairy Forked Nailwort,10,5,G5T5,,N1,,S1,R,CZ,,,,,,,R,,H,,,FO,,N,,Caryophyllaceae,10,5,,,Y,,,
107000,PARTQUI,,Parthenocissus quinquefolia,Virginia Creeper,6,3,G5,,N4?,,S4?,U,cz,C,X,X,X,X,X,U,U,U,C,R,VW,Sum,N,,Vitaceae,6,3,,,N,,,
107004,PARTTRI,,Parthenocissus tricuspidata,Boston-ivy,,5,GNR,,NNA,,SE1,IR,,,IR,,,,,,,IR,,,VW,,I,,Vitaceae,0,5,,,N,,,
194328,PARTVIT,,Parthenocissus vitacea,Thicket Creeper,4,3,G5,,N5,,S5,C,,C,X,X,X,C,X,C,C,C,C,C,VW,,N,,Vitaceae,4,3,,,N,,,
22478,PASCSMI,,Pascopyrum smithii,Western Wheatgrass,,3,G5,,N5,,S2,IR,,,,?,,,,IR,,IR,,,GR,,N,,Poaceae,0,3,,,Y,,,Y
22784,PASPRAC,,Paspalum racemosum,Peruvian Paspalum,,0,GNR,,NNA,,SEH,,,,,,,,,,,,,,GR,,I,,Poaceae,0,0,,,N,,,
22480,PASPSET,,Paspalum setaceum,Slender Paspalum,8,3,G5,,N2,,S2,R,CZ,R,R,R,R,R,,R,,,,,GR,,N,,Poaceae,8,3,,,Y,,,Y
1005064,PASPSEM,,Paspalum setaceum var. muhlenbergii,Hurrahgrass,8,3,G5TNR,,N1N2,,S1S2,R,CZ,R,R,R,R,R,,R,,,,,GR,,N,,Poaceae,8,3,,,Y,,,Y
22782,PASPSES,,Paspalum setaceum var. stramineum,Yellow Slender Paspalum,8,3,G5TNR,,N1N2,,S1S2,R,CZ,R,R,R,R,R,,R,,,,,GR,,N,,Poaceae,8,3,,,Y,,,Y
22452,PATIRAC,,Patis racemosa,Black-seed Ricegrass,7,5,G5,,N4,,S4,U,,?,R,X,X,R,X,U,U,U,U,R,GR,,N,,Poaceae,7,5,,,N,,,
153104,PEDICAN,,Pedicularis canadensis,Canada Lousewort,7,3,G5,,N5,,S5,U,,U,R,X,X,X,X,U,R,R,C,R,FO,Spr,N,,Scrophulariaceae,7,3,,,N,,,
153106,PEDIFLA,,Pedicularis flammea,Red-tipped Lousewort,,-5,G4G5,,N4N5,,S4,,,,,,,,,,,,,,FO,,N,,Scrophulariaceae,0,-5,,,N,,,
153108,PEDIGRO,,Pedicularis groenlandica,Elephant's-head Lousewort,,-5,G5,,N5,,S5,,,,,,,,,,,,,,FO,,N,,Scrophulariaceae,0,-5,,,N,,,
153110,PEDILAB,,Pedicularis labradorica,Labrador Lousewort,,-3,G5,,N5,,S4,,,,,,,,,,,,,,FO,,N,,Scrophulariaceae,0,-3,,,N,,,
153112,PEDILAN,,Pedicularis lanceolata,Swamp Lousewort,9,-3,G5,,N4,,S4,R,cz,R,R,X,X,R,,,,R,,H,FO,Sum,N,,Scrophulariaceae,9,-3,,,N,,,
153114,PEDILAP,,Pedicularis lapponica,Lapland Lousewort,,0,G5,,N5,,S4,,,,,,,,,,,,,,FO,,N,,Scrophulariaceae,0,0,,,N,,,
1010480,PEDIPAR,,Pedicularis parviflora,Small-flowered Lousewort,,-3,G4G5,,N5,,S5,,,,,,,,,,,,,,FO,,N,,Scrophulariaceae,0,-3,,,N,,,
1010483,PEDISUD,,Pedicularis sudetica,Sudeten Lousewort,,-3,G5,,N5,,S4,,,,,,,,,,,,,,FO,,N,,Scrophulariaceae,0,-3,,,N,,,
1010486,PEDISUI,,Pedicularis sudetica ssp. interior,Interior Sudeten Lousewort,,-3,G5T5,,N5,,S4,,,,,,,,,,,,,,FO,,N,,Scrophulariaceae,0,-3,,,N,,,
9206,PELLATR,,Pellaea atropurpurea,Purple-stemmed Cliffbrake,10,5,G5,,N3,,S3,R,,,,,,,,,,R,,,FE,,N,,Pteridaceae,10,5,,,Y,,,
9208,PELLGLA,,Pellaea glabella,Smooth Cliffbrake,10,5,G5,,N4N5,,S4,R,,,,,,,,,,R,R,R,FE,,N,,Pteridaceae,10,5,,,N,,,
9214,PELLGLG,,Pellaea glabella ssp. glabella,Smooth Cliffbrake,10,5,G5T5,,N4,,S4,R,,,,,,,,,,R,R,R,FE,,N,,Pteridaceae,10,5,,,N,,,
24008,PELTVIR,,Peltandra virginica,Green Arrow Arum,9,-5,G5,,N3,,S3,R,,,R,,,,,R,,R,R,,FO,,N,,Araceae,9,-5,,,Y,LV,VH,
153122,PENSALB,,Penstemon albidus,White Beardtongue,,,G5,,N4,,SEH,,,,,,,,,,,,,,FO,,I,,Scrophulariaceae,0,,,,N,,,
153126,PENSDIG,,Penstemon digitalis,Foxglove Beardtongue,6,0,G5,,N4N5,,S4,U,,R,R,X,X,R,X,U,R,U,C,R,FO,Sum,N,,Scrophulariaceae,6,0,,,N,,,Y
153128,PENSGRA,,Penstemon gracilis,Slender Beardtongue,10,5,G5,,N4N5,,S4,,,,,,,,,,,,,,FO,,N,,Scrophulariaceae,10,5,,,N,,,Y
153132,PENSHIR,,Penstemon hirsutus,Hairy Beardtongue,7,5,G4,,N4,,S4,U,,C,R,R,R,R,,R,U,U,C,R,FO,Sum,N,,Scrophulariaceae,7,5,,,N,,,Y
153134,PENSPAL,,Penstemon pallidus,Pale Beardtongue,,5,G5,,NNA,,SE1,,,,,,,,,,,,,,FO,,I,,Scrophulariaceae,0,5,,,N,,,
153136,PENSTUB,,Penstemon tubaeflorus,Tube Beardtongue,,0,G5,,NNA,,SEH,IH,,,,IH,IH,,,,,,,,FO,,I,,Scrophulariaceae,0,0,,,N,,,
78002,PENTSED,,Penthorum sedoides,Ditch Stonecrop,4,-5,G5,,N5,,S5,C,,C,R,X,X,X,X,U,U,C,C,R,FO,,N,,Crassulaceae,4,-5,,,N,,,
151100,PERIFRU,,Perilla frutescens,Beefsteak Plant,,5,GNR,,NNA,,SEH,IR,,,,,,,,,,,,IR,FO,,I,,Lamiaceae,0,5,,,N,,,
72002,PERISER,,Peritoma serrulata,Rocky Mountain Beeplant,,3,G5,,N4N5,,SE1,,,,,,,,,,,,,,FO,,I,,Capparaceae,0,3,,,N,,,
54008,PERSAMP,,Persicaria amphibia,Water Smartweed,5,-5,G5,,N5,,S5,C,,U,R,R,X,X,X,C,X,U,C,R,FO,,N,,Polygonaceae,5,-5,,,N,,,
1009384,PERSAME,,Persicaria amphibia var. emersa,Long-root Smartweed,5,-5,G5T5,,N5,,S5?,C,,U,R,R,X,X,X,C,X,U,C,R,FO,,N,,Polygonaceae,5,-5,,,N,,,
1009650,PERSAMS,,Persicaria amphibia var. stipulacea,Flanged Smartweed,5,-5,G5T5,,N5,,S5?,C,,U,R,R,X,X,X,C,X,U,C,R,FO,,N,,Polygonaceae,5,-5,,,N,,,
54016,PERSARI,,Persicaria arifolia,Halberd-leaved Tearthumb,8,-5,G5,,N3N4,,S3,R,,R,R,,,,,R,,U,R,,FO,Sum,N,,Polygonaceae,8,-5,,,Y,,,
54024,PERSCAR,,Persicaria careyi,Carey's Smartweed,10,-3,G4,,N4,,S4,R,,,,,,,,R,,?,,,FO,,N,,Polygonaceae,10,-3,,,N,,,
54044,PERSHYD,,Persicaria hydropiper,Marshpepper Smartweed,,-5,GNR,,NNA,,SE5,IC,,IC,IX,IX,IX,IX,IX,IC,IX,IC,IX,IC,FO,,I,,Polygonaceae,0,-5,,,N,,,
54046,PERSHYR,,Persicaria hydropiperoides,False Waterpepper,4,-5,G5,,N5,,S5,U,,R,R,X,X,X,X,U,X,R,C,R,FO,,N,,Polygonaceae,4,-5,,,N,,,
54048,PERSLAP,,Persicaria lapathifolia,Pale Smartweed,2,-3,G5,,N5,,S5,C,,C,X,X,X,C,X,C,C,C,C,C,FO,,N,,Polygonaceae,2,-3,,,N,,,
1010433,PERSLON,,Persicaria longiseta,Long-bristled Smartweed,,0,GNR,,NNA,,SE1,IR,,,,,,,,,,,,IR,FO,,I,,Polygonaceae,0,0,,,N,,,
54058,PERSMAC,,Persicaria maculosa,Spotted Lady's-thumb,,-3,G3G5,,NNA,,SE5,IC,,IC,IX,IX,IX,IC,IX,IC,IX,IC,IC,IC,FO,,I,,Polygonaceae,0,-3,,,N,,,
194333,PERSMIN,,Persicaria minor,Small Waterpepper,,-5,GNR,,NNA,,SEH,,,,,,,,,,,,,,FO,,I,,Polygonaceae,0,-5,override,Suppl. CW value matches more closely with values from US Wetland Plant List,N,,,
54052,PERSORI,,Persicaria orientalis,Oriental Smartweed,,5,GNR,,NNA,,SE3,IR,,IR,,IX,IR,IR,IX,IR,,IH,,IX,FO,,I,,Polygonaceae,0,5,,,N,,,
54054,PERSPEN,,Persicaria pensylvanica,Pennsylvania Smartweed,3,-3,G5,,N5,,S5,C,,C,X,X,X,U,,U,X,C,C,R,FO,,N,,Polygonaceae,3,-3,,,N,,,
54062,PERSPUN,,Persicaria punctata,Dotted Smartweed,4,-5,G5,,N5,,S5,C,,C,X,X,X,U,X,U,,C,C,R,FO,,N,,Polygonaceae,4,-5,,,N,,,
54134,PERSROB,,Persicaria robustior,Stout Smartweed,8,-5,G4G5,,N4,,S1S2,,,,,,,,,,,,,,FO,,N,,Polygonaceae,8,-5,,,Y,,,
54070,PERSSAG,,Persicaria sagittata,Arrow-leaved Smartweed,5,-5,G5,,N5,,S4S5,U,,R,R,R,R,R,,U,,C,C,R,FO,Sum,N,,Polygonaceae,5,-5,,,N,,,
54078,PERSVIR,,Persicaria virginiana,Virginia Smartweed,6,0,G5,,N4,,S4,C,cz,C,X,C,X,R,,C,X,C,C,R,FO,Sum,N,,Polygonaceae,6,0,,,N,,,
168630,PETAFRI,,Petasites frigidus,Arctic Sweet Coltsfoot,8,-3,G5,,NNR,,S5,R,,,,H,R,,,,R,H,R,H,FO,Spr,N,,Asteraceae,8,-3,,,N,,,
1005067,PETAFRP,,Petasites frigidus var. palmatus,Palmate Coltsfoot,8,-3,G5T5,,N5,,S5,R,,,,H,R,,,,R,H,R,H,FO,,N,,Asteraceae,8,-3,,,N,,,
168634,PETAFRS,,Petasites frigidus var. sagittatus,Arrow-leaved Coltsfoot,8,-5,G--T5,,N5,,S4?,R,,,,H,R,,,,R,H,R,H,FO,,N,,Asteraceae,8,-5,,,N,,,
168900,PETAFRX,,Petasites frigidus var. x vitifolius,(Petasites frigidus var. palmatus X Petasites frigidus var. sagittatus),8,-3,G--TNA,,NNA,,SNA,R,,,,H,R,,,,R,H,R,H,FO,,N,,Asteraceae,8,-3,,,N,,,
1257049,PETAHYB,,Petasites hybridus,Butterfly-dock,,-3,GNR,,NNA,,SE1,IR,,,,,,,,,,,,IR,FO,,I,,Asteraceae,0,-3,,,N,,,
168632,PETAJAP,,Petasites japonicus,Japanese Sweet Coltsfoot,,-5,GNR,,NNA,,SE1,IR,,,,,,,,,,IR,IR,IR,FO,Spr,I,,Asteraceae,0,-5,,,N,,,
61090,PETRSAX,,Petrorhagia saxifraga,Saxifrage Pink,,5,GNR,,NNA,,SE2,IR,,IR,IR,IR,,,,,,,,,FO,,I,,Caryophyllaceae,0,5,,,N,,,
1007443,PETRSAS,,Petrorhagia saxifraga var. saxifraga,Saxifrage Pink,,5,GNRTNR,,NNA,,SE2,IR,,IR,IR,IR,,,,,,,,,FO,,I,,Caryophyllaceae,0,5,,,N,,,
129074,PETRCRI,,Petroselinum crispum,Garden Parsley,,5,GNR,,NNA,,SE1,IR,,IU,,IX,IR,IR,,IU,,,,,FO,,I,,Apiaceae,0,5,,,N,,,
1010903,PETUINT,,Petunia integrifolia,Violet-flowered Petunia,,5,GNR,,NNA,,SE1,,,,,,,,,,,,,,FO,,I,,Solanaceae,0,5,,,N,,,
152054,PETUX A,,Petunia x atkinsiana,(Petunia axillaris X Petunia integrifolia),,5,GNA,,NNA,,SNA,hyb,,,,,,,,,,,hyb,hyb,FO,,I,,Solanaceae,0,5,,,N,,,
148008,PHACFRA,,Phacelia franklinii,Franklin's Phacelia,,5,G5,,N5,,S2,,,,,,,,,,,,,,FO,,N,,Hydrophyllaceae,,5,,,Y,LV,VH,
148010,PHACPUR,,Phacelia purshii,Pursh's Phacelia,9,5,G5,,N1,,S1,R,CZ,R,,,,,,,,,,,FO,,N,,Hydrophyllaceae,9,5,,,Y,MV,VH,
148012,PHACTAN,,Phacelia tanacetifolia,Tansy Phacelia,,5,G5?,,NNA,,SEH,,,,,,,,,,,,,,FO,,I,,Hydrophyllaceae,0,5,,,N,,,
1010990,PHALARA,,Phalaris arundinacea var. arundinacea,Reed Canarygrass,0,-3,G5TNR,,NNR,,S5,C,,C,X,X,X,C,X,C,C,C,C,C,GR,,N,,Poaceae,0,-3,,,N,,,
1010987,PHALARP,,Phalaris arundinacea var. picta,Ornamental Canarygrass,,-3,G5TNR,,NNA,,SE2,,,,,,,,,,,,,,GR,,I,,Poaceae,0,-3,,,N,,,
22486,PHALCAN,,Phalaris canariensis,Annual Canarygrass,,3,GNR,,NNA,,SE2,IR,,IR,,IH,IX,IH,,,,IR,IR,IR,GR,,I,,Poaceae,0,3,,,N,,,
83206,PHASCOC,,Phaseolus coccineus,Scarlet Runner,,5,GNR,,NNA,,SE1,,,,,,,,,,,,,,VI,,I,,Fabaceae,0,5,,,N,,,
78006,PHEDAIZ,,Phedimus aizoon,Aizoon Stonecrop,,5,GNR,,NNA,,SE1,,,,,,,,,,,,,,FO,,I,,Crassulaceae,0,5,,,N,,,
78012,PHEDHYB,,Phedimus hybridus,Hybrid Stonecrop,,5,GNR,,NNA,,SE1,,,,,,,,,,,,,,FO,,I,,Crassulaceae,0,5,,All other CW values within this Genus are identical,N,,,
78022,PHEDSPU,,Phedimus spurius,Two-row Stonecrop,,5,GNR,,NNA,,SE1,IR,,,,,IR,,,,,,,IR,FO,,I,,Crassulaceae,0,5,,,N,,,
9400,PHEGCON,,Phegopteris connectilis,Northern Beech Fern,8,3,G5,,N5,,S5,R,,,,,R,R,X,?,X,H,R,R,FE,,N,,Thelypteridaceae,8,3,,,N,,,
9402,PHEGHEX,,Phegopteris hexagonoptera,Broad Beech Fern,9,3,G5,SC,N3,SC,S3,R,cz,R,R,R,R,U,,C,R,R,R,H,FE,,N,,Thelypteridaceae,9,3,,,Y,,,
1008290,PHELAMU,,Phellodendron amurense,Amur Corktree,,5,GNR,,NNA,,SE1,IR,,,,,,,,,,IR,,IR,TR,,I,,Rutaceae,0,5,,,N,,,
79304,PHILCOR,,Philadelphus coronarius,European Mock-orange,,5,GNR,,NNA,,SE1,IR,,,,,IR,,,IR,IX,IR,IR,IR,SH,,I,,Hydrangeaceae,0,5,,,N,,,
79306,PHILINO,,Philadelphus inodorus,Scentless Mock-orange,,5,G4G5,,NNA,,SE1,IR,,,,,,,,,,,IR,,SH,,I,,Hydrangeaceae,0,5,,,N,,,
79308,PHILPUB,,Philadelphus pubescens,Hairy Mock-orange,,5,G5?,,NNA,,SE1,IR,,,,,,,,,,,IR,,SH,,I,,Hydrangeaceae,0,5,,,N,,,
22488,PHLEALP,,Phleum alpinum,Alpine Timothy,,-3,G5,,N5,,S1S2,,,,,,,,,,,,,,GR,,N,,Poaceae,,-3,,,Y,,,
22490,PHLEPRA,,Phleum pratense,Common Timothy,,3,GNR,,NNA,,SE5,IC,,IC,IX,IX,IC,IC,IX,IC,IX,IC,IC,IC,GR,,I,,Poaceae,0,3,,,N,,,
1005076,PHLEPRP,,Phleum pratense ssp. pratense,Common Timothy,,3,GNRTNR,,NNA,,SE5,IC,,IC,IX,IX,IC,IC,IX,IC,IX,IC,IC,IC,GR,,I,,Poaceae,0,3,,,N,,,
147002,PHLODIV,,Phlox divaricata,Wild Blue Phlox,7,3,G5,,N4,,S4,C,,C,X,R,X,X,X,C,X,U,C,R,FO,Spr,N,,Polemoniaceae,7,3,,,N,,,
147018,PHLODRU,,Phlox drummondii,Drummond's Phlox,,5,G5,,NNA,,SEH,,,,,,,,,,,,,,FO,,I,,Polemoniaceae,0,5,,,N,,,
147020,PHLOMAC,,Phlox maculata,Spotted Phlox,,-3,G5,,NNA,,SE1,,,,,,,,,,,,,,FO,,I,,Polemoniaceae,0,-3,,,N,,,
147004,PHLOPAN,,Phlox paniculata,Garden Phlox,,3,G5,,NNA,,SE3,IR,,IR,IX,IR,IR,IR,IX,IR,IX,IR,IR,IR,FO,,I,,Polemoniaceae,0,3,,,N,,,
147006,PHLOPIL,,Phlox pilosa,Downy Phlox,9,3,G5,,NX,,SX,H,CZ,H,,,,,,,?,,,,FO,,N,,Polemoniaceae,9,3,,,Y,,,
1298290,PHLOPIF,,Phlox pilosa ssp. fulgida,Downy Phlox,9,3,G5TNR,,NNA,,SX,H,CZ,H,,,,,,,?,,,,FO,,N,,Polemoniaceae,9,3,,,Y,,,
147010,PHLOSUB,,Phlox subulata,Moss Phlox,8,5,G5,,N1?,,S1?,R,CZ,,,,H,H,,R,R,,IR,IR,FO,,N,,Polemoniaceae,8,5,,,Y,,,Y
1004456,PHRAAUA,,Phragmites australis ssp. americanus,American Reed,5,-3,G5T5,,N5,,S4?,X,,X,X,X,X,X,X,X,,X,X,R,GR,Sum,N,,Poaceae,5,-3,,,N,,,
150000,PHRYLEP,,Phryma leptostachya,Lopseed,6,3,G5,,N4N5,,S4S5,C,,C,X,X,X,X,,C,C,C,C,R,FO,Sum,N,,Verbenaceae,6,3,,,N,,,
1010680,PHRYLEL,,Phryma leptostachya var. leptostachya,Lopseed,6,3,G5T5,,N4N5,,S4S5,C,,C,X,X,X,X,,C,C,C,C,R,FO,Sum,N,,Verbenaceae,6,3,,,N,,,
150002,PHYLLAN,,Phyla lanceolata,Lance-leaved Fogfruit,8,-5,G5,,N2?,,S2?,R,CZ,R,R,R,,,,,,,,,FO,,N,,Verbenaceae,8,-5,,,Y,,,
133034,PHYLCAE,,Phyllodoce caerulea,Purple Mountain Heather,,3,G5,,N5,,S1,,,,,,,,,,,,,,SH,,N,,Ericaceae,,3,,,Y,,,
1256884,PHYSGRI,,Physalis grisea,Grey Ground-cherry,,5,G5?,,NNA,,SE1,IR,,IR,,,,,,,IR,IH,,,FO,,I,,Solanaceae,0,5,,,N,,,
152022,PHYSHET,,Physalis heterophylla,Clammy Ground-cherry,3,5,G5,,N4,,S4,C,,C,X,X,X,X,X,C,C,R,C,R,FO,Sum,N,,Solanaceae,3,5,,,N,,,
152026,PHYSIXO,,Physalis ixocarpa,Mexican Ground-cherry,,5,GNR,,NNA,,SE1,,,,,,,,,,,,,,FO,,I,,Solanaceae,0,5,,,N,,,
152058,PHYSLON,,Physalis longifolia,Long-leaved Ground-cherry,1,5,G5,,N4,,S4,R,cz,X,R,R,X,R,,R,,H,R,R,FO,Sum,N,,Solanaceae,1,5,,,N,,,
152032,PHYSLOS,,Physalis longifolia var. subglabrata,Smooth Ground-cherry,1,5,G5T4T5,,N4,,S4,R,cz,X,R,R,X,R,,R,,H,R,R,FO,,N,,Solanaceae,1,5,,,N,,,
152034,PHYSVIR,,Physalis virginiana,Virginia Ground-cherry,8,5,G5,,N4N5,,SU,R,cz,R,R,R,,,,R,,R,,R,FO,,N,,Solanaceae,8,5,,,N,,,
17247,PHYSINT,,Physocarpus intermedius,Prairie Ninebark,,-3,G3G5,,NU,,SU,H,,,,H,,,,,,,,,SH,,N,,Rosaceae,,-3,,,N,,,
82200,PHYSOPU,,Physocarpus opulifolius,Eastern Ninebark,5,-3,G5,,N5,,S5,U,,R,R,X,X,X,X,U,C,U,C,R,SH,,N,,Rosaceae,5,-3,,,N,,,
151102,PHYSVIG,,Physostegia virginiana,Virginia False Dragonhead,8,-3,G5,,N4N5,,S4,R,,R,,R,R,R,,R,,R,R,R,FO,,N,,Lamiaceae,8,-3,,,N,,,
151104,PHYSVIV,,Physostegia virginiana ssp. virginiana,Virginia False Dragonhead,8,-3,G5T5,,N4N5,,S4,R,,R,,R,R,R,,R,,R,R,R,FO,,N,,Lamiaceae,8,-3,,,N,,,
58000,PHYTAME,,Phytolacca americana,Common Pokeweed,3,3,G5,,N4,,S4,C,cz,C,X,R,X,U,X,C,C,C,U,H,FO,Sum,N,,Phytolaccaceae,3,3,,,N,,,
1004601,PHYTAMA,,Phytolacca americana var. americana,Common Pokeweed,3,3,G5T5,,N4,,S4,C,cz,C,X,R,X,U,X,C,C,C,U,H,FO,Sum,N,,Phytolaccaceae,3,3,,,N,,,
13006,PICEABI,,Picea abies,Norway Spruce,,5,G5,,NNA,,SE3,IX,,,IX,,IX,,IX,IR,IX,IC,IR,IX,TR,,I,,Pinaceae,0,5,,,N,,,
13008,PICEGLA,,Picea glauca,White Spruce,6,3,G5,,N5,,S5,U,,,,IR,IR,,X,R,X,IU,C,U,TR,,N,,Pinaceae,6,3,,,N,LV,VH,
13010,PICEMAR,,Picea mariana,Black Spruce,8,-3,G5,,N5,,S5,R,,,,R,R,,X,R,R,H,R,R,TR,,N,,Pinaceae,8,-3,,,N,,,
13012,PICEPUN,,Picea pungens,Blue Spruce,,3,G5,,NNA,,SE1,IR,,,,,IX,,,,,,IR,,TR,,I,,Pinaceae,0,3,,,N,,,
13014,PICERUB,,Picea rubens,Red Spruce,7,3,G5,,N5,,S3,,,,,,,,,,,,,,TR,,N,,Pinaceae,7,3,,,Y,MV,Mod,
168638,PICRHIE,,Picris hieracioides,Hawkweed Oxtongue,,5,G5,,NNA,,SE5,IX,,IR,,IX,IX,IX,,IR,,IU,IR,IR,FO,,I,,Asteraceae,0,5,,,N,,,
50006,PILEFON,,Pilea fontana,Lesser Clearweed,5,-3,G5,,N4N5,,S4,U,,R,R,R,R,R,X,U,C,U,C,R,FO,,N,,Urticaceae,5,-3,,,N,,,
50008,PILEPUM,,Pilea pumila,Dwarf Clearweed,5,-3,G5,,N5,,S5,C,,C,X,X,X,U,X,C,U,C,C,U,FO,Sum-Aut,N,,Urticaceae,5,-3,,,N,,,
168506,PILOAUR,,Pilosella aurantiaca,Orange Hawkweed,,5,GNR,,NNA,,SE5,IX,,IR,IX,IX,IX,IX,IX,IX,IX,IU,IX,IU,FO,,I,,Asteraceae,0,5,,,N,,,
168003,PILOCAE,,Pilosella caespitosa,Meadow Hawkweed,,5,GNR,,NNA,,SE5,IX,,IU,IX,IX,IX,IX,,IX,IX,IC,IX,IC,FO,,I,,Asteraceae,0,5,,,N,,,
168540,PILOFLA,,Pilosella flagellaris,Whiplash Hawkweed,,5,GNA,,NNA,,SE1,,,,,,,,,,,,,,FO,,I,,Asteraceae,0,5,,,N,,,
168522,PILOOFF,,Pilosella officinarum,Mouse-ear Hawkweed,,5,GNR,,NNA,,SE5,IU,,,,IX,IR,IR,IX,IU,IX,IR,IX,IR,FO,,I,,Asteraceae,0,5,,,N,,,
168524,PILOPIL,,Pilosella piloselloides,Tall Hawkweed,,5,GNR,,NNA,,SE5,,,,,,,,,,,,,,FO,,I,,Asteraceae,0,5,,,N,,,
1010499,PILOPIP,,Pilosella piloselloides ssp. piloselloides,Tall Hawkweed,,5,GNRTNR,,NNA,,SE5,IU,,IR,IX,IX,IR,IR,,IC,IX,IU,IX,IU,FO,,I,,Asteraceae,0,5,,,N,,,
168526,PILOPIR,,Pilosella piloselloides ssp. praealta,King Devil Hawkweed,,5,G--TNR,,NNA,,SE1,IR,,,,,,,,,,,IR,IR,FO,,I,,Asteraceae,0,5,,,N,,,
1298286,PILOX A,,Pilosella x atramentaria,(Pilosella aurantiaca X Pilosella piloselloides),,,GNA,,NNA,,SNA,,,,,,,,,,,,,,FO,,N,,Asteraceae,,,,,N,,,
168542,PILOX F,,Pilosella x floribunda,(Pilosella caespitosa X Pilosella lactucella),,0,GNA,,NNA,,SNA,hyb,,hyb,,hyb,hyb,,hyb,,hyb,,hyb,hyb,FO,,I,,Asteraceae,0,0,,,N,,,
129076,PIMPSAX,,Pimpinella saxifraga,Burnet-saxifrage,,5,GNR,,NNA,,SE1,,,,,,,,,,,,,,FO,,I,,Apiaceae,0,5,,,N,,,
1010331,PIMPSAS,,Pimpinella saxifraga ssp. saxifraga,Solid-stem Burnet-saxifrage,,5,GNRTNR,,NNA,,SE1,,,,,,,,,,,,,,FO,,I,,Apiaceae,0,5,,,N,,,
1010683,PINETER,,Pinellia ternata,Crowdipper,,,GNR,,NNA,,SEH,,,,,,,,,,,,,,FO,,I,,Araceae,0,,,,N,,,
157000,PINGVIL,,Pinguicula villosa,Hairy Butterwort,10,-5,G5,,N5,,S3,,,,,,,,,,,,,,FO,,N,,Lentibulariaceae,10,-5,,,Y,,,
157002,PINGVUL,,Pinguicula vulgaris,Common Butterwort,10,-5,G5,,N5,,S5,,,,,,,,,,,,,,FO,Sum,N,,Lentibulariaceae,10,-5,,,N,,,
1010686,PINGVUV,,Pinguicula vulgaris ssp. vulgaris,Common Butterwort,10,-5,G--T5,,N5,,S5,,,,,,,,,,,,,,FO,Sum,N,,Lentibulariaceae,10,-5,,,N,,,
13016,PINUBAN,,Pinus banksiana,Jack Pine,5,3,G5,,N5,,S5,IR,,,,IR,IR,,IR,IR,,IR,IR,IX,TR,,N,,Pinaceae,5,3,,,N,,,
13034,PINUMUG,,Pinus mugo,Mugo Pine,,5,GNR,,NNA,,SE3,,,,,,,,,,,,,,TR,,I,,Pinaceae,0,5,,,N,,,
13018,PINUNIG,,Pinus nigra,Austrian Pine,,5,GNR,,NNA,,SE3,IR,,,,,,,,,,IR,IR,,TR,,I,,Pinaceae,0,5,,,N,,,
13020,PINURES,,Pinus resinosa,Red Pine,8,3,G5,,N5,,S5,R,,IR,IR,R,IR,,IR,IR,IR,IR,R,R,TR,,N,,Pinaceae,8,3,,,N,,,
13022,PINURIG,,Pinus rigida,Pitch Pine,10,3,G5,,N2N3,,S2?,,,,,,,,,,,,,,TR,,N,,Pinaceae,10,3,override,Suppl. CW value matches more closely with values from US Wetland Plant List and Michigan Flora,Y,LV,VH,
13024,PINUSTR,,Pinus strobus,Eastern White Pine,4,3,G5,,N5,,S5,C,,R,R,X,X,U,X,C,C,C,C,C,TR,,N,,Pinaceae,4,3,,,N,LV,VH,
1011057,PINUSYS,,Pinus sylvestris var. sylvestris,Scots Pine,,3,GNRTNR,,NNA,,SE5,IX,,IR,IX,IX,IR,IR,IX,IC,IX,IC,IX,IC,TR,,I,,Pinaceae,0,3,,,N,,,
13030,PINUVIR,,Pinus virginiana,Virginia Pine,,3,G5,,NNA,,SE1,,,,,,,,,,,,,,TR,,I,,Pinaceae,0,3,,,N,,,
22448,PIPTCAN,,Piptatheropsis canadensis,Canada Ricegrass,9,5,G4G5,,N4N5,,S4,,,,,,,,,,,,,,GR,,N,,Poaceae,9,5,,,N,,,
22450,PIPTPUN,,Piptatheropsis pungens,Slender Ricegrass,8,5,G5,,N5,,S5,R,,,,R,R,,,R,,,R,H,GR,,N,,Poaceae,8,5,,,N,,,
22610,PIPTAVE,,Piptochaetium avenaceum,Black-seed Speargrass,10,3,G5,,NX,,SX,H,CZ,,,H,,,,,,,,,GR,,N,,Poaceae,10,3,,,Y,,,Y
83208,PISUSAT,,Pisum sativum,Garden Pea,,5,GNR,,NNA,,SE1,IH,,,,,,,,IH,,,,IH,VI,,I,,Fabaceae,0,5,,,N,,,
1010689,PISUSAS,,Pisum sativum var. sativum,Garden Pea,,5,GNRTNR,,NNA,,SE1,IH,,,,,,,,IH,,,,IH,VI,,I,,Fabaceae,0,5,,,N,,,
168642,PITYFAL,,Pityopsis falcata,Sickle-leaved Goldenaster,,,G3G4,,NNA,,SEH,IH,,,,,,,,,,,,IH,FO,,I,,Asteraceae,0,,,,N,,,
149082,PLAGSCO,,Plagiobothrys scouleri,Scouler's Popcornflower,,,G5,,N5,,SE1,,,,,,,,,,,,,,FO,,I,,Boraginaceae,0,,,,N,,,
1010692,PLAGSCH,,Plagiobothrys scouleri var. hispidulus,Harsh Popcornflower,,,G5T5,,N5,,SE1,,,,,,,,,,,,,,FO,,I,,Boraginaceae,0,,,,N,,,
160002,PLANARE,,Plantago arenaria,Sand Plaintain,,3,GNR,,NNA,,SE4,IR,,IR,,IX,,IR,IX,IR,,IR,IR,IR,FO,,I,,Plantaginaceae,0,3,override,Suppl. CW value matches more closely with values from US Wetland Plant List and Michigan Flora,N,,,
160004,PLANARI,,Plantago aristata,Large-bracted Plantain,,5,G5,,NNA,,SE1,IH,,,IH,IH,,,,,,,,,FO,,I,,Plantaginaceae,0,5,,,N,,,
160006,PLANCOR,,Plantago cordata,Heart-leaved Plantain,9,-5,G4,END,N1,END,S1,R,CZ,H,,R,R,,,,,,,,FO,,N,,Plantaginaceae,9,-5,,,Y,MV,Mod,
160008,PLANLAN,,Plantago lanceolata,English Plantain,,3,G5,,NNA,,SE5,IC,,IC,IX,IX,IC,IC,IX,IC,IX,IC,IC,IC,FO,,I,,Plantaginaceae,0,3,,,N,,,
160010,PLANMAJ,,Plantago major,Common Plantain,,3,G5,,NNA,,SE5,IC,,IU,IX,IX,IC,IC,IX,IC,IX,IC,IC,IC,FO,,I,,Plantaginaceae,0,3,,,N,,,
160012,PLANMAR,,Plantago maritima,Seaside Plantain,,-3,G5,,N5,,S4,,,,,,,,,,,,,,FO,,N,,Plantaginaceae,0,-3,override,Suppl. CW value matches more closely with values from US Wetland Plant List,N,,,
160016,PLANMED,,Plantago media,Hoary Plantain,,5,G5,,NNA,,SE3,IR,,,,,IR,IR,,,,,,IX,FO,,I,,Plantaginaceae,0,5,,,N,,,
160020,PLANRUG,,Plantago rugelii,Rugel's Plantain,1,0,G5,,N5,,S5,C,,C,X,X,C,C,X,C,C,C,C,C,FO,,N,,Plantaginaceae,1,0,,,N,,,
160022,PLANVIR,,Plantago virginica,Virginia Plantain,,3,G5,,NNA,,SE1,IR,,IR,IR,IH,,,,,,,,,FO,,I,,Plantaginaceae,0,3,,,N,,,
39102,PLATAQU,,Platanthera aquilonis,Tall Northern Green Orchid,5,-3,G5,,N5,,S5,R,,R,R,R,R,R,X,R,R,H,R,R,FO,,N,,Orchidaceae,5,-3,,,N,,,
39082,PLATBLE,,Platanthera blephariglottis,White Fringed Orchid,10,-5,G5,,N4N5,,S4?,H,,,,H,H,,,H,,H,,,FO,Sum,N,,Orchidaceae,10,-5,,,N,,,
1010264,PLATBLB,,Platanthera blephariglottis var. blephariglottis,White Fringed Orchid,10,-5,G5T4T5,,N4N5,,S4?,H,,,,H,H,,,H,,H,,,FO,Sum,N,,Orchidaceae,10,-5,,,N,,,
39086,PLATCIL,,Platanthera ciliaris,Yellow Fringed Orchid,10,-3,G5,,NX,,SX,H,CZ,H,,,,,,,,,,,FO,,N,,Orchidaceae,10,-3,,,Y,,,
39088,PLATCLA,,Platanthera clavellata,Club-spur Orchid,8,-3,G5,,N5,,S4,R,,H,R,R,R,,X,,,,R,,FO,Sum,N,,Orchidaceae,8,-3,,,N,,,
39090,PLATDIL,,Platanthera dilatata,Tall White Bog Orchid,10,-3,G5,,N5,,S5,R,,,,R,R,,,H,,,R,H,FO,Sum,N,,Orchidaceae,10,-3,,,N,,,
39174,PLATDID,,Platanthera dilatata var. dilatata,Tall White Bog Orchid,10,-3,G5T5,,N5,,S5,R,,,,R,R,,,H,,,R,H,FO,Sum,N,,Orchidaceae,10,-3,,,N,,,
39092,PLATFLA,,Platanthera flava,Tubercled Orchid,8,-3,G4?,,N3,,S3,R,,R,R,R,R,R,,R,R,H,,,FO,,N,,Orchidaceae,8,-3,,,Y,,,
39096,PLATFLH,,Platanthera flava var. herbiola,Northern Tubercled Orchid,10,-3,G4?T4Q,,N3,,S3,R,,R,R,R,R,R,,R,R,H,,,FO,,N,,Orchidaceae,10,-3,,,Y,,,
39098,PLATGRA,,Platanthera grandiflora,Large Purple Fringed Orchid,10,-3,G5,,N3N4,,S1,,,,,,,,,,,,,,FO,,N,,Orchidaceae,10,-3,,,Y,MV,Low,
39100,PLATHOO,,Platanthera hookeri,Hooker's Orchid,8,0,G4,,N4,,S3,R,,H,R,R,R,,,H,,H,,H,FO,Sum,N,,Orchidaceae,8,0,,,Y,,,
39180,PLATHUR,,Platanthera huronensis,Lake Huron Green Orchid,5,-3,G5?,,N5,,SU,,,,,,,,,,,,,,FO,,N,,Orchidaceae,5,-3,,,N,,,
1008519,PLATHYP,,Platanthera hyperborea,Leafy Northern Green Orchid,,-3,G5,,NNR,,S4S5,,,,,,,,,,,,,,FO,Sum,N,,Orchidaceae,5,-3,,,N,,,
39104,PLATLAC,,Platanthera lacera,Ragged Fringed Orchid,6,-3,G5,,N5,,S4,U,,U,R,R,X,R,X,U,R,H,U,R,FO,Sum,N,,Orchidaceae,6,-3,,,N,,,
39106,PLATLEU,,Platanthera leucophaea,Eastern Prairie Fringed Orchid,10,-3,G2G3,END,N2,END,S2,R,cz,R,R,R,R,,H,,,,,,FO,Sum,N,,Orchidaceae,10,-3,,,Y,HV,Low,Y
39112,PLATMAC,,Platanthera macrophylla,Greater Round-leaved Orchid,10,0,G4,,N2N3,,S2,H,,,H,,,,,,,,,,FO,Sum,N,,Orchidaceae,10,0,,,Y,,,
39108,PLATOBT,,Platanthera obtusata,Blunt-leaved Orchid,9,-3,G5,,N5,,S5,,,,,,,,,,,,,,FO,Sum,N,,Orchidaceae,9,-3,,,N,,,
1010267,PLATOBO,,Platanthera obtusata ssp. obtusata,Blunt-leaved Orchid,9,-3,G5T5,,N5,,S5,,,,,,,,,,,,,,FO,Sum,N,,Orchidaceae,9,-3,,,N,,,
39114,PLATORB,,Platanthera orbiculata,Lesser Round-leaved Orchid,9,0,GNR,,N4N5,,S4,R,,R,R,R,R,R,,,,H,,H,FO,Sum,N,,Orchidaceae,9,0,,,N,,,
39116,PLATPSY,,Platanthera psycodes,Small Purple Fringed Orchid,8,-3,G5,,N5,,S4?,R,,,R,H,R,R,X,U,R,H,R,,FO,Sum,N,,Orchidaceae,8,-3,,,N,,,
39080,PLATUNA,,Platanthera unalascensis,Alaska Rein Orchid,9,5,G5,,N5,,S4,,,,,,,,,,,,,,FO,Sum,N,,Orchidaceae,9,5,,,N,,,
39178,PLATX A,,Platanthera x andrewsii,(Platanthera lacera X Platanthera psycodes),,-5,GNA,,NNA,,SNA,,,,,,,,,,,,,,FO,,N,,Orchidaceae,0,-5,,,N,,,
201123,PLATX H,,Platanthera x hollandiae,(Platanthera lacera X Platanthera leucophaea),,,GNA,,NNA,,SNA,,,,,,,,,,,,,,FO,,N,,Orchidaceae,0,,,,N,,,
201122,PLATX R,,Platanthera x reznicekii,(Platanthera leucophaea X Platanthera psycodes),,,GNA,,NNA,,SNA,,,,,,,,,,,,,,FO,,N,,Orchidaceae,0,,,,N,,,
81002,PLATOCC,,Platanus occidentalis,Sycamore,8,-3,G5,,N4,,S4,C,cz,C,X,X,C,C,X,U,U,U,R,R,TR,,N,,Platanaceae,8,-3,,,N,,,
1004604,PLUCODS,,Pluchea odorata var. succulenta,Saltmarsh Fleabane,,-5,G5T3T5,,NNA,,SE1,IR,,IR,,,,,,,,,,,FO,,I,,Asteraceae,0,-5,,,N,,,
22494,POA_ALP,,Poa alpina,Alpine Bluegrass,10,3,G5,,N5,,S4,,,,,,,,,,,,,,GR,,N,,Poaceae,10,3,,,P,,,
22496,POA_ALA,,Poa alpina ssp. alpina,Alpine Bluegrass,10,3,G5T5,,N5,,S4,,,,,,,,,,,,,,GR,,N,,Poaceae,10,3,,,P,,,
22498,POA_ALS,,Poa alsodes,Grove Bluegrass,7,0,G4G5,,N4N5,,S4,C,,,R,R,X,C,X,C,X,R,U,R,GR,,N,,Poaceae,7,0,,,N,,,
22500,POA_ANN,,Poa annua,Annual Bluegrass,,3,GNR,,NNA,,SE5,IC,,IC,IX,IX,IC,IC,IX,IC,IX,IC,IX,IX,GR,,I,,Poaceae,0,3,,,N,,,
22786,POA_ARC,,Poa arctica,Arctic Bluegrass,,0,G5,,N5,,S4,,,,,,,,,,,,,,GR,,N,,Poaceae,0,0,,,N,,,
22788,POA_ARA,,Poa arctica ssp. arctica,Arctic Bluegrass,,0,G5T5,,N5,,S4,,,,,,,,,,,,,,GR,,N,,Poaceae,0,0,,,N,,,
22790,POA_ARE,,Poa arctica ssp. caespitans,High Arctic Bluegrass,,0,G--T5,,NNR,,SU,,,,,,,,,,,,,,GR,,N,,Poaceae,,0,,,N,,,
22502,POA_ARI,,Poa arida,Prairie Bluegrass,,0,G5,,N4N5,,SE4,IR,,IR,IR,,IR,IR,IX,,,,,IH,GR,,I,,Poaceae,0,0,,,N,,,
22504,POA_BUL,,Poa bulbosa,Bulbous Bluegrass,,3,GNR,,NNA,,SE4,,,,,,,,,,,,,,GR,,I,,Poaceae,0,3,,,N,,,
1010217,POA_BUB,,Poa bulbosa ssp. bulbosa,Bulbous Bluegrass,,3,GNRTNR,,NNA,,SE1,IR,,,IR,,,,,,,IR,,,GR,,I,,Poaceae,0,3,,,N,,,
1010220,POA_BUV,,Poa bulbosa ssp. vivipara,Viviparous Bulbous Bluegrass,,3,GNRTNR,,NNA,,SE4,IR,,IR,IR,IR,IR,IR,IR,IR,IR,IR,IR,IX,GR,,I,,Poaceae,0,3,,,N,,,
22506,POA_COM,,Poa compressa,Canada Bluegrass,,3,GNR,,NNA,,SE5,IC,,C,IX,IX,IX,IC,IX,IC,IX,IC,IX,IC,GR,,I,,Poaceae,0,3,,,N,,,
22510,POA_GLA,,Poa glauca,Glaucous Bluegrass,10,5,G5,,N5,,S4,,,,,,,,,,,,,,GR,,N,,Poaceae,10,5,,,N,,,
22512,POA_GLG,,Poa glauca ssp. glauca,Glaucous Bluegrass,10,5,G5T5,,N5,,S4,,,,,,,,,,,,,,GR,,N,,Poaceae,10,5,,,N,,,
1264555,POA_ICO,,Poa iconia,Bluegrass,,3,GNR,,NNA,,SE2,,,,,,,,,,,,,,GR,,I,,Poaceae,0,3,,,N,,,
1264558,POA_ICI,,Poa iconia var. iconia,Bluegrass,,3,GNRTNR,,NNA,,SE2,,,,,,,,,,,,,,GR,,I,,Poaceae,0,3,,,N,,,
22516,POA_INT,,Poa interior,Inland Bluegrass,10,0,G5,,N5,,S4?,R,,,,,,,,,,,R,,GR,,N,,Poaceae,10,0,,,N,,,
22520,POA_NEM,,Poa nemoralis,Eurasian Woodland Bluegrass,,3,GU,,NNA,,SE4,IX,,IR,,,IR,,,IH,IX,IC,IX,IC,GR,,I,,Poaceae,0,3,,,N,,,
22522,POA_PAL,,Poa palustris,Fowl Bluegrass,5,-3,G5,,N5,,S5,C,,R,X,X,X,C,X,C,C,C,C,C,GR,,N,,Poaceae,5,-3,,,N,,,
22524,POA_PRA,,Poa pratensis,Kentucky Bluegrass,0,3,G5,,N5,,S5,,,,,,,,,,,,,,GR,,N,,Poaceae,0,3,,,P,,,
1010223,POA_PRG,,Poa pratensis ssp. agassizensis,Agassiz's Bluegrass,,3,G5TNR,,NNR,,SU,R,,R,,,,,,,,,,,GR,,N,,Poaceae,,3,,,N,,,
22526,POA_PRL,,Poa pratensis ssp. alpigena,Alpine Meadow Bluegrass,,3,G5T5,,N5,,S4S5,,,,,,,,,,,,,,GR,,N,,Poaceae,0,3,,,P,,,
22796,POA_PRN,,Poa pratensis ssp. angustifolia,Narrow-leaved Kentucky Bluegrass,,3,G5TNRQ,,NNA,,SE2?,IR,,,,,IR,IR,IR,,,,,,GR,,I,,Poaceae,0,3,,,N,,,
1004607,POA_PRI,,Poa pratensis ssp. irrigata,Spreading Bluegrass,,3,G5TU,,NNR,,SU,IR,,,,,,,,,,IR,,,GR,,N,,Poaceae,,3,,,N,,,
1010822,POA_SAL,,Poa saltuensis,Open Woodland Bluegrass,5,5,G5,,N5,,S4,,,,,,,,,,,,,,GR,,N,,Poaceae,5,5,,,P,,,
22518,POA_SAA,,Poa saltuensis ssp. languida,Weak Bluegrass,8,5,G5T4Q,,N3,,S3,R,cz,,R,R,R,R,,U,,H,R,R,GR,,N,,Poaceae,8,5,,,Y,,,
1010823,POA_SAS,,Poa saltuensis ssp. saltuensis,Open Woodland Bluegrass,5,5,G5T5,,N4N5,,S4,R,,,,,,,,,,?,R,R,GR,,N,,Poaceae,5,5,,,N,,,
22530,POA_SEC,,Poa secunda,Sandberg's Bluegrass,10,3,G5,,N5,,S1,,,,,,,,,,,,,,GR,,N,,Poaceae,10,3,override,Suppl. CW value matches more closely with values from US Wetland Plant List and Michigan Flora,Y,,,
1005088,POA_SES,,Poa secunda ssp. secunda,Sandberg's Bluegrass,10,5,G5T5,,N5,,S1,,,,,,,,,,,,,,GR,,N,,Poaceae,10,5,,,Y,,,
22532,POA_SYL,,Poa sylvestris,Woodland Bluegrass,10,0,G5,,N1?,,S1?,R,CZ,R,R,,R,,,,,,,,GR,,N,,Poaceae,10,0,,,Y,,,
22534,POA_TRI,,Poa trivialis,Rough Bluegrass,,-3,GNR,,NNA,,SE3,IR,,IR,IX,IR,IX,IR,IX,IR,IX,IU,IX,IX,GR,,I,,Poaceae,0,-3,,,N,,,
65014,PODOPEL,,Podophyllum peltatum,May-apple,5,3,G5,,N5,,S5,C,,C,X,C,X,C,X,C,C,C,C,C,FO,Spr,N,,Berberidaceae,5,3,,,N,,,
77000,PODOCER,,Podostemum ceratophyllum,Horn-leaved Riverweed,10,-5,G5,,N3,,S2,,,,,,,,,,,,,,FO,,N,,Podostemaceae,10,-5,,,Y,LV,Low,
39120,POGOOPH,,Pogonia ophioglossoides,Rose Pogonia,10,-5,G5,,N5,,S4S5,R,,H,,R,R,R,X,R,,H,,H,FO,Sum,N,,Orchidaceae,10,-5,,,N,,,
72004,POLADOD,,Polanisia dodecandra,Common Clammyweed,3,5,G5,,N4,,S4,,,,,,,,,,,,,,FO,Sum,N,,Capparaceae,3,5,,,N,,,
1004610,POLADOO,,Polanisia dodecandra ssp. dodecandra,Common Clammyweed,3,5,G5T5?,,N4,,S4,U,cz,U,R,H,,R,X,U,X,U,R,H,FO,Sum,N,,Capparaceae,3,5,,,N,,,
1004613,POLADOT,,Polanisia dodecandra ssp. trachysperma,Western Clammyweed,,5,G5T5?,,N2N3,,SE1,,,,,,,,,,,,,,FO,,I,,Capparaceae,0,5,,,N,,,
147022,POLEREP,,Polemonium reptans,Creeping Jacob's-ladder,,0,G5,,NNA,,SEH,IH,,,,,IH,,,,,IH,,,FO,,I,,Polemoniaceae,0,0,,,N,,,
1010695,POLERER,,Polemonium reptans var. reptans,Creeping Jacob's-ladder,,0,G5T5,,NNA,,SEH,IH,,,,,IH,,,,,IH,,,FO,,I,,Polemoniaceae,0,0,,,N,,,
55074,POLYMAJ,,Polycnemum majus,Giant Needleleaf,,3,GNR,,NNA,,SE1,,,,,,,,,,,,,,FO,,I,,Chenopodiaceae,0,3,,,N,,,
1257447,POLYAQU,,Polygala aquilonia,Northern Milkwort,9,-3,G4,,NX,,SX,H,CZ,H,,,,,,,,,,,FO,,N,,Polygalaceae,9,-3,,,Y,,,
91004,POLYINC,,Polygala incarnata,Pink Milkwort,10,3,G5,END,N1,END,S1,R,CZ,R,,R,,,,,,H,,,FO,,N,,Polygalaceae,10,3,,,Y,MV,VH,Y
91008,POLYPOL,,Polygala polygama,Racemed Milkwort,9,3,G5,,N4,,S4,R,cz,H,R,R,R,R,,U,R,,,H,FO,,N,,Polygalaceae,9,3,,,N,,,Y
91010,POLYSAN,,Polygala sanguinea,Blood Milkwort,9,3,G5,,N3N4,,S3,R,cz,R,R,R,,R,,R,,R,,H,FO,Sum,N,,Polygalaceae,9,3,,,Y,,,Y
91012,POLYSEN,,Polygala senega,Seneca Snakeroot,7,3,G4G5,,N5,,S4,R,,R,R,R,R,R,,R,R,R,U,R,FO,Sum,N,,Polygalaceae,7,3,,,N,,,Y
91014,POLYVER,,Polygala verticillata,Whorled Milkwort,7,5,G5,,N3,,S3?,R,cz,R,R,R,H,R,,U,,R,R,R,FO,Sum,N,,Polygalaceae,7,5,,,Y,,,Y
91006,POLYPAU,,Polygaloides paucifolia,Fringed Milkwort,6,3,G5,,N5,,S5,R,,,R,R,R,R,X,C,R,H,U,R,FO,Spr-Sum,N,,Polygalaceae,6,3,,,N,,,
32082,POLYBIF,,Polygonatum biflorum,Giant Solomon's Seal,8,3,G5,,NNR,,S4,,,,,,,,,,,,,,FO,Sum,N,,Liliaceae,8,3,,,P,,,
32140,POLYBIC,,Polygonatum biflorum var. commutatum,Giant Solomon's Seal,8,3,G5T5,,N4,,S4,U,cz,C,X,R,R,R,,U,U,R,R,,FO,,N,,Liliaceae,8,3,,,N,,,
32142,POLYBIM,,Polygonatum biflorum var. melleum,Honey-flowered Solomon's Seal,8,3,G5THQ,,NH,,SH,H,CZ,,,H,,,,,,,,,FO,,N,,Liliaceae,8,3,,,Y,,,
32084,POLYMUL,,Polygonatum multiflorum,Eurasian Solomon's Seal,,0,GNR,,NNA,,SE1,IR,,,,,IR,,,,,,IR,IR,FO,,I,,Liliaceae,0,0,,,N,,,
32086,POLYPUB,,Polygonatum pubescens,Hairy Solomon's Seal,5,5,G5,,N5,,S5,C,,C,X,X,X,C,X,C,C,C,C,C,FO,Spr-Sum,N,,Liliaceae,5,5,,,N,,,
54006,POLYACH,,Polygonum achoreum,Leathery Knotweed,0,3,G5,,N5,,S5,R,,R,R,X,R,R,X,U,X,R,R,R,FO,,N,,Polygonaceae,0,3,,,N,,,
54004,POLYART,,Polygonum articulatum,Northern Jointweed,8,5,G5,,N4,,S4,H,,,,H,,,,,,,,,FO,Sum,N,,Polygonaceae,8,5,,,N,,,
1008294,POLYAVI,,Polygonum aviculare,Prostrate Knotweed,0,3,GNR,,NNR,,S4?,,,,,,,,,,,,,,FO,,N,,Polygonaceae,0,3,,,N,,,
1009669,POLYAVA,,Polygonum aviculare ssp. aviculare,Prostrate Knotweed,,3,G5TNR,,NNA,,SE5,IC,,IC,IX,IX,IC,IC,IX,IC,IX,IU,IX,IU,FO,,I,,Polygonaceae,0,3,,,N,,,
54022,POLYAVB,,Polygonum aviculare ssp. buxiforme,Box Knotweed,0,3,G--T5,,N5,,S4?,R,,R,R,H,R,R,X,,,R,,,FO,,N,,Polygonaceae,0,3,,,N,,,
54014,POLYAVD,,Polygonum aviculare ssp. depressum,Oval-leaved Knotweed,,3,G--T5?,,NNA,,SE5,IC,,IU,IR,IX,IC,IC,,IC,,IR,IX,IX,FO,,I,,Polygonaceae,0,3,,,N,,,
1008300,POLYAVN,,Polygonum aviculare ssp. neglectum,Narrow-leaved Knotweed,,3,G5TNR,,NNA,,SE3?,IR,,IH,,,IR,IR,,,,IR,,,FO,,I,,Polygonaceae,0,3,,,N,,,
54036,POLYDOU,,Polygonum douglasii,Douglas' Knotweed,7,3,G5,,NNR,,S4,,,,,,,,,,,,,,FO,,N,,Polygonaceae,7,3,,,N,,,
54038,POLYERE,,Polygonum erectum,Erect Knotweed,2,3,G5,,N4,,SH,H,cz,H,H,?,H,H,,,,H,H,,FO,,N,,Polygonaceae,2,3,,,Y,,,
1257451,POLYERR,,Polygonum erectum ssp. erectum,Erect Knotweed,2,3,G5TNR,,NNR,,SH,H,cz,H,H,?,H,H,,,,H,H,,FO,,N,,Polygonaceae,2,3,,,Y,,,
54040,POLYFOW,,Polygonum fowleri,Fowler's Knotweed,,-3,G5,,N5,,S4?,,,,,,,,,,,,,,FO,,N,,Polygonaceae,0,-3,,,P,,,
1005094,POLYFOF,,Polygonum fowleri ssp. fowleri,Fowler's Knotweed,,-3,G--T5,,N5,,S4?,,,,,,,,,,,,,,FO,,N,,Polygonaceae,0,-3,,,N,,,
54028,POLYFOH,,Polygonum fowleri ssp. hudsonianum,Hudson Bay Knotweed,,-3,G--T3,,N3,,S2?,,,,,,,,,,,,,,FO,,N,,Polygonaceae,,-3,,,Y,,,
54064,POLYRAM,,Polygonum ramosissimum,Bushy Knotweed,8,0,G5,,N5,,S4,,,,,,,,,,,,,,FO,,N,,Polygonaceae,8,0,,,N,,,
54060,POLYRAP,,Polygonum ramosissimum ssp. prolificum,Proliferous Knotweed,8,0,G5T4T5,,N4N5,,SU,,,,,,,,,,,,,,FO,,N,,Polygonaceae,8,0,,,N,,,
54066,POLYRAR,,Polygonum ramosissimum ssp. ramosissimum,Bushy Knotweed,8,0,G5T5,,N4N5,,S4,R,,IR,IR,,,,,,,IR,R,,FO,,N,,Polygonaceae,8,0,,,N,,,
54074,POLYTEN,,Polygonum tenue,Slender Knotweed,10,5,G5,,N2,,S2,R,CZ,R,,R,R,,,R,,?,,,FO,Sum,N,,Polygonaceae,10,5,,,Y,,,Y
168646,POLYCAN,,Polymnia canadensis,White-flowered Leafcup,8,5,G5,,N4,,S4,R,,R,,H,R,,,,R,R,U,R,FO,,N,,Asteraceae,8,5,,,N,,,
9700,POLYAPP,,Polypodium appalachianum,Appalachian Polypody,8,5,G4G5,,N3N4,,S1S2,R,,,,,,,,,,R,,,FE,,N,,Polypodiaceae,8,5,,,Y,,,
9702,POLYSIB,,Polypodium sibiricum,Siberian Polypody,8,5,G5?,,N4N5,,S2,,,,,,,,,,,,,,FE,,N,,Polypodiaceae,8,5,,,Y,,,
9704,POLYVIR,,Polypodium virginianum,Rock Polypody,7,5,G5,,N5,,S5,R,,,,R,R,R,,R,R,U,U,R,FE,,N,,Polypodiaceae,7,5,,,N,,,
201510,POLYX I,,Polypodium x incognitum,(Polypodium appalachianum X Polypodium virginianum),8,5,GNA,,NNA,,SNA,,,,,,,,,,,,,,FE,,N,,Polypodiaceae,8,5,,,N,,,
22536,POLYMON,,Polypogon monspeliensis,Annual Rabbit's-foot Grass,,-3,GNR,,NNA,,SEH,IH,,,,,,IH,,,,,,IH,GR,,I,,Poaceae,0,-3,,,N,,,
9372,POLYACR,,Polystichum acrostichoides,Christmas Fern,5,3,G5,,N5,,S5,C,,R,X,X,X,C,X,C,C,C,C,C,FE,,N,,Dryopteridaceae,5,3,,,N,,,
9374,POLYBRA,,Polystichum braunii,Braun's Holly Fern,9,5,G5,,N5,,S3,,,,,,,,,,,,,,FE,,N,,Dryopteridaceae,9,5,,,Y,LV,VH,
9376,POLYLON,,Polystichum lonchitis,Northern Holly Fern,9,5,G5,,N5,,S4,H,,,,,,,,,,H,,,FE,,N,,Dryopteridaceae,9,5,,,N,,,
9378,POLYX H,,Polystichum x hagenahii,(Polystichum acrostichoides X Polystichum lonchitis),,,GNA,,NNA,,SNA,,,,,,,,,,,,,,FE,,N,,Dryopteridaceae,0,,,,N,,,
30004,PONTCOR,,Pontederia cordata,Pickerelweed,7,-5,G5,,N5,,S5,R,,R,R,X,,,,U,,R,IR,H,FO,Sum,N,,Pontederiaceae,7,-5,,,N,,,
41002,POPUBAL,,Populus balsamifera,Balsam Poplar,4,-3,G5,,NNR,,S5,U,,R,R,R,X,X,X,U,U,R,C,C,TR,,N,,Salicaceae,4,-3,,,N,,,
41006,POPUDEL,,Populus deltoides,Eastern Cottonwood,4,0,G5,,N5,,S5,,,,,,,,,,,,,,TR,,N,,Salicaceae,4,0,,,P,,,
41008,POPUDED,,Populus deltoides ssp. deltoides,Eastern Cottonwood,4,0,G5T5,,N5,,S5,C,,C,X,X,X,C,X,C,C,C,C,C,TR,,N,,Salicaceae,4,0,,,N,,,
41010,POPUDEM,,Populus deltoides ssp. monilifera,Plains Cottonwood,,0,G5T5,,N5,,S2?,,,,,,,,,,,,,,TR,,N,,Salicaceae,4,0,,,Y,,,
41012,POPUGRA,,Populus grandidentata,Large-toothed Aspen,5,3,G5,,N5,,S5,C,,U,X,X,X,C,X,C,U,C,C,C,TR,,N,,Salicaceae,5,3,override,Suppl. CW value matches more closely with values from US Wetland Plant List and Michigan Flora,N,,,
201508,POPUHET,,Populus heterophylla,Swamp Cottonwood,10,-5,G5,,N1,,S1,R,CZ,,,R,,,,,,,,,TR,,N,,Salicaceae,10,-5,,,Y,MV,VH,
41014,POPUNIG,,Populus nigra,Black Poplar,,5,G5,,NNA,,SE3,IR,,IR,,IX,IX,IR,,,,IR,IR,IR,TR,,I,,Salicaceae,0,5,,,N,,,
1010698,POPUNII,,Populus nigra var. italica,Lombardy Poplar,,5,G5T1Q,,NNA,,SE3,IR,,IR,,IX,IX,IR,,,,IR,IR,IR,TR,,I,,Salicaceae,0,5,,,N,,,
41016,POPUTRE,,Populus tremuloides,Trembling Aspen,2,0,G5,,N5,,S5,C,,C,X,X,X,C,X,C,C,C,C,C,TR,,N,,Salicaceae,2,0,,,N,,,
41018,POPUX B,,Populus x berolinensis,(Populus laurifolia X Populus nigra var. italica),,,GNA,,NNA,,SNA,hyb,,,,,,,hyb,,,,,hyb,TR,,I,,Salicaceae,0,,,,N,,,
41020,POPUX C,,Populus x canadensis,(Populus deltoides X Populus nigra),,,GNA,,NNA,,SNA,hyb,,,,hyb,hyb,hyb,,hyb,,hyb,hyb,hyb,TR,,I,,Salicaceae,0,,,,N,,,
41022,POPUX A,,Populus x canescens,(Populus alba X Populus tremula),,,GNA,,NNA,,SNA,hyb,,,,hyb,,,,,,,,hyb,TR,,I,,Salicaceae,0,,,,N,,,
41024,POPUX H,,Populus x heimburgeri,(Populus alba X Populus tremuloides),,,GNA,,NNA,,SNA,hyb,,,,,,,,,,,,hyb,TR,,I,,Salicaceae,0,,,,N,,,
41026,POPUX J,,Populus x jackii,(Populus balsamifera X Populus deltoides),,0,GNA,,NNA,,SNA,hyb,,?,,?,hyb,hyb,,hyb,,,hyb,hyb,TR,,N,,Salicaceae,0,0,,,N,,,
41028,POPUX R,,Populus x rouleauiana,(Populus alba X Populus grandidentata),,,GNA,,NNA,,SNA,hyb,,,,hyb,hyb,hyb,,hyb,,,,hyb,TR,,I,,Salicaceae,0,,,,N,,,
41030,POPUX S,,Populus x smithii,(Populus grandidentata X Populus tremuloides),,,GNA,,NNA,,SNA,,,,,,,,,,,,,,TR,,N,,Salicaceae,,,,,N,,,
60008,PORTGRA,,Portulaca grandiflora,Garden Portulaca,,5,GNR,,NNA,,SE1,IR,,,,,,,IX,IR,,IH,,IR,FO,,I,,Portulacaceae,0,5,,,N,,,
60010,PORTOLE,,Portulaca oleracea,Common Purslane,,3,GU,,NNA,,SE5,IU,,IR,IX,IX,IX,IU,,IU,IX,IU,IX,IR,FO,Sum,I,,Portulacaceae,0,3,,,N,,,
16100,POTAALP,,Potamogeton alpinus,Alpine Pondweed,10,-5,G5,,N5,,S5,H,,,,,,,,,,H,,,FO,,N,,Potamogetonaceae,10,-5,,,N,,,
16102,POTAAMP,,Potamogeton amplifolius,Large-leaved Pondweed,5,-5,G5,,N5,,S5,R,,R,R,R,R,R,X,R,X,H,U,R,FO,,N,,Potamogetonaceae,5,-5,,,N,,,
16104,POTABER,,Potamogeton berchtoldii,Narrow-leaved Small Pondweed,4,-5,G5,,N5,,S5,R,,R,,R,R,,,C,,R,R,R,FO,,N,,Potamogetonaceae,4,-5,,,N,,,
16106,POTABIC,,Potamogeton bicupulatus,Snail-seed Pondweed,10,-5,G4,,N3,,S3,,,,,,,,,,,,,,FO,,N,,Potamogetonaceae,10,-5,,,Y,,,
16108,POTACON,,Potamogeton confervoides,Alga Pondweed,10,-5,G5,,N5,,S2,,,,,,,,,,,,,,FO,,N,,Potamogetonaceae,10,-5,,,Y,,,
16112,POTAEPI,,Potamogeton epihydrus,Ribbon-leaved Pondweed,5,-5,G5,,N5,,S5,R,,,,R,,R,X,H,,R,U,H,FO,,N,,Potamogetonaceae,5,-5,,,N,,,
16118,POTAFOL,,Potamogeton foliosus,Leafy Pondweed,4,-5,G5,,N5,,S5,R,,U,R,R,R,R,,R,X,R,R,U,FO,,N,,Potamogetonaceae,4,-5,,,N,,,
194337,POTAFOF,,Potamogeton foliosus ssp. foliosus,Leafy Pondweed,4,-5,G5T5,,N5,,S5,R,,U,R,R,R,R,,R,X,R,R,U,FO,,N,,Potamogetonaceae,4,-5,,,N,,,
16120,POTAFRI,,Potamogeton friesii,Fries' Pondweed,8,-5,G5,,N5,,S4,R,,R,,R,,,X,R,,H,H,R,FO,,N,,Potamogetonaceae,8,-5,,,N,,,
16122,POTAGRA,,Potamogeton gramineus,Grass-leaved Pondweed,4,-5,G5,,N5,,S5,R,,R,R,R,R,R,,U,X,H,,R,FO,,N,,Potamogetonaceae,4,-5,,,N,,,
16124,POTAHIL,,Potamogeton hillii,Hill's Pondweed,8,-5,G3,SC,N2N3,SC,S2S3,H,,,,?,,H,,,,,,,FO,,N,,Potamogetonaceae,8,-5,,,Y,MV,VH,
16126,POTAILL,,Potamogeton illinoensis,Illinois Pondweed,6,-5,G5,,N5,,S4,R,,R,R,R,R,,,U,,H,,R,FO,,N,,Potamogetonaceae,6,-5,,,N,,,
16130,POTANAT,,Potamogeton natans,Floating-leaved Pondweed,5,-5,G5,,N5,,S5,R,,R,X,R,R,R,X,C,X,R,C,R,FO,,N,,Potamogetonaceae,5,-5,,,N,,,
16132,POTANOD,,Potamogeton nodosus,Long-leaved Pondweed,7,-5,G5,,N5,,S5,R,,R,R,R,R,R,X,R,R,R,R,R,FO,,N,,Potamogetonaceae,7,-5,,,N,,,
16134,POTAOAK,,Potamogeton oakesianus,Oakes' Pondweed,10,-5,G5,,N5,,S4,,,,,,,,,,,,,,FO,,N,,Potamogetonaceae,10,-5,,,N,,,
16136,POTAOBT,,Potamogeton obtusifolius,Blunt-leaved Pondweed,8,-5,G5,,N4N5,,S4,H,,,,?,,,,H,,,,H,FO,,N,,Potamogetonaceae,8,-5,,,N,,,
16140,POTAPER,,Potamogeton perfoliatus,Clasping-leaved Pondweed,7,-5,G5,,N5,,S4,R,,,R,?,,,,H,,H,R,H,FO,,N,,Potamogetonaceae,7,-5,,,N,,,
16142,POTAPRA,,Potamogeton praelongus,White-stemmed Pondweed,7,-5,G5,,N5,,S4,R,,,R,R,,,,H,,H,,H,FO,,N,,Potamogetonaceae,7,-5,,,N,,,
16144,POTAPUL,,Potamogeton pulcher,Spotted Pondweed,10,-5,G5,,N2N3,,SH,H,CZ,,H,,,,,,,,,,FO,,N,,Potamogetonaceae,10,-5,,,Y,,,
194336,POTAPUS,,Potamogeton pusillus,Small Pondweed,4,-5,G5,,N5,,S4?,R,,?,,R,R,,,?,R,H,C,R,FO,,N,,Potamogetonaceae,4,-5,,,N,,,
16148,POTARIC,,Potamogeton richardsonii,Richardson's Pondweed,5,-5,G5,,N5,,S5,R,,R,R,X,R,R,,C,,R,,R,FO,,N,,Potamogetonaceae,5,-5,,,N,,,
16150,POTAROB,,Potamogeton robbinsii,Robbins' Pondweed,7,-5,G5,,N5,,S5,R,,R,,?,,,,R,,R,,,FO,,N,,Potamogetonaceae,7,-5,,,N,,,
16152,POTASPI,,Potamogeton spirillus,Spiral Pondweed,8,-5,G5,,N5,,S5,,,,,,,,,,,,,,FO,,N,,Potamogetonaceae,8,-5,,,N,,,
16154,POTASTR,,Potamogeton strictifolius,Straight-leaved Pondweed,8,-5,G5,,N5,,S4S5,R,,R,R,H,R,R,,R,,H,R,R,FO,,N,,Potamogetonaceae,8,-5,,,N,,,
16156,POTASUB,,Potamogeton subsibiricus,Yenissei River Pondweed,,-5,G3G4,,N3,,SH,,,,,,,,,,,,,,FO,,N,,Potamogetonaceae,,-5,,,Y,,,
16160,POTAVAS,,Potamogeton vaseyi,Vasey's Pondweed,8,-5,G4,,N4,,S4,,,,,,,,,,,,,,FO,,N,,Potamogetonaceae,8,-5,,,N,,,
1257196,POTAX A,,Potamogeton x absconditus,(Potamogeton perfoliatus X Potamogeton richardsonii),,-5,GNA,,NNA,,SNA,,,,,,,,,,,,,,FO,,N,,Potamogetonaceae,0,-5,,,N,,,
1264582,POTAX F,,Potamogeton x faxonii,(Potamogeton illinoensis X Potamogeton nodosus),,-5,GNA,,NNA,,SNA,,,,,,,,,,,,,,FO,,N,,Potamogetonaceae,,-5,,,N,,,
16170,POTAX H,,Potamogeton x hagstroemii,(Potamogeton gramineus X Potamogeton richardsonii),,-5,GNA,,NNA,,SNA,,,,,,,,,,,,,,FO,,N,,Potamogetonaceae,0,-5,,,N,,,
16162,POTAX Y,,Potamogeton x haynesii,(Potamogeton strictifolius X Potamogeton zosteriformis),,-5,GNA,,NNA,,SNA,hyb,,,?,hyb,,,,hyb,,,,,FO,,N,,Potamogetonaceae,0,-5,,,N,,,
16174,POTAX N,,Potamogeton x nitens,(Potamogeton gramineus X Potamogeton perfoliatus),,-5,GNA,,NNA,,SNA,,,,,,,,,,,,,,FO,,N,,Potamogetonaceae,,-5,,,N,,,
201107,POTAX O,,Potamogeton x ogdenii,(Potamogeton hillii X Potamogeton zosteriformis),,-5,G1G2,END,NH,END,SNA,,,,,,,,,,,,,,FO,,N,,Potamogetonaceae,,-5,,,Y,,,
16164,POTAX S,,Potamogeton x spathuliformis,(Potamogeton gramineus X Potamogeton illinoensis),,-5,GNA,,NNA,,SNA,hyb,,,,hyb,,,,hyb,,,,,FO,,N,,Potamogetonaceae,0,-5,,,N,,,
16166,POTAZOS,,Potamogeton zosteriformis,Flat-stemmed Pondweed,5,-5,G5,,N5,,S5,R,,R,R,R,R,R,,R,R,R,R,R,FO,,N,,Potamogetonaceae,5,-5,,,N,,,
82494,POTEANS,,Potentilla anserina,Silverweed,5,-3,G5,,NNR,,S5,,,,,,,,,,,,,,FO,Sum,N,,Rosaceae,5,-3,,,N,,,
1008303,POTEANA,,Potentilla anserina ssp. anserina,Common Silverweed,5,-3,G5T5,,N5,,S5,C,,C,X,X,X,X,,C,IX,C,U,U,FO,Sum,N,,Rosaceae,5,-3,,,N,,,
1010762,POTEANG,,Potentilla anserina ssp. groenlandica,Greenland Silverweed,5,-3,G--T5,,NNR,,S4?,,,,,,,,,,,,,,FO,,N,,Rosaceae,5,-3,,,N,,,
1010780,POTEARE,,Potentilla arenosa,Bluff Cinquefoil,,3,G4G5,,N4N5,,S1,,,,,,,,,,,,,,FO,,N,,Rosaceae,,3,,,Y,,,
1010998,POTEARC,,Potentilla arenosa ssp. chamissonis,Chamisso's Cinquefoil,,3,G4G5T4,,N5,,S1,,,,,,,,,,,,,,FO,,N,,Rosaceae,,3,,,Y,,,
82204,POTEARG,,Potentilla argentea,Silvery Cinquefoil,,3,GNR,,NNA,,SE5,IX,,IU,IX,IX,IX,IX,IX,IC,IX,IR,IX,IR,FO,,I,,Rosaceae,0,3,,,N,,,
82220,POTEBIM,,Potentilla bimundorum,Staghorn Cinquefoil,,5,G5,,N4N5,,S1,,,,,,,,,,,,,,FO,,N,,Rosaceae,,5,,,Y,,,
1008310,POTEBIP,,Potentilla bipinnatifida,Bipinnate Cinquefoil,,3,G5,,NNR,,SU,,,,,,,,,,,,,,FO,,N,,Rosaceae,,3,,,N,,,
82208,POTECAN,,Potentilla canadensis,Canada Cinquefoil,5,5,G5,,N2N3,,S2?,R,,,R,R,,,H,,R,,R,,FO,,N,,Rosaceae,5,5,,,Y,,,
201056,POTECRA,,Potentilla crantzii,Crantz's Cinquefoil,,5,GNR,,N3N5,,S1,,,,,,,,,,,,,,FO,,N,,Rosaceae,,5,,,Y,,,
1010765,POTEGRA,,Potentilla gracilis,Slender Cinquefoil,,0,G5,,N5,,SU,,,,,,,,,,,,,,FO,,N,,Rosaceae,,0,,,N,,,
1010806,POTEGRF,,Potentilla gracilis var. fastigiata,Nuttall's Cinquefoil,,,G5T5,,N5,,SU,,,,,,,,,,,,,,FO,,N,,Rosaceae,,,,,N,,,
1010768,POTEGRL,,Potentilla gracilis var. flabelliformis,Fan-shaped Cinquefoil,,0,G5T5,,N5,,SU,,,,,,,,,,,,,,FO,,N,,Rosaceae,,0,,,N,,,
82214,POTEHIP,,Potentilla hippiana,Hipp's Cinquefoil,,5,G5,,N5,,SU,,,,,,,,,,,,,,FO,,N,,Rosaceae,,5,,,N,,,
82218,POTEINC,,Potentilla inclinata,Ashy Cinquefoil,,5,GNR,,NNA,,SE4,IU,,IU,IX,IX,IX,IX,IX,IU,IX,IR,IR,IR,FO,,I,,Rosaceae,0,5,,,N,,,
82148,POTEIND,,Potentilla indica,Mock Strawberry,,3,G5,,NNA,,SE2,IR,,IR,,,,IR,,,,IR,IR,IR,FO,Spr,I,,Rosaceae,0,3,,,N,,,
1010809,POTEINI,,Potentilla indica var. indica,Mock Strawberry,,3,G5TNR,,NNA,,SE1,IR,,IR,,,,IR,,,,IR,IR,IR,FO,Spr,I,,Rosaceae,0,3,,,N,,,
1010701,POTEINT,,Potentilla intermedia,Downy Cinquefoil,,5,G5,,NNA,,SE,,,,,,,,,,,,,,FO,,I,,Rosaceae,0,5,,,N,,,
82508,POTELIT,,Potentilla litoralis,Coast Cinquefoil,,3,G5,,N5,,S4?,,,,,,,,,,,,,,FO,,N,,Rosaceae,0,3,,,N,,,
82222,POTENIV,,Potentilla nivea,Snow Cinquefoil,,3,G4G5,,N5,,S3,,,,,,,,,,,,,,FO,,N,,Rosaceae,,3,,,Y,,,
82226,POTENOR,,Potentilla norvegica,Rough Cinquefoil,0,0,G5,,N5,,S5,C,,C,X,X,X,X,X,U,C,C,X,C,FO,,N,,Rosaceae,0,0,,,N,,,
82234,POTEPEN,,Potentilla pensylvanica,Pennsylvania Cinquefoil,,3,G5,,N5,,S3,IR,,,,,,,,,,,,IR,FO,,N,,Rosaceae,,3,,,Y,,,
82236,POTEPUL,,Potentilla pulchella,Pretty Cinquefoil,,5,G4G5,,N4N5,,S4,,,,,,,,,,,,,,FO,,N,,Rosaceae,0,5,,,N,,,
17269,POTEPUC,,Potentilla pulcherrima,Beautiful Cinquefoil,,0,G5,,N4N5,,S2,,,,,,,,,,,,,,FO,,N,,Rosaceae,,0,,,Y,,,
82240,POTEREC,,Potentilla recta,Sulphur Cinquefoil,,5,GNR,,NNA,,SE5,IC,,IC,IX,IX,IX,IX,IX,IC,IX,IC,IX,IC,FO,,I,,Rosaceae,0,5,,,N,,,
82242,POTEREP,,Potentilla reptans,Creeping Cinquefoil,,0,GNR,,NNA,,SE2,IR,,,,IX,IR,,,IR,IX,IR,,IR,FO,,I,,Rosaceae,0,0,,,N,,,
17092,POTERIV,,Potentilla rivalis,Brook Cinquefoil,,-3,G5,,N4N5,,SH,,,,,,,,,,,,,,FO,,N,,Rosaceae,,-3,,,Y,,,
82248,POTESIM,,Potentilla simplex,Old-field Cinquefoil,3,3,G5,,N5,,S5,C,,C,R,X,X,X,X,C,C,C,C,R,FO,Sum,N,,Rosaceae,3,3,,,N,,,
17317,POTESUP,,Potentilla supina,Spreading Cinquefoil,8,-3,G5,,N4N5,,S4,R,cz,R,R,R,,R,,R,,R,H,R,FO,,N,,Rosaceae,8,-3,,,N,,,
82232,POTESUA,,Potentilla supina ssp. paradoxa,Bushy Cinquefoil,8,-3,G5T5,,N4N5,,S4,R,cz,R,R,R,,R,,R,,R,H,R,FO,,N,,Rosaceae,8,-3,,,N,,,
82250,POTEVER,,Potentilla verna,Spring Cinquefoil,,5,GNR,,NNA,,SE1,IH,,,,,,,,,,,,IH,FO,,I,,Rosaceae,0,5,,,N,,,
82372,POTEANN,,Poteridium annuum,Prairie Burnet,,,G4,,NNA,,SEH,,,,,,,,,,,,,,FO,,I,,Rosaceae,0,,,,N,,,
82374,POTESAN,,Poterium sanguisorba,Small Burnet,,0,G5,,NNA,,SE4,IX,,,,,IX,,IX,,,IR,IX,IX,FO,,I,,Rosaceae,0,0,,,N,,,
1010328,POTESAP,,Poterium sanguisorba var. polygamum,Small Burnet,,0,G5TNR,,NNA,,SE4,IX,,,,,IX,,IX,,,IR,IX,IX,FO,,I,,Rosaceae,0,0,,,N,,,
135036,PRIMEGA,,Primula egaliksensis,Greenland Primrose,,-3,G4G5,,N4N5,,S4,,,,,,,,,,,,,,FO,,N,,Primulaceae,0,-3,,,N,,,
135038,PRIMINC,,Primula incana,Mealy Primrose,,-3,G5,,N5,,S1,,,,,,,,,,,,,,FO,,N,,Primulaceae,,-3,,,Y,,,
135040,PRIMLAU,,Primula laurentiana,Laurentian Primrose,,-3,G5,,N4N5,,S4,,,,,,,,,,,,,,FO,,N,,Primulaceae,0,-3,,,N,,,
135042,PRIMMIS,,Primula mistassinica,Bird's-eye Primrose,10,-3,G5,,N5,,S4S5,H,,,,H,,,,,H,,,,FO,Spr,N,,Primulaceae,10,-3,,,N,,,
135044,PRIMSTR,,Primula stricta,Upright Primrose,,-3,G4G5,,N4N5,,S4,,,,,,,,,,,,,,FO,,N,,Primulaceae,0,-3,,,N,,,
135046,PRIMVER,,Primula veris,Cowslip Primrose,,0,GNR,,NNA,,SE1,IR,,,,,,IR,,,,,,IR,FO,Spr,I,,Primulaceae,0,0,,,N,,,
155000,PROBLOU,,Proboscidea louisiana,Louisiana Unicorn Plant,,0,GU,,NNA,,SEH,IH,,,,,,,,,,IH,IH,,FO,,I,,Pedaliaceae,0,0,,,N,,,
32034,PROSLAN,,Prosartes lanuginosa,Yellow Fairybells,8,5,G5,,N4,,S4,C,cz,,R,,R,C,X,C,R,R,C,R,FO,Spr,N,,Liliaceae,8,5,,,N,,,
32036,PROSTRA,,Prosartes trachycarpa,Rough-fruited Fairybells,,5,G5,,N5,,S2,,,,,,,,,,,,,,FO,,N,,Liliaceae,,5,,,Y,,,
126014,PROSPAL,,Proserpinaca palustris,Marsh Mermaidweed,7,-5,G5,,N4,,S4,R,,R,R,R,R,R,,U,U,R,R,H,FO,,N,,Haloragaceae,7,-5,,,N,,,
151106,PRUNVUL,,Prunella vulgaris,Common Self-heal,0,0,G5,,N5,,S5,,,,,,,,,,,,,,FO,,N,,Lamiaceae,0,0,,,N,,,
151108,PRUNVUA,,Prunella vulgaris ssp. lanceolata,Lance-leaved Self-heal,0,0,G5T5,,N5,,S5,C,,C,X,X,C,C,X,C,C,C,C,C,FO,,N,,Lamiaceae,0,0,,,N,,,
151110,PRUNVUV,,Prunella vulgaris ssp. vulgaris,Common Self-heal,,0,G5TU,,NNA,,SE3,IR,,,,,,,,,,IX,IX,IX,FO,,I,,Lamiaceae,0,0,,,N,,,
82254,PRUNAME,,Prunus americana,American Plum,6,5,G5,,N4,,S4,U,cz,R,R,X,X,R,,U,U,R,C,R,SH,,N,,Rosaceae,6,5,,,N,,,
82256,PRUNAVI,,Prunus avium,Sweet Cherry,,5,GNR,,NNA,,SE4,IR,,IR,IX,IX,IR,IR,,IU,IX,IC,IX,IX,TR,,I,,Rosaceae,0,5,,,N,,,
82258,PRUNCER,,Prunus cerasifera,Cherry Plum,,5,GNR,,NNA,,SE1,IR,,,,,,,,IR,,IR,,IR,SH,,I,,Rosaceae,0,5,,,N,,,
82260,PRUNCEA,,Prunus cerasus,Sour Cherry,,5,GNR,,NNA,,SE1,IR,,IR,,IH,,,,,,IR,IR,IX,TR,,I,,Rosaceae,0,5,,,N,,,
82262,PRUNDOM,,Prunus domestica,Damson Plum,,5,GNR,,NNA,,SE2,IR,,IR,,IR,IX,IX,,,,IR,IR,IR,SH,,I,,Rosaceae,0,5,,,N,,,
1009312,PRUNGLA,,Prunus glandulosa,Dwarf Flowering Almond,,,GNR,,NNA,,SE1,IR,,,,,,,,,,,,IR,SH,,I,,Rosaceae,0,,,,N,,,
82268,PRUNMAH,,Prunus mahaleb,Mahaleb Cherry,,5,G5,,NNA,,SE2,IR,,IR,,,,,,IR,IR,IR,IX,IR,SH,,I,,Rosaceae,0,5,,,N,,,
82270,PRUNNIG,,Prunus nigra,Canada Plum,4,3,G4G5,,N4N5,,S4,U,,U,R,R,X,R,X,U,R,R,C,R,SH,,N,,Rosaceae,4,3,,,N,,,
82272,PRUNPAD,,Prunus padus,European Bird Cherry,,5,GNR,,NNA,,SE1,,,,,,,,,,,,,,TR,,I,,Rosaceae,0,5,,,N,,,
82274,PRUNPEN,,Prunus pensylvanica,Pin Cherry,3,3,G5,,N5,,S5,C,,R,X,X,X,X,X,C,R,R,C,R,SH,,N,,Rosaceae,3,3,,,N,,,
82276,PRUNPER,,Prunus persica,Peach,,5,G5,,NNA,,SE1,IR,,IH,,,IR,IR,,,,IR,,IR,SH,,I,,Rosaceae,0,5,,,N,,,
82278,PRUNPUM,,Prunus pumila,Sand Cherry,8,5,G5,,N5,,S4,,,,,,,,,,,,,,TR,,N,,Rosaceae,8,5,,,P,,,Y
82280,PRUNPUB,,Prunus pumila var. besseyi,Bessey's Sand Cherry,8,5,G5T3T5,,N4,,S1,,,,,,,,,,,,,,SH,,N,,Rosaceae,8,5,,,Y,,,Y
82282,PRUNPUD,,Prunus pumila var. depressa,Prostrate Sand Cherry,8,5,G5T5,,N4,,S4?,,,,,,,,,,,,,,SH,,N,,Rosaceae,8,5,,,N,,,
82284,PRUNPUP,,Prunus pumila var. pumila,Great Lakes Sand Cherry,8,5,G5T4,,N3,,S3,R,,R,R,R,,,,R,,R,,,SH,,N,,Rosaceae,8,5,,,Y,,,
82286,PRUNPUS,,Prunus pumila var. susquehanae,Susquehanna Sand Cherry,8,5,G5T4T5,,N4N5,,S4?,R,,,,,,,,R,,?,,H,SH,,N,,Rosaceae,8,5,,,N,,,
82288,PRUNSER,,Prunus serotina,Black Cherry,3,3,G5,,N5,,S5,C,,C,X,X,C,C,X,C,C,C,C,C,TR,,N,,Rosaceae,3,3,,,N,,,
1010704,PRUNSES,,Prunus serotina var. serotina,Black Cherry,3,3,G5T5,,N5,,S5,C,,C,X,X,C,C,X,C,C,C,C,C,TR,,N,,Rosaceae,3,3,,,N,,,
82290,PRUNSPI,,Prunus spinosa,Blackthorn,,5,G5,,NNA,,SE1,IR,,,,,,,,,,,IR,IR,SH,,I,,Rosaceae,0,5,,,N,,,
82292,PRUNTOM,,Prunus tomentosa,Nanking Cherry,,5,GNR,,NNA,,SE1,IR,,,,,,,,IR,,,,IR,SH,,I,,Rosaceae,0,5,,,N,,,
82294,PRUNVIR,,Prunus virginiana,Chokecherry,2,3,G5,,N5,,S5,C,,C,X,C,C,C,X,C,C,C,C,C,TR,Spr,N,,Rosaceae,2,3,,,N,,,
82296,PRUNVIV,,Prunus virginiana var. virginiana,Chokecherry,2,3,G5T5,,N5,,S5,C,,C,X,C,C,C,X,C,C,C,C,C,SH,Spr,N,,Rosaceae,2,3,,,N,,,
168460,PSEUMAC,,Pseudognaphalium macounii,Macoun's Cudweed,2,5,G5,,N5,,S5,R,,,,H,R,?,,R,,,,H,FO,,N,,Asteraceae,2,5,,,N,,,
168452,PSEUOBT,,Pseudognaphalium obtusifolium,Fragrant Cudweed,4,5,G5,,N5,,S5,R,,R,R,R,X,X,X,C,X,R,R,R,FO,,N,,Asteraceae,4,5,,,N,,,
88000,PTELTRI,,Ptelea trifoliata,Common Hop-tree,7,3,G5,SC,N3,SC,S3,R,CZ,U,R,R,IR,R,,R,R,R,IR,?,SH,,N,,Rutaceae,7,3,,,Y,LV,VH,
1264560,PTELTRT,,Ptelea trifoliata ssp. trifoliata,Common Hop-tree,7,3,G5T5,,NNR,,S3,R,CZ,U,R,R,IR,R,,R,R,R,IR,?,SH,,N,,Rutaceae,7,3,,,Y,,,
9102,PTERAQU,,Pteridium aquilinum,Bracken Fern,2,3,G5,,N5,,S5,C,,U,X,X,X,C,X,C,C,C,C,C,FE,,N,,Dennstaedtiaceae,2,3,,,N,,,
9104,PTERAQL,,Pteridium aquilinum var. latiusculum,Eastern Bracken Fern,2,3,G5T5,,N5,,S5,C,,U,X,X,X,C,X,C,C,C,C,C,FE,,N,,Dennstaedtiaceae,2,3,,,N,,,
132004,PTERAND,,Pterospora andromedea,Pinedrops,9,5,G5,,N5,,S2,H,,,,H,H,,,H,,H,H,H,FO,,N,,Monotropaceae,9,5,,,Y,MV,VH,
22544,PUCCFAS,,Puccinellia fasciculata,Saltmarsh Alkaligrass,,-3,G3G5,,N1,,SEH,IH,,,,,,IH,,,,,,,GR,,I,,Poaceae,0,-3,,,N,,,
22546,PUCCNUT,,Puccinellia nutkaensis,Nootka Alkaligrass,,-3,G5,,N4N5,,S4,,,,,,,,,,,,,,GR,,N,,Poaceae,0,-3,,,N,,,
22548,PUCCNUA,,Puccinellia nuttalliana,Nuttall's Alkaligrass,,-3,G5,,N5,,SE3,IR,,,IR,,IR,IR,IR,,,,,,GR,,I,,Poaceae,0,-3,,,N,,,
22550,PUCCPHR,,Puccinellia phryganodes,Creeping Alkaligass,,-5,G5,,N5,,S4,,,,,,,,,,,,,,GR,,N,,Poaceae,0,-5,,,N,,,
1264563,PUCCPHN,,Puccinellia phryganodes ssp. neoarctica,Creeping Alkaligrass,,-5,G--TNR,,NNR,,S4,,,,,,,,,,,,,,GR,,N,,Poaceae,0,-5,,,N,,,
22538,PUCCPUM,,Puccinellia pumila,Dwarf Alkaligrass,,-3,G5,,N5,,S2S3,,,,,,,,,,,,,,GR,,N,,Poaceae,,-3,,,Y,,,
22554,PUCCTEN,,Puccinellia tenella,Tundra Alkaligrass,,-3,G5,,N5,,S1S2,,,,,,,,,,,,,,GR,,N,,Poaceae,,-3,,,Y,,,
22556,PUCCTEL,,Puccinellia tenella ssp. langeana,Lange's Alkaligrass,,-3,G5T5,,N5,,S1S2,,,,,,,,,,,,,,GR,,N,,Poaceae,,-3,,,Y,,,
22558,PUCCVAG,,Puccinellia vaginata,Tussock Alkaligrass,,-3,G5,,N5,,S1?,,,,,,,,,,,,,,GR,,N,,Poaceae,,-3,,,Y,,,
1004402,PUERMON,,Pueraria montana,Kudzu,,5,GNR,,NNA,,SE1,IR,,IR,,,,,,,,,,,VI,,I,,Fabaceae,0,5,,,N,,,
149080,PULMOFF,,Pulmonaria officinalis,Common Lungwort,,,GNR,,NNA,,SE1,IR,,,,,IR,,,,,,,IR,FO,,I,,Boraginaceae,0,,,,N,,,
1257089,PULSNUT,,Pulsatilla nuttalliana,Prairie Pasqueflower,10,5,G5,,N5,,S1,,,,,,,,,,,,,,FO,,N,,Ranunculaceae,10,5,,,Y,,,
1009780,PUSCSCI,,Puschkinia scilloides,Striped Squill,,,GNR,,NNA,,SE1,,,,,,,,,,,,,,FO,,I,,Liliaceae,0,,,,N,,,
151112,PYCNINC,,Pycnanthemum incanum,Hoary Mountain-mint,10,5,G5,END,N1,END,S1,R,CZ,,,,,,,,,,R,R,FO,,N,,Lamiaceae,10,5,,,Y,,,
151114,PYCNINI,,Pycnanthemum incanum var. incanum,Hoary Mountain-mint,10,5,G5T5,,N1,,S1,R,CZ,,,,,,,,,,R,R,FO,,N,,Lamiaceae,10,5,,,Y,,,
151116,PYCNTEN,,Pycnanthemum tenuifolium,Slender Mountain-mint,8,0,G5,,N3,,S3,R,cz,R,R,R,R,R,,R,,H,,R,FO,,N,,Lamiaceae,8,0,,,Y,,,Y
151118,PYCNVER,,Pycnanthemum verticillatum,Whorled Mountain-mint,8,3,G5,,N1,,S1?,,,,,,,,,,,,,,FO,,N,,Lamiaceae,8,3,,,Y,,,Y
151120,PYCNVEP,,Pycnanthemum verticillatum var. pilosum,Hairy Mountain-mint,8,3,G5T5,,N1,,S1,R,CZ,R,R,,,,,R,,,,,FO,,N,,Lamiaceae,8,3,,,Y,,,Y
151122,PYCNVEV,,Pycnanthemum verticillatum var. verticillatum,Whorled Mountain-mint,8,3,G5T5,,N1?,,S1?,R,cz,,?,,,H,,R,,,R,,FO,,N,,Lamiaceae,8,3,,,Y,,,Y
151124,PYCNVIR,,Pycnanthemum virginianum,Virginia Mountain-mint,6,-3,G5,,N4,,S4,U,cz,C,X,X,R,R,,U,U,R,U,R,FO,Sum,N,,Lamiaceae,6,-3,,,N,,,Y
1004465,PYRACOC,,Pyracantha coccinea,Scarlet Firethorn,,,GNR,,NNA,,SE1,IR,,,,,,,,,,IR,,IR,TR,,I,,Rosaceae,0,,,,N,,,
133512,PYROAME,,Pyrola americana,Round-leaved Pyrola,7,0,G5,,N5,,S4?,R,,H,,R,R,R,,U,R,H,,,FO,,N,,Pyrolaceae,7,0,,,N,,,
133514,PYROASA,,Pyrola asarifolia,Pink Pyrola,7,-3,G5,,N5,,S5,R,,,,R,R,R,X,R,,H,R,R,FO,,N,,Pyrolaceae,7,-3,,,N,,,
1010502,PYROASS,,Pyrola asarifolia ssp. asarifolia,Pink Pyrola,7,-3,G5T5,,N5,,S5,R,,,,R,R,R,X,R,,H,R,R,FO,,N,,Pyrolaceae,7,-3,,,N,,,
133516,PYROCHL,,Pyrola chlorantha,Green-flowered Pyrola,6,3,G5,,N5,,S4S5,R,,,,R,,R,,U,R,H,R,H,FO,Sum,N,,Pyrolaceae,6,3,,,N,,,
133518,PYROELL,,Pyrola elliptica,Shinleaf,5,5,G5,,N5,,S5,U,,R,R,R,X,X,X,C,C,R,C,U,FO,Sum,N,,Pyrolaceae,5,5,,,N,,,
133520,PYROGRA,,Pyrola grandiflora,Arctic Pyrola,,0,G5,,N5,,S4,,,,,,,,,,,,,,FO,,N,,Pyrolaceae,0,0,,,P,EV,VH,
133522,PYROMIN,,Pyrola minor,Lesser Pyrola,,0,G5,,N5,,S4,,,,,,,,,,,,,,FO,,N,,Pyrolaceae,0,0,,,N,,,
82298,PYRUCOM,,Pyrus communis,Common Pear,,5,G5,,NNA,,SE4,IU,,IR,,IX,IX,IX,IX,IC,IX,IC,IX,IR,SH,,I,,Rosaceae,0,5,,,N,,,
46004,QUERALB,,Quercus alba,White Oak,6,3,G5,,N5,,S5,C,,C,X,X,C,C,X,C,C,C,C,C,TR,,N,,Fagaceae,6,3,,,N,,,
46006,QUERBIC,,Quercus bicolor,Swamp White Oak,8,-3,G5,,N4,,S4,C,cz,C,X,X,X,C,X,C,U,C,C,R,TR,,N,,Fagaceae,8,-3,,,N,,,
46008,QUERELL,,Quercus ellipsoidalis,Northern Pin Oak,9,5,G5,,N3,,S3,R,cz,,,,,?,,C,U,?,R,,TR,,N,,Fagaceae,9,5,,,Y,LV,Low,Y
46042,QUERILI,,Quercus ilicifolia,Bear Oak,10,5,G5,,N1,,S1,,,,,,,,,,,,,,SH,,N,,Fagaceae,10,5,,,Y,LV,VH,
46010,QUERMAC,,Quercus macrocarpa,Bur Oak,5,3,G5,,N5,,S5,C,,C,X,C,C,C,X,C,C,U,C,C,TR,,N,,Fagaceae,5,3,,,N,,,
46012,QUERMUE,,Quercus muehlenbergii,Chinquapin Oak,7,3,G5,,N4,,S4,U,cz,U,R,X,U,R,,R,R,U,C,R,TR,,N,,Fagaceae,7,3,,,N,LV,Low,
46014,QUERPAL,,Quercus palustris,Swamp Pin Oak,9,-3,G5,,N4,,S4,C,CZ,C,R,R,,,,,?,C,,,TR,,N,,Fagaceae,9,-3,,,N,,,Y
46016,QUERPRI,,Quercus prinoides,Dwarf Chinquapin Oak,10,3,G5,,N2,,S2,R,cz,?,,R,,,,R,R,,,,SH,,N,,Fagaceae,10,3,,,Y,,,Y
46018,QUERROB,,Quercus robur,English Oak,,5,GNR,,NNA,,SE1,IR,,,,,IR,,,,,,,IR,TR,,I,,Fagaceae,0,5,,,N,,,
46020,QUERRUB,,Quercus rubra,Northern Red Oak,6,3,G5,,N5,,S5,C,,C,X,X,C,C,X,C,C,C,C,C,TR,,N,,Fagaceae,6,3,,,N,,,
46022,QUERSHU,,Quercus shumardii,Shumard Oak,7,-3,G5,SC,N3,SC,S3,R,CZ,U,R,R,,R,,,,R,,,TR,,N,,Fagaceae,7,-3,,,Y,,,
46026,QUERVEL,,Quercus velutina,Black Oak,8,5,G5,,N4,,S4,C,cz,C,X,X,X,C,,C,C,U,C,R,TR,,N,,Fagaceae,8,5,,,N,,,Y
46028,QUERX B,,Quercus x bebbiana,(Quercus alba X Quercus macrocarpa),,0,GNA,,NNA,,SNA,hyb,,,,hyb,,,,hyb,,,hyb,hyb,TR,,N,,Fagaceae,,0,,,N,,,
46030,QUERX D,,Quercus x deamii,(Quercus macrocarpa X Quercus muehlenbergii),,3,GNA,,NNA,,SNA,hyb,,,,,,,,hyb,,,,,TR,,N,,Fagaceae,,3,,Parental CW values identical,N,,,
1298662,QUERX F,,Quercus x fernaldii,(Quercus ilicifolia X Q. rubra),,,GNA,,NNR,,SNA,,,,,,,,,,,,,,TR,,N,,Fagaceae,,,,,N,,,
46032,QUERX H,,Quercus x hawkinsii,(Quercus rubra X Quercus velutina),,0,GNA,,NNA,,SNA,hyb,,,,hyb,,,,,,,,hyb,TR,,N,,Fagaceae,,0,,,N,,,
46034,QUERX J,,Quercus x jackiana,(Quercus alba X Quercus bicolor),,,GNA,,NNA,,SNA,,,,,,,,,,,,,,TR,,N,,Fagaceae,,,,,N,,,
1257250,QUERX M,,Quercus x mutabilis,(Quercus palustris X Quercus shumardii),,-3,GNA,,NNA,,SNA,,,,,,,,,,,,,,TR,,N,,Fagaceae,0,-3,,Parental CW values identical,N,,,
46036,QUERX P,,Quercus x palaeolithicola,(Quercus ellipsoidalis X Quercus velutina),,5,GNA,,NNA,,SNA,,,,,,,,,,,,,,TR,,N,,Fagaceae,,5,,,N,,,
1257253,QUERX R,,Quercus x riparia,(Quercus rubra X Quercus shumardii),,,GNA,,NNA,,SNA,,,,,,,,,,,,,,TR,,N,,Fagaceae,0,,,,N,,,
46038,QUERX S,,Quercus x schuettei,(Quercus bicolor X Quercus macrocarpa),,,GNA,,NNA,,SNA,hyb,,hyb,,,,,,hyb,,hyb,hyb,,TR,,N,,Fagaceae,,,,,N,,,
64068,RANUABO,,Ranunculus abortivus,Kidney-leaved Buttercup,2,0,G5,,N5,,S5,C,,C,X,C,C,C,X,C,C,C,C,C,FO,Spr,N,,Ranunculaceae,2,0,,,N,,,
64070,RANUACR,,Ranunculus acris,Common Buttercup,,0,G5,,NNA,,SE5,IC,,IU,IX,IX,IC,IC,IX,IC,IX,IC,IC,IC,FO,,I,,Ranunculaceae,0,0,,,N,,,
64110,RANUARC,,Ranunculus arcticus,Northern Buttercup,,0,G5,,N4N5,,S2S3,,,,,,,,,,,,,,FO,,N,,Ranunculaceae,,0,,,Y,,,
64074,RANUBUL,,Ranunculus bulbosus,Bulbous Buttercup,,-3,GNR,,NNA,,SE3,IR,,IR,,IX,IH,,,,IX,IU,IR,IR,FO,,I,,Ranunculaceae,0,-3,,,N,,,
64090,RANUCAR,,Ranunculus caricetorum,Northern Swamp Buttercup,5,-5,G5,,N5,,S5,C,,C,X,X,C,C,X,C,C,U,C,C,FO,,N,,Ranunculaceae,5,-5,,,N,,,
64078,RANUFAS,,Ranunculus fascicularis,Early Buttercup,9,3,G5,,N4,,S4,R,,U,R,R,R,,,R,C,H,R,H,FO,Spr,N,,Ranunculaceae,9,3,,,N,,,Y
64084,RANUFLA,,Ranunculus flabellaris,Yellow Water Buttercup,7,-5,G5,,N4,,S4,U,,R,X,R,R,R,X,U,R,H,U,H,FO,,N,,Ranunculaceae,7,-5,,,N,,,
64189,RANUFLM,,Ranunculus flammula,Lesser Spearwort,8,-3,G5,,N5,,S5,,,,,,,,,,,,,,FO,,N,,Ranunculaceae,8,-3,,,N,,,
64192,RANUFLO,,Ranunculus flammula var. ovalis,Lesser Spearwort,8,-3,G5T5,,N5,,SU,,,,,,,,,,,,,,FO,,N,,Ranunculaceae,8,-3,,,N,,,
64190,RANUFLR,,Ranunculus flammula var. reptans,Creeping Spearwort,8,-3,G5T5,,N5,,S5,,,,,,,,,,,,,,FO,,N,,Ranunculaceae,8,-3,,,N,,,
64086,RANUGME,,Ranunculus gmelinii,Gmelin's Buttercup,10,-3,G5,,N5,,S5,,,,,,,,,,,,,,FO,Sum,N,,Ranunculaceae,10,-3,,,N,,,
64092,RANUHIS,,Ranunculus hispidus,Bristly Buttercup,8,0,G5,,N3,,S3,R,cz,H,,,R,,,R,R,R,R,R,FO,Spr,N,,Ranunculaceae,8,0,,,Y,,,Y
64096,RANUHYP,,Ranunculus hyperboreus,Far-northern Buttercup,,-5,G5,,N5,,S2,,,,,,,,,,,,,,FO,,N,,Ranunculaceae,,-5,,,Y,,,
1257197,RANULON,,Ranunculus longirostris,Long-beaked Water-crowfoot,4,-5,G5,,NNR,,S5,R,,R,X,X,R,R,,U,R,R,R,R,FO,Sum,N,,Ranunculaceae,4,-5,,,N,,,
64104,RANUMAC,,Ranunculus macounii,Macoun's Buttercup,,-5,G5,,N5,,S4,,,,,,,,,,,,,,FO,,N,,Ranunculaceae,0,-5,,,N,,,
64114,RANUPEN,,Ranunculus pensylvanicus,Pennsylvania Buttercup,3,-5,G5,,N5,,S5,C,,R,,X,X,X,X,C,X,C,C,R,FO,Sum,N,,Ranunculaceae,3,-5,,,N,,,
64116,RANUREC,,Ranunculus recurvatus,Hooked Buttercup,4,-3,G5,,N5,,S5,C,,R,X,X,X,X,X,C,C,C,C,C,FO,Spr,N,,Ranunculaceae,4,-3,,,N,,,
1004618,RANURER,,Ranunculus recurvatus var. recurvatus,Hooked Buttercup,4,-3,G5T5,,N5,,S5,C,,R,X,X,X,X,X,C,C,C,C,C,FO,Spr,N,,Ranunculaceae,4,-3,,,N,,,
64118,RANUREP,,Ranunculus repens,Creeping Buttercup,,0,GNR,,NNA,,SE5,IX,,IH,,IX,IH,IR,,IR,IX,IR,IX,IU,FO,,I,,Ranunculaceae,0,0,,,N,,,
64122,RANURHO,,Ranunculus rhomboideus,Prairie Buttercup,10,5,G5,,N5,,S4,R,,,R,R,R,,,R,,H,,H,FO,,N,,Ranunculaceae,10,5,,,N,,,Y
64194,RANUSAR,,Ranunculus sardous,Sardinian Buttercup,,0,GNR,,NNA,,SE1,IR,,,,,,,,,,IR,,,FO,,I,,Ranunculaceae,0,0,,,N,,,
64124,RANUSCE,,Ranunculus sceleratus,Cursed Buttercup,2,-5,G5,,N5,,S5,,,,,,,,,,,,,,FO,Spr-Sum,N,,Ranunculaceae,2,-5,,,N,,,
64126,RANUSCM,,Ranunculus sceleratus var. multifidus,Cursed Buttercup,2,-5,G5T5,,N5,,SU,C,,C,X,X,X,C,X,U,U,C,C,X,FO,Spr,N,,Ranunculaceae,2,-5,,,N,,,
64128,RANUSCS,,Ranunculus sceleratus var. sceleratus,Cursed Buttercup,,-5,G5T5,,NNA,,SE,,,,,,,,,,,,,,FO,Spr-Sum,I,,Ranunculaceae,0,-5,,,N,,,
1257199,RANUSUB,,Ranunculus subrigidus,Stiff White Water-crowfoot,,-5,G5,,NU,,SU,,,,,,,,,,,,,,FO,,N,,Ranunculaceae,,-5,,,N,,,
1257198,RANUTRI,,Ranunculus trichophyllus,Thread-leaved Water-crowfoot,4,-5,G5,,N5,,S5?,,,,,,,,,,,,,,FO,,N,,Ranunculaceae,4,-5,,,N,,,
73228,RAPHRAP,,Raphanus raphanistrum,Wild Radish,,5,GNR,,NNA,,SE3,IR,,,,IX,,IR,,IR,,IR,,IR,FO,,I,,Brassicaceae,0,5,,,N,,,
1264198,RAPHRAR,,Raphanus raphanistrum ssp. raphanistrum,Wild Radish,,5,GNRTNR,,NNA,,SE3,IR,,,,IX,,IR,,IR,,IR,,IR,FO,,I,,Brassicaceae,0,5,,,N,,,
73230,RAPHSAT,,Raphanus sativus,Garden Radish,,5,GNR,,NNA,,SE1,IR,,,,,,,,,,IH,,IR,FO,,I,,Brassicaceae,0,5,,,N,,,
73232,RAPIRUG,,Rapistrum rugosum,Annual Bastard Cabbage,,5,GNR,,NNA,,SE1,,,,,,,,,,,,,,FO,,I,,Brassicaceae,0,5,,,N,,,
168660,RATICOL,,Ratibida columnifera,Upright Prairie Coneflower,,5,G5,,N4N5,,SE1,IR,,,,IH,,IR,,,,,,IR,FO,,I,,Asteraceae,0,5,,,N,,,
168662,RATIPIN,,Ratibida pinnata,Grey-headed Prairie Coneflower,9,5,G5,,N3,,S3,R,CZ,U,R,R,R,R,,,,,,IR,FO,Sum-Aut,N,,Asteraceae,9,5,,,Y,,,Y
74000,RESEALB,,Reseda alba,White Upright Mignonette,,5,GNR,,NNA,,SEH,IH,,,,,,,,,,IH,,,FO,,I,,Resedaceae,0,5,,,N,,,
74002,RESELUT,,Reseda lutea,Yellow Upright Mignonette,,5,GNR,,NNA,,SE1,IR,,,,,,IR,,IH,,,,,FO,Sum,I,,Resedaceae,0,5,,,N,,,
1010350,REYNJAJ,,Reynoutria japonica var. japonica,Japanese Knotweed,,3,GNRTNR,,NNA,,SE5,IX,,IR,IR,IX,IU,IU,IX,IU,IX,IU,IX,IC,FO,Sum,I,,Polygonaceae,0,3,,,N,,,
168016,RHAPREP,,Rhaponticum repens,Russian Knapweed,,5,GNR,,NNA,,SE1,IR,,,,,,,,,,,,IR,FO,,I,,Asteraceae,0,5,,,N,,,
54082,RHEURHA,,Rheum rhabarbarum,Rhubarb,,5,GNR,,NNA,,SE2,IR,,,,,IX,,,,,,,IR,FO,Spr,I,,Polygonaceae,0,5,,,N,,,
123000,RHEXVIR,,Rhexia virginica,Virginia Meadow Beauty,10,-5,G5,,N4,,S4,,,,,,,,,,,,,,FO,Sum,N,,Melastomataceae,10,-5,,,N,,,
153138,RHINMIN,,Rhinanthus minor,Little Yellow Rattle,,0,G5,,N5,,S4?,,,,,,,,,,,,,,FO,,N,,Scrophulariaceae,0,0,,,N,,,
153216,RHINMIG,,Rhinanthus minor ssp. groenlandicus,Greenland Yellow Rattle,,0,G5T5,,N5,,S4?,,,,,,,,,,,,,,FO,,N,,Scrophulariaceae,0,0,,,N,,,
153210,RHINMIM,,Rhinanthus minor ssp. minor,Little Yellow Rattle,,0,G5T5,,N4N5,,SE,,,,,,,,,,,,,,FO,,I,,Scrophulariaceae,0,0,,,N,,,
133036,RHODCAN,,Rhododendron canadense,Rhodora,10,-3,G5,,N5,,SH,,,,,,,,,,,,,,SH,,N,,Ericaceae,10,-3,,,Y,HV,Low,
133032,RHODGRO,,Rhododendron groenlandicum,Common Labrador Tea,9,-5,G5,,N5,,S5,R,,,,H,,,X,,R,R,R,H,SH,,N,,Ericaceae,9,-5,,,N,,,
133038,RHODLAP,,Rhododendron lapponicum,Lapland Rosebay,,-3,G5,,N5,,S4,,,,,,,,,,,,,,SH,,N,,Ericaceae,0,-3,,,N,,,
133069,RHODTOM,,Rhododendron tomentosum,Northern Labrador Tea,,-3,G5,,N5,,S4,,,,,,,,,,,,,,SH,,N,,Ericaceae,0,-3,,,N,,,
1009698,RHODSCA,,Rhodotypos scandens,Black Jetbead,,5,GNR,,NNA,,SE1,IR,,IR,,IR,,,,,,IR,IR,IR,SH,,I,,Rosaceae,0,5,,,N,,,
97002,RHUSARO,,Rhus aromatica,Fragrant Sumac,8,5,G5,,N5,,S4,R,,R,R,R,R,,,R,R,R,R,R,SH,Spr,N,,Anacardiaceae,8,5,,,N,,,Y
1010315,RHUSARA,,Rhus aromatica var. aromatica,Fragrant Sumac,8,5,G5T5,,N5,,S4,R,,R,R,R,R,,,R,R,R,R,R,SH,Spr,N,,Anacardiaceae,8,5,,,N,,,Y
97004,RHUSCOP,,Rhus copallinum,Winged Sumac,7,5,G5,,N4,,S4,R,cz,R,,,R,R,,C,,,,,SH,Sum,N,,Anacardiaceae,7,5,,,N,,,Y
1010312,RHUSCOC,,Rhus copallinum var. copallinum,Winged Sumac,7,5,G5T5,,N4,,S4,R,cz,R,,,R,R,,C,,,,,SH,Sum,N,,Anacardiaceae,7,5,,,N,,,Y
97008,RHUSGLA,,Rhus glabra,Smooth Sumac,7,5,G5,,N5,,S5,R,,U,R,X,R,R,,R,C,H,,R,SH,,N,,Anacardiaceae,7,5,,,N,,,
97018,RHUSTYP,,Rhus typhina,Staghorn Sumac,1,3,G5,,N5,,S5,C,,C,X,X,C,C,X,C,C,C,C,C,SH,,N,,Anacardiaceae,1,3,,,N,,,
97022,RHUSX B,,Rhus x borealis,(Rhus glabra X Rhus typhina),2,5,GNA,,NNA,,SNA,hyb,,hyb,,,hyb,,,hyb,hyb,,,,SH,,N,,Anacardiaceae,2,5,,,N,,,
23632,RHYNALB,,Rhynchospora alba,White Beakrush,10,-5,G5,,N5,,S5,R,,,,R,R,,X,R,,R,,H,SE,,N,,Cyperaceae,10,-5,,,N,,,
23634,RHYNCAP,,Rhynchospora capillacea,Slender Beakrush,10,-5,G4G5,,N4,,S4,R,,,,R,R,,,U,R,R,,,SE,,N,,Cyperaceae,10,-5,,,N,,,
23636,RHYNCAI,,Rhynchospora capitellata,Small-headed Beakrush,10,-5,G5,,N4N5,,S4,R,,R,,H,,R,,,,,,,SE,,N,,Cyperaceae,10,-5,,,N,,,
23638,RHYNFUS,,Rhynchospora fusca,Brown Beakrush,10,-5,G4G5,,N4N5,,S4,,,,,,,,,,,,,,SE,,N,,Cyperaceae,10,-5,,,N,,,
17080,RIBEALP,,Ribes alpinum,Alpine Currant,,,GNR,,NNA,,SE1,IR,,,,,,,,,,IR,,,SH,,I,,Grossulariaceae,0,,,,N,,,
79500,RIBEAME,,Ribes americanum,American Black Currant,4,-3,G5,,N5,,S5,C,,C,X,C,C,C,X,C,C,C,C,C,SH,Sum,N,,Grossulariaceae,4,-3,,,N,,,
79502,RIBEAUR,,Ribes aureum,Golden Currant,,3,G5,,N3,,SE3,,,,,,,,,,,,,,SH,,I,,Grossulariaceae,0,3,,,N,,,
1004624,RIBEAUA,,Ribes aureum var. aureum,Golden Current,,3,G5T3T5,,N3,,SE1,,,,,,,,,,,,,,SH,,I,,Grossulariaceae,0,3,,,N,,,
79504,RIBEAUV,,Ribes aureum var. villosum,Buffalo Currant,,3,G5T4T5,,NNA,,SE3,IR,,IR,IR,IX,IR,IR,,,,IH,IR,IR,SH,,I,,Grossulariaceae,0,3,,,N,,,
79506,RIBECYN,,Ribes cynosbati,Eastern Prickly Gooseberry,4,3,G5,,N5,,S5,C,,C,X,C,C,C,X,C,C,C,C,C,SH,Spr,N,,Grossulariaceae,4,3,,,N,,,
79508,RIBEGLA,,Ribes glandulosum,Skunk Currant,6,-3,G5,,N5,,S5,R,,,,,,,,,,,R,H,SH,,N,,Grossulariaceae,6,-3,,,N,,,
79510,RIBEHIR,,Ribes hirtellum,Swamp Gooseberry,6,-3,G5,,N5,,S5,U,,R,R,R,X,X,X,U,X,R,U,R,SH,Spr,N,,Grossulariaceae,6,-3,,,N,,,
79512,RIBEHUD,,Ribes hudsonianum,Northern Black Currant,8,-5,G5,,N5,,S5,,,,,,,,,,,,,,SH,,N,,Grossulariaceae,8,-5,,,N,,,
1004627,RIBEHUH,,Ribes hudsonianum var. hudsonianum,Northern Black Currant,8,-5,G5T5,,N5,,S5,,,,,,,,,,,,,,SH,,N,,Grossulariaceae,8,-5,,,N,,,
79514,RIBELAC,,Ribes lacustre,Bristly Black Currant,7,-3,G5,,N5,,S5,R,,?,,,,,,R,?,,R,?,SH,,N,,Grossulariaceae,7,-3,,,N,,,
79516,RIBEMIS,,Ribes missouriense,Missouri Gooseberry,,5,G5,,NNA,,SEH,,,,,,,,,,,,,,SH,,I,,Grossulariaceae,0,5,,,N,,,
79518,RIBENIG,,Ribes nigrum,European Black Currant,,5,GNR,,NNA,,SE2,IR,,,,,IR,,,,IX,,,IR,SH,,I,,Grossulariaceae,0,5,,,N,,,
79520,RIBEOXY,,Ribes oxyacanthoides,Canada Gooseberry,,3,G5,,N5,,S5,,,,,,,,,,,,,,SH,,N,,Grossulariaceae,0,3,,,N,,,
79522,RIBEOXO,,Ribes oxyacanthoides var. oxyacanthoides,Canada Gooseberry,,3,G5T5,,N5,,S5,,,,,,,,,,,,,,SH,,N,,Grossulariaceae,0,3,,,N,,,
1004630,RIBEOXS,,Ribes oxyacanthoides var. setosum,Inland Gooseberry,,3,G5T4T5,,N2,,SU,,,,,,,,,,,,,,SH,,N,,Grossulariaceae,,3,,,N,,,
79526,RIBERUB,,Ribes rubrum,European Red Currant,,5,G4G5,,NNA,,SE5,IX,,,,IX,IR,IR,,IU,IX,IC,IX,IC,SH,,I,,Grossulariaceae,0,5,,,N,,,
79528,RIBETRI,,Ribes triste,Swamp Red Currant,6,-5,G5,,N5,,S5,U,,,R,R,X,X,X,U,R,R,C,R,SH,,N,,Grossulariaceae,6,-5,,,N,,,
79530,RIBEUVA,,Ribes uva-crispa,European Gooseberry,,0,GNR,,NNA,,SE1,IR,,,,,,,,,,,IR,IR,SH,,I,,Grossulariaceae,0,0,,,N,,,
1256947,RICICOM,,Ricinus communis,Castor-bean,,3,GNR,,NNA,,SE1,IR,,,,,,,,,,,IR,,FO,,I,,Euphorbiaceae,0,3,,,N,,,
109036,RIPAHER,,Ripariosida hermaphrodita,Virginia Mallow,2,3,G3,END,N1,END,S1,R,CZ,,,,,,,R,,R,,,FO,,N,,Malvaceae,2,3,,,Y,MV,VH,
83210,ROBIHIS,,Robinia hispida,Bristly Locust,,5,G4,,NNA,,SE1,,,,,,,,,,,,,,TR,,I,,Fabaceae,0,5,,,N,,,
83214,ROBIVIS,,Robinia viscosa,Clammy Locust,,5,G3,,NNA,,SE3,IR,,,,,,,,,,IR,IR,IR,TR,,I,,Fabaceae,0,5,,,N,,,
73048,RORIAQU,,Rorippa aquatica,Lakecress,8,-5,G4?,,N3?,,S3?,R,,,,,R,,,,,H,,H,FO,,N,,Brassicaceae,8,-5,,,Y,,,
73247,RORICUR,,Rorippa curvipes,Blunt-leaved Watercress,,-3,G5,,N4,,SE1,,,,,,,,,,,,,,FO,,I,,Brassicaceae,0,-3,,,N,,,
73236,RORIPAL,,Rorippa palustris,Marsh Yellowcress,3,-5,G5,,N5,,S5,C,,C,X,X,X,X,X,X,,U,C,U,FO,,N,,Brassicaceae,3,-5,,,N,,,
73240,RORIPAH,,Rorippa palustris ssp. hispida,Hispid Marsh Yellowcress,3,-5,G5T5,,N5,,S5,C,,C,X,X,X,X,X,X,,U,C,U,FO,,N,,Brassicaceae,3,-5,,,N,,,
73242,RORIPAP,,Rorippa palustris ssp. palustris,Marsh Yellowcress,3,-5,G5T5,,NNR,,S5?,C,,C,X,X,X,X,X,X,,U,C,U,FO,,N,,Brassicaceae,3,-5,,,N,,,
73244,RORISIN,,Rorippa sinuata,Spreading Yellowcress,,-5,G5,,N4?,,SEH,IH,,,,,IH,IH,,,,,,,FO,,I,,Brassicaceae,0,-5,,,N,,,
73246,RORISYL,,Rorippa sylvestris,Creeping Yellowcress,,-5,G5,,NNA,,SE5,IX,,IU,IX,IX,IX,IX,,IR,IX,IR,IX,IR,FO,,I,,Brassicaceae,0,-5,,,N,,,
82300,ROSAACI,,Rosa acicularis,Prickly Rose,5,3,G5,,N5,,S5,R,,,R,R,R,R,X,,R,,R,R,SH,,N,,Rosaceae,5,3,,,N,,,
82302,ROSAACS,,Rosa acicularis ssp. sayi,Prickly Rose,5,3,G5T5,,N5,,S5,R,,,R,R,R,R,X,,R,,R,R,SH,,N,,Rosaceae,5,3,,,N,,,
82304,ROSAARK,,Rosa arkansana,Prairie Rose,5,3,G5,,N5,,S1,,,,,,,,,,,,,,SH,,N,,Rosaceae,5,3,override,Suppl. CW value matches more closely with values from US Wetland Plant List and Michigan Flora,Y,,,
82306,ROSABLA,,Rosa blanda,Smooth Rose,3,3,G5,,N5,,S5,C,,C,X,X,X,X,,U,C,C,C,U,SH,,N,,Rosaceae,3,3,,,N,,,
82308,ROSACAN,,Rosa canina,Dog Rose,,5,GNR,,NNA,,SE2,IX,,IU,IX,IX,IX,IR,,IR,,IR,IX,IR,SH,,I,,Rosaceae,0,5,,,N,,,
82310,ROSACAR,,Rosa carolina,Carolina Rose,6,3,G5,,N5,,S4,,,,,,,,,,,,,,SH,,N,,Rosaceae,6,3,,,N,,,Y
1008314,ROSACAC,,Rosa carolina ssp. carolina,Carolina Rose,6,3,G5T5,,NNR,,S4,C,cz,C,X,R,R,U,,U,C,C,C,R,SH,,N,,Rosaceae,6,3,,,N,,,Y
17250,ROSACAS,,Rosa carolina ssp. subserrulata,Glandular Carolina Rose,6,3,G5TNR,,NU,,SU,,,,,,,,,,,,,,SH,,N,,Rosaceae,6,3,,,N,,,
82312,ROSACIN,,Rosa cinnamomea,Cinnamon Rose,,5,GNR,,NNA,,SE1,,,,,,,,,,,,,,SH,,I,,Rosaceae,0,5,,,N,,,
82314,ROSAGAL,,Rosa gallica,French Rose,,5,GNR,,NNA,,SE1,,,,,,,,,,,,,,SH,,I,,Rosaceae,0,5,,,N,,,
1009359,ROSAHUG,,Rosa hugonis,Hugo's Rose,,,GNR,,NNA,,SE1,,,,,,,,,,,,,,SH,,I,,Rosaceae,0,,,,N,,,
82320,ROSANIT,,Rosa nitida,Shining Rose,,-3,G5,,N5,,SH,,,,,,,,,,,,,,SH,,N,,Rosaceae,,-3,,,Y,,,
82322,ROSAPAL,,Rosa palustris,Swamp Rose,7,-5,G5,,N5,,S5,C,,C,X,X,X,X,X,C,U,C,C,R,SH,,N,,Rosaceae,7,-5,,,N,,,
82526,ROSARUB,,Rosa rubiginosa,Sweetbriar Rose,,3,GNR,,NNA,,SE4,,,,,,,,,,,,,,SH,,I,,Rosaceae,0,3,,,N,,,
1010758,ROSARUN,,Rosa rubiginosa var. nemoralis,Small-flowered Rose,,3,G--TNR,,NNA,,SE1,IR,,IR,,IR,,,,,,,,,SH,,I,,Rosaceae,0,3,,,N,,,
1010755,ROSARUR,,Rosa rubiginosa var. rubiginosa,Sweetbriar Rose,,3,G--TNR,,NNA,,SE4,IX,,IU,IX,IX,IX,IX,IX,IR,,IR,IX,IX,SH,,I,,Rosaceae,0,3,,,N,,,
82324,ROSARUG,,Rosa rugosa,Rugosa Rose,,3,GNR,,NNA,,SE1,IR,,IR,,,,,,IR,IR,,IR,IR,SH,,I,,Rosaceae,0,3,,,N,,,
82326,ROSASET,,Rosa setigera,Climbing Prairie Rose,5,3,G5,SC,N2N3,SC,S2S3,R,cz,C,R,R,R,,,,,,,,SH,,N,,Rosaceae,5,3,,,Y,,,Y
82528,ROSASPI,,Rosa spinosissima,Scotch Rose,,5,G5,,NNA,,SE1,,,,,,,,,,,,,,SH,,I,,Rosaceae,0,5,,,N,,,
82330,ROSAVIR,,Rosa virginiana,Virginia Rose,,0,G5,,N5,,SU,,,,,,,,,,,,,,SH,,N,,Rosaceae,,0,,,N,,,
1264203,ROSAVIV,,Rosa virginiana ssp. virginiana,Virginia Rose,,0,G5T5,,NNR,,SU,,,,,,,,,,,,,,SH,,N,,Rosaceae,,0,,,N,,,
82334,ROSAWOO,,Rosa woodsii,Woods' Rose,,3,G5,,N5,,SU,,,,,,,,,,,,,,SH,,N,,Rosaceae,,3,,,N,,,
82530,ROSAWOW,,Rosa woodsii ssp. woodsii,Woods' Rose,,3,G5T5,,N5,,SU,,,,,,,,,,,,,,SH,,N,,Rosaceae,,3,,,N,,,
1257020,ROSAX G,,Rosa x gilmaniana,(Rosa blanda X Rosa carolina),,,GNA,,NNA,,SNA,hyb,,hyb,,,,,,,,,,,SH,,N,,Rosaceae,0,,,,N,,,
1257023,ROSAX H,,Rosa x hainesii,(Rosa blanda X Rosa virginiana),,,GNA,,NNA,,SNA,hyb,,hyb,,,,,,,,hyb,,,SH,,N,,Rosaceae,0,,,,N,,,
1257026,ROSAX A,,Rosa x harmsiana,(Rosa acicularis X Rosa arkansana),,,GNA,,NNA,,SNA,hyb,,,,,,hyb,,,,,,,SH,,N,,Rosaceae,0,,,,N,,,
1257032,ROSAX O,,Rosa x oldhamii,(Rosa arkansana X Rosa woodsii),,,GNA,,NNA,,SNA,hyb,,,hyb,,,,,,,,,,SH,,N,,Rosaceae,0,,,,N,,,
1298253,ROSAX P,,Rosa x palustriformis,(Rosa blanda X R. palustris),,,GNA,,NNR,,SNA,,,,,,,,,,,,,,SH,,N,,Rosaceae,,,,,N,,,
1257035,ROSAX E,,Rosa x per-axeliana,(Rosa aciculars X Rosa blanda),,,GNA,,NNA,,SNA,,,,,,,,,,,,,,SH,,N,,Rosaceae,0,,,,N,,,
121012,ROTARAM,,Rotala ramosior,Lowland Toothcup,10,-5,G5,THR,N1N2,END,S1,H,,,,,,,,H,,,,,FO,,N,,Lythraceae,10,-5,,,Y,LV,Mod,Y
82338,RUBUALL,,Rubus allegheniensis,Allegheny Blackberry,2,3,G5,,N5,,S5,C,,C,X,X,C,C,X,C,X,C,C,C,SH,,N,,Rosaceae,2,3,,,N,,,
1004395,RUBUARC,,Rubus arcticus,Arctic Raspberry,,-3,G5,,N5,,S5,,,,,,,,,,,,,,SH,,N,,Rosaceae,0,-3,,,N,,,
82336,RUBUARA,,Rubus arcticus ssp. acaulis,Stemless Raspberry,,-3,G5T5,,N5,,S5,,,,,,,,,,,,,,SH,,N,,Rosaceae,0,-3,,,N,,,
82534,RUBUCAE,,Rubus caesius,European Dewberry,,3,G5,,NNA,,SEH,,,,,,,,,,,,,,SH,,I,,Rosaceae,0,3,,,N,,,
82340,RUBUCAN,,Rubus canadensis,Canada Blackberry,2,5,G5,,N5,,S5,R,,R,R,?,R,,,,?,X,,H,SH,,N,,Rosaceae,2,5,,,N,,,
82342,RUBUCHA,,Rubus chamaemorus,Cloudberry,,-3,G5,,N5,,S5,,,,,,,,,,,,,,SH,Sum,N,,Rosaceae,0,-3,,,N,,,
82348,RUBUFLA,,Rubus flagellaris,Northern Dewberry,4,3,G5,,N4N5,,S4,C,,C,R,X,R,R,,C,C,U,U,R,SH,,N,,Rosaceae,4,3,,,N,,,
82352,RUBUHIS,,Rubus hispidus,Bristly Dewberry,6,-3,G5,,N5,,S4,C,,C,X,R,R,X,X,C,X,C,U,R,SH,,N,,Rosaceae,6,-3,,,N,,,
16820,RUBUIDA,,Rubus idaeus,Red Raspberry,2,3,G5,,N5,,S5,,,,,,,,,,,,,,SH,,N,,Rosaceae,2,3,,,N,,,
82354,RUBUIDI,,Rubus idaeus ssp. idaeus,European Red Raspberry,,3,G5T5,,NNA,,SE1,IR,,,,,,,,,,IR,IR,IR,SH,,I,,Rosaceae,0,3,,,N,,,
82536,RUBUIDS,,Rubus idaeus ssp. strigosus,North American Red Raspberry,2,3,G5T5,,N5,,S5,C,,C,X,X,X,X,X,C,C,C,C,C,SH,,N,,Rosaceae,2,3,,,N,,,
82358,RUBUILL,,Rubus illecebrosus,Strawberry Raspberry,,,GNR,,NNA,,SEH,,,,,,,,,,,,,,SH,,I,,Rosaceae,0,,,,N,,,
82548,RUBULAC,,Rubus laciniatus,Cut-leaved Blackberry,,5,GUQ,,NNA,,SE1,IR,,IR,IR,,,,,,,IR,,,SH,,I,,Rosaceae,0,5,,,N,,,
82360,RUBUOCC,,Rubus occidentalis,Black Raspberry,2,5,G5,,N5,,S5,C,,C,X,C,C,X,X,C,X,C,C,C,SH,,N,,Rosaceae,2,5,,,N,,,
82362,RUBUODO,,Rubus odoratus,Purple-flowering Raspberry,3,5,G5,,N5,,S5,C,,C,R,H,R,X,,C,X,C,C,C,SH,,N,,Rosaceae,3,5,,,N,,,
82364,RUBUPAR,,Rubus parviflorus,Western Thimbleberry,7,3,G5,,N5,,S4,,,,,,,,,,,,,,SH,,N,,Rosaceae,7,3,,,N,,,
82366,RUBUPEN,,Rubus pensilvanicus,Pennsylvania Blackberry,3,3,G5,,N4N5,,SU,R,,R,,,,,,R,,R,R,,SH,,N,,Rosaceae,3,3,,,N,,,
82368,RUBUPUB,,Rubus pubescens,Dwarf Raspberry,4,-3,G5,,N5,,S5,C,,R,X,X,X,X,X,C,C,C,C,C,SH,,N,,Rosaceae,4,-3,,,N,,,
82138,RUBUREP,,Rubus repens,Dewdrop,8,0,G5,,N5,,S4?,R,,,,R,,,X,,R,,,,FO,,N,,Rosaceae,8,0,,,N,,,
82370,RUBUSET,,Rubus setosus,Bristly Blackberry,8,-3,G5,,N4N5,,S4,R,,,,,,R,,,,R,R,,SH,,N,,Rosaceae,8,-3,,,N,,,
1010710,RUBUX J,,Rubus x jacens,(Rubus hispidus X Rubus setosus),,,GNA,,NNA,,SNA,,,,,,,,,,,,,,SH,,N,,Rosaceae,0,,,,N,,,
1010707,RUBUX N,,Rubus x neglectus,(Rubus idaeus ssp. strigosus X Rubus occidentalis),,,GNA,,NNA,,SNA,,,,,,,,,,,,,,SH,,N,,Rosaceae,0,,,,N,,,
82540,RUBUX P,,Rubus x paracaulis,(Rubus acaulis X Rubus pubescens),,,GNA,,NNA,,SNA,,,,,,,,,,,,,,SH,,N,,Rosaceae,0,,,,N,,,
1009355,RUBUX R,,Rubus x recurvicaulis,(Rubus flagellaris X Rubus pensilvanicus),,,G4?,,NNA,,SNA,,,,,,,,,,,,,,SH,,N,,Rosaceae,,,,,N,,,
1011050,RUBUX W,,Rubus x wisconsinensis,(Rubus pensilvanicus X Rubus setosus),,,G4?Q,,NNR,,SNA,,,,,,,,,,,,,,SH,,N,,Rosaceae,0,,,,N,,,
168664,RUDBFUL,,Rudbeckia fulgida,Orange Coneflower,,-5,G5,,N1,,S1,R,CZ,R,,,,,,,,,,IR,FO,,N,,Asteraceae,,-5,,,Y,,,
220564,RUDBFUS,,Rudbeckia fulgida var. speciosa,Showy Coneflower,,-5,G5T4?,,N1,,S1,R,CZ,R,,,,,,,,,,IR,FO,,N,,Asteraceae,,-5,,,Y,,,
168666,RUDBGRA,,Rudbeckia grandiflora,Rough Coneflower,,,G5,,NNA,,SEH,,,,,,,,,,,,,,FO,,I,,Asteraceae,0,,,,N,,,
1010713,RUDBGRG,,Rudbeckia grandiflora var. grandiflora,Rough Coneflower,,,G5T4?,,NNA,,SE1,,,,,,,,,,,,,,FO,,I,,Asteraceae,0,,,,N,,,
168668,RUDBHIR,,Rudbeckia hirta,Black-eyed Susan,0,3,G5,,N5,,S5,C,,C,X,X,C,C,X,C,C,C,C,U,FO,Sum,N,,Asteraceae,0,3,,,N,,,Y
1005104,RUDBHIP,,Rudbeckia hirta var. pulcherrima,Black-eyed Susan,0,3,G5T5,,N5,,S5,C,,C,X,X,C,C,X,C,C,C,C,U,FO,Sum,N,,Asteraceae,0,3,,,N,,,Y
168670,RUDBLAC,,Rudbeckia laciniata,Cut-leaved Coneflower,7,-3,G5,,N5,,S5,U,,R,R,X,X,X,X,C,C,R,U,R,FO,Sum-Aut,N,,Asteraceae,7,-3,,,N,,,
1004676,RUDBLAL,,Rudbeckia laciniata var. laciniata,Cut-leaved Coneflower,7,-3,G5T5,,NNR,,S5,U,,R,R,X,X,X,X,C,C,R,U,R,FO,Sum-Aut,N,,Asteraceae,7,-3,,,N,,,
168672,RUDBTRI,,Rudbeckia triloba,Brown-eyed Susan,,3,G5,,NNA,,SE4,IX,,IR,IX,IX,IR,IR,,IC,IX,IR,IX,IR,FO,,I,,Asteraceae,0,3,,,N,,,
1004679,RUDBTRT,,Rudbeckia triloba var. triloba,Brown-eyed Susan,,3,G5T4T5,,NNA,,SE4,IX,,IR,IX,IX,IR,IR,,IC,IX,IR,IX,IR,FO,,I,,Asteraceae,0,3,,,N,,,
54086,RUMEACE,,Rumex acetosella,Sheep Sorrel,,3,GNR,,NNA,,SE5,IC,,IC,IX,IX,IC,IC,IX,IC,IX,IC,IX,IX,FO,,I,,Polygonaceae,0,3,,,N,,,
54088,RUMEALT,,Rumex altissimus,Tall Dock,8,-3,G5,,N2?,,S2?,R,cz,R,R,H,R,R,,,,,,H,FO,,N,,Polygonaceae,8,-3,,,Y,,,Y
54102,RUMEBRI,,Rumex britannica,Greater Water Dock,6,-5,G5,,N5,,S5,C,,R,X,R,X,X,X,C,X,R,C,R,FO,Sum,N,,Polygonaceae,6,-5,,,N,,,
54096,RUMECRI,,Rumex crispus,Curled Dock,,0,GNR,,NNA,,SE5,IC,,IC,IX,IX,IC,IC,IX,IC,IX,IC,IX,IC,FO,,I,,Polygonaceae,0,0,,,N,,,
54146,RUMEDEN,,Rumex dentatus,Toothed Dock,,3,GNR,,NNA,,SEH,IH,,,,,,,,,,,,IH,FO,,I,,Polygonaceae,0,3,override,Suppl. CW value matches more closely with values from US Wetland Plant List,N,,,
1005108,RUMEFUE,,Rumex fueginus,Tierra del Fuego Dock,2,-3,G5,,N5,,S4?,R,,R,,,,R,,,,,,IR,FO,,N,,Polygonaceae,2,-3,,,N,,,
54098,RUMELON,,Rumex longifolius,Long-leaved Dock,,0,GNR,,NNA,,SE1,IR,,,,,IR,,,,,IH,,IR,FO,,I,,Polygonaceae,0,0,,,N,,,
54150,RUMEOBT,,Rumex obtusifolius,Bitter Dock,,-3,GNR,,NNA,,SE5,IX,,IR,IX,IX,IX,IX,IX,IC,IX,IU,IX,IU,FO,,I,,Polygonaceae,0,-3,,,N,,,
54090,RUMEOCC,,Rumex occidentalis,Western Dock,,-5,G5,,N5,,S5,IR,,,,,,,,,,IH,,IR,FO,,N,,Polygonaceae,0,-5,,,N,,,
54104,RUMEPAL,,Rumex pallidus,Seabeach Dock,7,-3,G4,,N4?,,SU,,,,,,,,,,,,,,FO,,N,,Polygonaceae,7,-3,,,N,,,
54106,RUMEPAT,,Rumex patientia,Patience Dock,,5,GNR,,NNA,,SE1,IR,,IR,,,,,IH,,?,,,IX,FO,,I,,Polygonaceae,0,5,,,N,,,
54154,RUMEPSE,,Rumex pseudonatronatus,Field Dock,,,GNR,,NNA,,SEH,,,,,,,,,,,,,,FO,,I,,Polygonaceae,0,,,,N,,,
54108,RUMESAN,,Rumex sanguineus,Red-veined Dock,,-3,GNR,,NNA,,SE1,IR,,,,,IR,IR,,,,,,,FO,,I,,Polygonaceae,0,-3,,,N,,,
17369,RUMESUB,,Rumex subarcticus,Subarctic Dock,,0,G3,,N3,,S1,,,,,,,,,,,,,,FO,,N,,Polygonaceae,,0,,,Y,,,
54138,RUMETHY,,Rumex thyrsiflorus,Narrow-leaved Garden Sorrel,,0,GNR,,NNA,,SE2?,IR,,,,,,,,,,,,IR,FO,,I,,Polygonaceae,0,0,,,N,,,
54110,RUMETRI,,Rumex triangulivalvis,Triangular-valve Dock,0,0,G5,,N5,,S5,R,,,,,,R,IR,,,,R,IR,FO,,N,,Polygonaceae,0,0,,,N,,,
54112,RUMEVER,,Rumex verticillatus,Swamp Dock,7,-5,G5,,N4,,S4,U,,U,,X,R,,X,U,X,R,C,R,FO,,N,,Polygonaceae,7,-5,,,N,,,
54144,RUMEX P,,Rumex x pratensis,(Rumex crispus X Rumex obtusifolius),,,GNA,,NNA,,SNA,hyb,,,,,,,,,,hyb,,,FO,,I,,Polygonaceae,0,,,,N,,,
1004439,RUPPMAR,,Ruppia maritima,Sea Ditchgrass,,-5,G5,,N5,,S2,,,,,,,,,,,,,,FO,,N,,Ruppiaceae,,-5,,,Y,,,
88004,RUTAGRA,,Ruta graveolens,Common Rue,,5,GNR,,NNA,,SE1,IH,,,,,,,,IH,,,,,SH,,I,,Rutaceae,0,5,,,N,,,
143056,SABAANG,,Sabatia angularis,Square-stemmed Rose Gentian,9,0,G5,,NX,,SX,H,CZ,,,,,,,,,,H,,FO,,N,,Gentianaceae,9,0,,,Y,,,
61068,SABUDAW,,Sabulina dawsonensis,Dawson's Stitchwort,10,5,G5,,N5,,S5,,,,,,,,,,,,,,FO,,N,,Caryophyllaceae,10,5,,,N,,,
1011086,SABULIT,,Sabulina litorea,Seashore Stitchwort,10,0,G1Q,,N1,,SH,,,,,,,,,,,,,,FO,,N,,Caryophyllaceae,10,0,,,Y,,,
61072,SABUMIC,,Sabulina michauxii,Michaux's Stitchwort,8,5,G5,,N4N5,,S4S5,R,,R,R,R,,,,U,R,,,R,FO,Sum,N,,Caryophyllaceae,8,5,,,N,,,Y
61074,SABURUB,,Sabulina rubella,Reddish Stitchwort,,0,G5,,N5,,S2S3,,,,,,,,,,,,,,FO,,N,,Caryophyllaceae,,0,,,Y,,,
61076,SABUSTR,,Sabulina stricta,Bog Stichwort,,0,G5,,N4N5,,S4?,,,,,,,,,,,,,,FO,,N,,Caryophyllaceae,0,0,,,N,,,
61194,SAGIJAP,,Sagina japonica,Japanese Pearlwort,,0,GNR,,NNA,,SE1,IR,,,,,,,,,,,,IR,FO,,I,,Caryophyllaceae,0,0,,,N,,,
61096,SAGINOD,,Sagina nodosa,Knotted Pearlwort,10,3,G5,,N4N5,,S4,,,,,,,,,,,,,,FO,,N,,Caryophyllaceae,10,3,,,N,,,
61098,SAGINOB,,Sagina nodosa ssp. borealis,Northern Knotted Pearlwort,10,3,G5T5,,N4N5,,S4,,,,,,,,,,,,,,FO,,N,,Caryophyllaceae,10,3,,,N,,,
61100,SAGIPRO,,Sagina procumbens,Procumbent Pearlwort,,0,G5,,N5,,SE4,IR,,IH,,,IR,,,IR,,IR,IR,IX,FO,,I,,Caryophyllaceae,0,0,,,N,,,
19014,SAGICRI,,Sagittaria cristata,Crested Arrowhead,10,-5,G4?,,N3,,S3,R,cz,,R,H,,,,R,,,,,FO,,N,,Alismataceae,10,-5,,,Y,,,
19010,SAGICUN,,Sagittaria cuneata,Northern Arrowhead,7,-5,G5,,N5,,S5,R,,R,R,R,R,R,,R,,,R,R,FO,,N,,Alismataceae,7,-5,,,N,,,
19012,SAGIGRA,,Sagittaria graminea,Grass-leaved Arrowhead,8,-5,G5,,N4N5,,S4,,,,,,,,,,,,,,FO,,N,,Alismataceae,8,-5,,,N,,,
19016,SAGIGRG,,Sagittaria graminea ssp. graminea,Grass-leaved Arrowhead,8,-5,G5TNR,,N4N5,,S4,,,,,,,,,,,,,,FO,,N,,Alismataceae,8,-5,,,N,,,
19018,SAGILAT,,Sagittaria latifolia,Broad-leaved Arrowhead,4,-5,G5,,N5,,S5,C,,C,X,X,C,C,X,C,C,C,C,C,FO,Sum,N,,Alismataceae,4,-5,,,N,,,
19020,SAGIRIG,,Sagittaria rigida,Sessile-fruited Arrowhead,6,-5,G5,,N4,,S4,R,,R,R,R,,H,,U,R,H,,R,FO,,N,,Alismataceae,6,-5,,,N,,,
55076,SALIMAR,,Salicornia maritima,Maritime Glasswort,,-5,G5,,N5,,S4,,,,,,,,,,,,,,FO,,N,,Chenopodiaceae,0,-5,,,N,,,
41032,SALIALB,,Salix alba,White Willow,,-3,G5,,NNA,,SE4,IX,,IR,IX,IX,IX,IX,IX,IU,,IU,IX,IC,TR,,I,,Salicaceae,0,-3,,,N,,,
41034,SALIAMY,,Salix amygdaloides,Peach-leaved Willow,6,-3,G5,,N5,,S5,C,,C,X,X,X,X,X,U,X,C,C,U,TR,,N,,Salicaceae,6,-3,,,N,,,
41036,SALIARB,,Salix arbusculoides,Little-tree Willow,,-3,G5,,N5,,S1,,,,,,,,,,,,,,TR,,N,,Salicaceae,,-3,,,Y,,,
41038,SALIARC,,Salix arctica,Arctic Willow,,3,G5,,N5,,S3,,,,,,,,,,,,,,SH,,N,,Salicaceae,,3,,,Y,,,
41040,SALIART,,Salix arctophila,Northern Willow,,-3,G5,,N5,,S4,,,,,,,,,,,,,,SH,,N,,Salicaceae,0,-3,,,N,,,
1008185,SALIATR,,Salix atrocinerea,Rusty Willow,,-3,GNR,,NNA,,SE2,IR,,,,IR,,,,,,IR,,,SH,,I,,Salicaceae,0,-3,,,N,,,
41130,SALIBAL,,Salix ballii,Ball's Willow,,-3,G5?,,N3N4,,SH,,,,,,,,,,,,,,SH,,N,,Salicaceae,,-3,,,Y,,,
41046,SALIBEB,,Salix bebbiana,Bebb's Willow,4,-3,G5,,N5,,S5,C,,R,X,X,X,X,X,C,C,C,C,C,SH,,N,,Salicaceae,4,-3,,,N,,,
41048,SALIBRA,,Salix brachycarpa,Short-capsuled Willow,,-3,G5,,N5,,S4,,,,,,,,,,,,,,TR,,N,,Salicaceae,0,-3,,,N,,,
41050,SALIBRB,,Salix brachycarpa var. brachycarpa,Short-capsuled Willow,,-3,G5T5,,NNR,,S4,,,,,,,,,,,,,,SH,,N,,Salicaceae,0,-3,,,N,,,
41078,SALICAL,,Salix calcicola,Limestone Willow,,-3,G4G5,,N4N5,,S4,,,,,,,,,,,,,,TR,,N,,Salicaceae,0,-3,,,N,,,
1008189,SALICAC,,Salix calcicola var. calcicola,Limestone Willow,,-3,G4G5T4,,N4,,S4,,,,,,,,,,,,,,SH,,N,,Salicaceae,0,-3,,,N,,,
41052,SALICAN,,Salix candida,Sage Willow,10,-5,G5,,N5,,S5,R,,H,,R,R,R,,R,R,?,R,H,SH,,N,,Salicaceae,10,-5,,,N,,,
41054,SALICAP,,Salix caprea,Goat Willow,,-3,GNR,,NNA,,SE1,IR,,,,,,,,IR,,,,IR,SH,,I,,Salicaceae,0,-3,,,N,,,
41056,SALICIN,,Salix cinerea,Ashy Willow,,-3,G5,,NNA,,SE1?,IR,,IR,,,IR,IR,,,,IR,,IR,SH,,I,,Salicaceae,0,-3,,,N,,,
41060,SALICOR,,Salix cordata,Heart-leaved Willow,9,0,G4,,N4,,S4,R,,?,,R,R,R,,H,,H,R,R,SH,,N,,Salicaceae,9,0,,,N,,,
41154,SALIDAP,,Salix daphnoides,Violet Willow,,0,GNR,,NNA,,SE1,,,,,,,,,,,,,,TR,,I,,Salicaceae,0,0,,,N,,,
41062,SALIDIS,,Salix discolor,Pussy Willow,3,-3,G5,,N5,,S5,C,,C,U,X,X,X,X,C,C,C,C,C,SH,,N,,Salicaceae,3,-3,,,N,,,
1008192,SALIELA,,Salix elaeagnos,Elaeagnus Willow,,-3,GNR,,NNA,,SEH,,,,,,,,,,,,,,SH,,I,,Salicaceae,0,-3,,,N,,,
41064,SALIERI,,Salix eriocephala,Cottony Willow,4,-3,G5,,N5,,S5,C,,C,U,X,X,X,X,C,X,C,C,C,SH,,N,,Salicaceae,4,-3,,,N,,,
1008199,SALIEUX,,Salix euxina,Crack Willow,,0,GNR,,NNA,,SE,IC,,IU,IX,IX,IX,IX,,IC,IX,IX,IX,IC,TR,,I,,Salicaceae,0,0,,,N,,,
41164,SALIFAM,,Salix famelica,Starved Willow,,-3,G5,,N5,,S4?,,,,,,,,,,,,,,TR,,N,,Salicaceae,0,-3,,,N,,,
41070,SALIGLA,,Salix glauca,Grey-leaved Willow,,0,G5,,N5,,S5,,,,,,,,,,,,,,TR,,N,,Salicaceae,0,0,,,N,,,
41072,SALIGLC,,Salix glauca var. cordifolia,Beautiful Willow,,0,G5T5,,N5,,S5,,,,,,,,,,,,,,TR,,N,,Salicaceae,0,0,,,N,,,
41074,SALIHUM,,Salix humilis,Prairie Willow,7,3,G5,,N5,,S5,R,,R,R,R,R,,,U,U,R,R,R,SH,,N,,Salicaceae,7,3,,,N,,,
41138,SALIHUH,,Salix humilis var. humilis,Tall Prairie Willow,7,3,G5T5,,N5,,S5,R,,R,R,R,R,,,U,U,R,R,R,SH,,N,,Salicaceae,7,3,,,N,,,
1008196,SALIINT,,Salix interior,Sandbar Willow,1,-3,G5,,N5,,S5,C,,C,X,X,C,C,X,C,C,C,C,C,SH,,N,,Salicaceae,1,-3,,,N,,,
41080,SALILUC,,Salix lucida,Shining Willow,5,-3,G5,,N5,,S5,U,,R,X,X,X,X,X,U,,R,C,R,SH,,N,,Salicaceae,5,-3,,,N,,,
41082,SALIMAC,,Salix maccalliana,McCalla's Willow,,-5,G5,,N5,,S3?,,,,,,,,,,,,,,TR,,N,,Salicaceae,,-5,,,Y,,,
1008505,SALIMAT,,Salix matsudana,Corkscrew Willow,,0,GNR,,NNA,,SE1,IR,,IR,,,,,,,,IR,,IR,TR,,I,,Salicaceae,0,0,,,N,,,
41086,SALIMYR,,Salix myricoides,Bayberry Willow,10,-3,G4,,N4,,S4,R,,H,,H,R,?,X,R,,H,,H,SH,,N,,Salicaceae,10,-3,,,N,,,
41152,SALIMYS,,Salix myrsinifolia,Dark-leaved Willow,,-5,GNR,,NNA,,SE1,,,,,,,,,,,,,,SH,,I,,Salicaceae,0,-5,,,N,,,
41088,SALIMYT,,Salix myrtillifolia,Low Blueberry Willow,,-3,G5,,N5,,S4,,,,,,,,,,,,,,TR,,N,,Salicaceae,0,-3,,,N,,,
41090,SALINIG,,Salix nigra,Black Willow,6,-5,G5,,N4N5,,S4,U,,U,X,R,X,X,X,U,U,C,C,U,TR,,N,,Salicaceae,6,-5,,,N,,,
41092,SALIPED,,Salix pedicellaris,Bog Willow,9,-5,G5,,N5,,S5,R,,H,,R,R,,X,R,R,H,R,R,SH,,N,,Salicaceae,9,-5,,,N,,,
41094,SALIPEL,,Salix pellita,Satiny Willow,7,-3,G5,,N5,,S5,,,,,,,,,,,,,,TR,,N,,Salicaceae,7,-3,,,N,,,
41098,SALIPET,,Salix petiolaris,Meadow Willow,3,-3,G5,,N5,,S5,C,,R,C,R,X,X,X,C,C,U,C,C,SH,,N,,Salicaceae,3,-3,,,N,,,
41100,SALIPLA,,Salix planifolia,Tea-leaved Willow,7,-5,G5,,N5,,S5,,,,,,,,,,,,,,TR,,N,,Salicaceae,7,-5,,,N,,,
41102,SALIPSE,,Salix pseudomonticola,False Mountain Willow,,-3,G5,,N5,,S3?,,,,,,,,,,,,,,SH,,N,,Salicaceae,,-3,,,Y,,,
41148,SALIPSU,,Salix pseudomyrsinites,Tall Blueberry Willow,,-3,G5,,N5,,S5,,,,,,,,,,,,,,TR,,N,,Salicaceae,0,-3,,,N,,,
41104,SALIPUR,,Salix purpurea,Purple Willow,,-3,G5,,NNA,,SE4,IU,,IR,IX,IH,IX,IX,IX,IC,IX,IU,IX,IU,SH,,I,,Salicaceae,0,-3,,,N,,,
41106,SALIPYR,,Salix pyrifolia,Balsam Willow,10,-3,G5,,N5,,S5,R,,,,,R,,,R,,,,,SH,,N,,Salicaceae,10,-3,,,N,,,
41108,SALIRET,,Salix reticulata,Net-veined Willow,,0,G5,,N5,,S4,,,,,,,,,,,,,,SH,,N,,Salicaceae,0,0,,,N,,,
41114,SALISER,,Salix serissima,Autumn Willow,6,-5,G5,,N5,,S5,R,,,R,R,R,R,X,U,,R,R,R,SH,,N,,Salicaceae,6,-5,,,N,,,
1008205,SALITRI,,Salix triandra,Almond Willow,,-3,GNR,,NNA,,SE1,IR,,,,,,,,,,,,IR,TR,,I,,Salicaceae,0,-3,,,N,,,
41116,SALIVES,,Salix vestita,Hairy Willow,,0,G5,,N5,,S4,,,,,,,,,,,,,,SH,,N,,Salicaceae,0,0,,,N,,,
41118,SALIVIM,,Salix viminalis,Basket Willow,,-3,GNR,,NNA,,SE2,IR,,,IR,,,,,,,,,IR,SH,,I,,Salicaceae,0,-3,,,N,,,
1008202,SALIX F,,Salix x fragilis,(Salix alba X Salix euxina),,0,GNA,,NNA,,SNA,hyb,,hyb,hyb,hyb,hyb,hyb,,hyb,hyb,hyb,hyb,hyb,TR,,I,,Salicaceae,0,0,,,N,,,
1008208,SALIX G,,Salix x glatfelteri,(Salix amygdaloides X Salix nigra),,-3,GNA,,NNA,,SNA,,,,,,,,,,,,,,TR,,N,,Salicaceae,0,-3,,,N,,,
1008211,SALIX H,,Salix x hudsonensis,(Salix arctica X Salix arctophila),,,GNA,,NNA,,SNA,,,,,,,,,,,,,,TR,,N,,Salicaceae,0,,,,N,,,
41156,SALIX J,,Salix x jamesensis,(Salix pedicellaris X Salix pellita),,,GNA,,NNA,,SNA,,,,,,,,,,,,,,TR,,N,,Salicaceae,,,,,N,,,
41158,SALIX E,,Salix x jesupii,(Salix alba X Salix lucida),,,GNA,,NNA,,SNA,,,,,,,,,,,,,,SH,,I,,Salicaceae,0,,,,N,,,
1008502,SALIX L,,Salix x laurentiana,(Salix discolor X Salix myricoides),,,GNA,,NNA,,SNA,,,,,,,,,,,,,,TR,,N,,Salicaceae,0,,,,N,,,
1268640,SALIX M,,Salix x meyeriana,(Salix euxina X Salix pentandra),,5,GNA,,NNA,,SNA,IR,,IR,IX,,IR,IR,IX,,,IR,IR,IR,SH,,N,,Salicaceae,,5,,,N,,,
41160,SALIX P,,Salix x pendulina,(Salix babylonica X Salix euxina),,-3,GNA,,NNA,,SNA,hyb,,,,,,,,,,,,hyb,TR,,I,,Salicaceae,0,-3,,,N,,,
41124,SALIX S,,Salix x sepulcralis,(Salix alba X Salix babylonica),,-3,GNA,,NNA,,SNA,hyb,,hyb,,,hyb,,hyb,,,,hyb,hyb,TR,,I,,Salicaceae,0,-3,,,N,,,
220547,SALIX W,,Salix x waghornei,(Salix arctica X Salix glauca var. cordifolia),,,GNA,,NNA,,SNA,,,,,,,,,,,,,,TR,,N,,Salicaceae,0,,,,N,,,
55078,SALSCOL,,Salsola collina,Slender Russian Thistle,,5,GNR,,NNA,,SE4,IR,,IR,IR,IR,IR,IR,IX,IR,IX,IR,IR,IR,FO,,I,,Chenopodiaceae,0,5,,,N,,,
55092,SALSKAL,,Salsola kali,Common Saltwort,,3,GNR,,NNA,,SE1,IR,,,IR,,,,,,,,,,FO,,I,,Chenopodiaceae,0,3,,,N,,,
55094,SALSKAK,,Salsola kali ssp. kali,Common Saltwort,,3,GNRTNR,,NNA,,SE1,IR,,,IR,,,,,,,,,,FO,,I,,Chenopodiaceae,0,3,,,N,,,
55096,SALSTRA,,Salsola tragus,Prickly Russian Thistle,,3,GNR,,NNA,,SE5,IC,,IC,IX,IX,IX,IU,IX,IC,IX,IR,IX,IX,FO,Sum,I,,Chenopodiaceae,0,3,,,N,,,
151126,SALVNEM,,Salvia nemorosa,Woodland Sage,,5,GNR,,NNA,,SE1,IR,,IR,IR,,IH,IR,,,,,IR,,FO,,I,,Lamiaceae,0,5,,,N,,,
151128,SALVOFF,,Salvia officinalis,Kitchen Sage,,5,GNR,,NNA,,SEH,,,,,,,,,,,,,,FO,,I,,Lamiaceae,0,5,,,N,,,
151130,SALVPRA,,Salvia pratensis,Meadow Sage,,5,GNR,,NNA,,SE2,IR,,,,,,,,,,,IR,,FO,,I,,Lamiaceae,0,5,,,N,,,
151132,SALVREF,,Salvia reflexa,Lance-leaved Sage,,5,G5,,NNA,,SE1,IR,,IR,,,,,,,,,IR,IR,FO,,I,,Lamiaceae,0,5,,,N,,,
151134,SALVSCL,,Salvia sclarea,European Sage,,5,GNR,,NNA,,SE1,,,,,,,,,,,,,,FO,,I,,Lamiaceae,0,5,,,N,,,
151136,SALVVER,,Salvia verticillata,Lilac Sage,,5,GNR,,NNA,,SE1,,,,,,,,,,,,,,FO,,I,,Lamiaceae,0,5,,,N,,,
162038,SAMBCAN,,Sambucus canadensis,Common Elderberry,5,-3,G5,,N5,,S5,C,,C,X,X,X,X,X,C,X,C,C,C,SH,,N,,Caprifoliaceae,5,-3,,,N,,,
17067,SAMBNIG,,Sambucus nigra,Black Elderberry,,-3,G5,,NNA,,SEH,,,,,,,,,,,,,,SH,,I,,Caprifoliaceae,0,-3,,,N,,,
162040,SAMBRAC,,Sambucus racemosa,Red Elderberry,5,3,G5,,N5,,S5,C,,R,R,R,X,X,X,C,X,C,C,C,SH,,N,,Caprifoliaceae,5,3,,,N,,,
162042,SAMBRAP,,Sambucus racemosa ssp. pubens,Red Elderberry,5,3,G5T5,,N5,,S5,C,,R,R,R,X,X,X,C,X,C,C,C,SH,,N,,Caprifoliaceae,5,3,,,N,,,
1011001,SAMBRAU,,Sambucus racemosa ssp. pubens var. pubens,Red Elderberry,5,3,G5T5,,N5,,S5,C,,R,R,R,X,X,X,C,X,C,C,C,SH,,N,,Caprifoliaceae,5,3,,,N,,,
135050,SAMOPAR,,Samolus parviflorus,Seaside Brookweed,5,-5,G5,,N4,,S4,R,cz,R,,R,R,R,,R,R,R,C,R,FO,,N,,Primulaceae,5,-5,,,N,,,
71014,SANGCAN,,Sanguinaria canadensis,Bloodroot,5,3,G5,,N5,,S5,C,,U,X,X,X,C,X,C,C,C,C,C,FO,Spr,N,,Papaveraceae,5,3,,,N,,,
129078,SANICAN,,Sanicula canadensis,Canada Sanicle,7,3,G5,,N4,,S4,,,,,,,,,,,,,,FO,,N,,Apiaceae,7,3,,,P,,,
129080,SANICAC,,Sanicula canadensis var. canadensis,Short-styled Canada Sanicle,7,3,G5T5,,N4,,S4,U,cz,C,X,R,R,R,,U,?,R,C,,FO,,N,,Apiaceae,7,3,,,N,,,
129082,SANICAG,,Sanicula canadensis var. grandis,Long-styled Canada Sanicle,7,3,G5T3T5,,N2,,S2,R,cz,,,,H,H,,,R,,U,R,FO,,N,,Apiaceae,7,3,,,Y,,,
129084,SANIMAR,,Sanicula marilandica,Maryland Sanicle,5,3,G5,,N5,,S5,C,,C,R,X,X,X,X,C,C,C,C,X,FO,,N,,Apiaceae,5,3,,,N,,,
129086,SANIODO,,Sanicula odorata,Clustered Sanicle,6,0,G5,,N5,,S5,C,,C,X,C,X,X,X,C,?,U,U,R,FO,,N,,Apiaceae,6,0,,,N,,,
129088,SANITRI,,Sanicula trifoliata,Large-fruited Sanicle,7,5,G4,,N4,,S4,U,,U,X,R,X,X,,U,X,R,C,R,FO,,N,,Apiaceae,7,5,,,N,,,
61104,SAPOOFF,,Saponaria officinalis,Bouncing-bet,,3,GNR,,NNA,,SE5,IC,,IC,IX,IX,IX,IC,IX,IC,IX,IC,IC,IU,FO,Sum,I,,Caryophyllaceae,0,3,,,N,,,
75000,SARRPUR,,Sarracenia purpurea,Northern Pitcher Plant,10,-5,G5,,N5,,S5,R,,,,R,R,R,X,H,R,H,R,H,FO,,N,,Sarraceniaceae,10,-5,,,N,,,
1008320,SARRPUP,,Sarracenia purpurea ssp. purpurea,Northern Pitcher Plant,10,-5,G5T5,,N5,,S5,R,,,,R,R,R,X,H,R,H,R,H,FO,,N,,Sarraceniaceae,10,-5,,,N,,,
70002,SASSALB,,Sassafras albidum,Sassafras,6,3,G5,,N4,,S4,C,cz,C,X,X,X,C,X,C,U,C,C,R,TR,,N,,Lauraceae,6,3,,,N,LV,VH,
151138,SATUHOR,,Satureja hortensis,Summer Savory,,5,GNR,,NNA,,SE2,IR,,IR,,IH,,,,,,IR,IR,IR,FO,,I,,Lamiaceae,0,5,,,N,,,
40000,SAURCER,,Saururus cernuus,Lizard's-tail,8,-5,G5,,N3,,S3,R,cz,U,R,R,U,R,X,,,R,R,,FO,Sum,N,,Saururaceae,8,-5,,,Y,,,
79022,SAXIAIZ,,Saxifraga aizoides,Yellow Mountain Saxifrage,,-3,G5,,N5,,S4,,,,,,,,,,,,,,FO,,N,,Saxifragaceae,0,-3,,,N,,,
79024,SAXICER,,Saxifraga cernua,Nodding Saxifrage,,-3,G5,,N5,,SH,,,,,,,,,,,,,,FO,,N,,Saxifragaceae,,-3,,,Y,,,
79026,SAXICES,,Saxifraga cespitosa,Tufted Saxifrage,,0,G5,,N5,,S1S2,,,,,,,,,,,,,,FO,,N,,Saxifragaceae,,0,,,Y,,,
79028,SAXIHIR,,Saxifraga hirculus,Yellow Marsh Saxifrage,,-5,G5,,N4N5,,S4,,,,,,,,,,,,,,FO,,N,,Saxifragaceae,0,-5,,,N,,,
79030,SAXIOPP,,Saxifraga oppositifolia,Purple Mountain Saxifrage,,0,G5,,N5,,S1,,,,,,,,,,,,,,FO,,N,,Saxifragaceae,,0,,,Y,EV,VH,
79032,SAXIOPO,,Saxifraga oppositifolia ssp. oppositifolia,Purple Mountain Saxifrage,,0,G5T5,,N5,,S1,,,,,,,,,,,,,,FO,,N,,Saxifragaceae,,0,,,Y,,,
79034,SAXIPAN,,Saxifraga paniculata,White Mountain Saxifrage,10,0,G5,,N5?,,S4,,,,,,,,,,,,,,FO,,N,,Saxifragaceae,10,0,,,N,HV,Mod,
1010716,SAXIPAL,,Saxifraga paniculata ssp. laestadii,Laestadius' Saxifrage,10,0,G5T5?,,N5?,,S4,,,,,,,,,,,,,,FO,,N,,Saxifragaceae,10,0,,,N,,,
1005241,SAXIRIV,,Saxifraga rivularis,Alpine Brook Saxifrage,,-3,G5,,N4N5,,S1,,,,,,,,,,,,,,FO,,N,,Saxifragaceae,,-3,,,Y,,,
1005259,SAXIRIR,,Saxifraga rivularis ssp. rivularis,Alpine Brook Saxifrage,,-3,G5TNR,,N4,,S1,,,,,,,,,,,,,,FO,,N,,Saxifragaceae,,-3,,,Y,,,
79038,SAXITRI,,Saxifraga tricuspidata,Three-toothed Saxifrage,,5,G5,,N5,,S4,,,,,,,,,,,,,,FO,,N,,Saxifragaceae,0,5,,,P,,,
1256909,SCABOCH,,Scabiosa ochroleuca,Cream Pincushions,,,GNR,,NNA,,SE1,,,,,,,,,,,,,,FO,,I,,Dipsacaceae,0,,,,N,,,
129090,SCANPEC,,Scandix pecten-veneris,Shepherd's Needle,,,GNR,,NNA,,SEH,,,,,,,,,,,,,,FO,,I,,Apiaceae,0,,,,N,,,
1008499,SORBINT,,Scandosorbus intermedia,Swedish Whitebeam,,,GNR,,NNA,,SE1,IR,,,,,,,,,,IR,IR,IR,SH,,I,,Rosaceae,0,,,,N,,,
5006,SCEPDIS,,Sceptridium dissectum,Cut-leaved Grapefern,6,0,G5,,N5,,S4S5,C,,C,X,X,X,C,X,C,X,U,U,R,FE,,N,,Ophioglossaceae,6,0,,,N,,,
5024,SCEPMUL,,Sceptridium multifidum,Leathery Grapefern,6,3,G5,,N5,,S5,R,,H,R,R,R,R,,R,R,R,R,R,FE,,N,,Ophioglossaceae,6,3,,,N,,,
5026,SCEPONE,,Sceptridium oneidense,Blunt-lobed Grapefern,8,5,G4,,N3,,S3?,R,,R,R,,R,R,R,U,R,R,R,H,FE,,N,,Ophioglossaceae,8,5,,,Y,,,
5032,SCEPRUG,,Sceptridium rugulosum,Rugulose Grapefern,6,5,G3,,N2,,S2?,R,cz,R,,,R,,,R,R,,,H,FE,,N,,Ophioglossaceae,6,5,,,Y,,,
19500,SCHEPAL,,Scheuchzeria palustris,Marsh Scheuchzeria,10,-5,G5,,N5,,S5,H,,,,H,H,,,,,,,H,FO,,N,,Scheuchzeriaceae,10,-5,,,N,,,
22562,SCHIPUR,,Schizachne purpurascens,Purple False Melic,6,3,G5,,N5,,S5,U,,,R,R,X,U,X,C,X,R,C,R,GR,,N,,Poaceae,6,3,,,N,,,
1010812,SCHIPUP,,Schizachne purpurascens ssp. purpurascens,Purple False Melic,6,3,G5T5,,N5,,S5,U,,,R,R,X,U,X,C,X,R,C,R,GR,,N,,Poaceae,6,3,,,N,,,
22566,SCHISCO,,Schizachyrium scoparium,Little Bluestem,7,3,G5,,N5,,S4,U,,U,X,X,X,U,X,C,C,R,R,R,GR,Aut,N,,Poaceae,7,3,,,N,,,Y
22800,SCHISCS,,Schizachyrium scoparium var. scoparium,Little Bluestem,7,3,G5T5,,N5,,S4,U,,U,X,X,X,U,X,C,C,R,R,R,GR,Aut,N,,Poaceae,7,3,,,N,,,Y
1264539,SCHOMUC,,Schoenoplectiella mucronata,Bog Bulrush,,-5,GNR,,NNA,,SE1,,,,,,,,,,,,,,SE,,I,,Cyperaceae,0,-5,,,N,,,
23672,SCHOPUR,,Schoenoplectiella purshiana,Weak-stalked Bulrush,9,-5,G4G5,,N2,,S1?,R,,R,,,,,,,,H,,,SE,,N,,Cyperaceae,9,-5,,,Y,,,
1008236,SCHOPUP,,Schoenoplectiella purshiana var. purshiana,Weak-stalked Bulrush,9,-5,G4G5T4T5,,N1N2,,S1?,,,,,,,,,,,,,,SE,,N,,Cyperaceae,9,-5,,,Y,,,
1264050,SCHOPUW,,Schoenoplectiella purshiana var. williamsii,Williams' Bulrush,9,-5,G4G5TNR,,NNR,,SH,,,,,,,,,,,,,,SE,,N,,Cyperaceae,9,-5,,,Y,,,
23678,SCHOSMI,,Schoenoplectiella smithii,Smith's Bulrush,9,-5,G5?,,N3,,S2S3,R,,R,R,R,R,,,R,,R,,H,SE,,N,,Cyperaceae,9,-5,,,Y,,,
1007444,SCHOSMS,,Schoenoplectiella smithii var. setosa,Smith's Bulrush,9,-5,G5?TNR,,NNR,,S1S3,,,,,,,,,,,,,,SE,,N,,Cyperaceae,9,-5,,,Y,,,
1007445,SCHOSMM,,Schoenoplectiella smithii var. smithii,Smith's Bulrush,9,-5,G5?TNR,,NNR,,S1S3,,,,,,,,,,,,,,SE,,N,,Cyperaceae,9,-5,,,Y,,,
17096,SCHOACU,,Schoenoplectus acutus,Hard-stemmed Bulush,5,-5,G5,,N5,,S5,R,,R,R,X,R,R,X,U,X,R,R,R,SE,,N,,Cyperaceae,5,-5,,,N,,,
1004688,SCHOACA,,Schoenoplectus acutus var. acutus,Hard-stemmed Bulrush,5,-5,G5T5,,N5,,S5,R,,R,R,X,R,R,X,U,X,R,R,R,SE,,N,,Cyperaceae,5,-5,,,N,,,
23660,SCHOHET,,Schoenoplectus heterochaetus,Slender Bulrush,10,-5,G5,,N3,,S3?,,,,,,,,,,,,,,SE,,N,,Cyperaceae,10,-5,,,Y,,,
23670,SCHOPUN,,Schoenoplectus pungens,Common Three-square Bulrush,6,-5,G5,,N5,,S5,U,,U,X,X,U,R,X,C,C,R,R,U,SE,,N,,Cyperaceae,6,-5,,,N,,,
1011092,SCHOPUL,,Schoenoplectus pungens var. longispicatus,Long-awned Three-square Bulrush,6,-5,G5T5,,N5,,SU,,,,,,,,,,,,,,SE,,N,,Cyperaceae,6,-5,,,N,,,
1011089,SCHOPUU,,Schoenoplectus pungens var. pungens,Common Three-square Bulrush,6,-5,G5T5,,N5,,SU,,,,,,,,,,,,,,SE,,N,,Cyperaceae,6,-5,,,N,,,
23680,SCHOSUB,,Schoenoplectus subterminalis,Water Bulrush,10,-5,G5,,N5,,S4S5,R,,R,,R,,,,R,,,,,SE,,N,,Cyperaceae,10,-5,,,N,,,
23686,SCHOTAB,,Schoenoplectus tabernaemontani,Soft-stemmed Bulrush,5,-5,G5,,N5,,S5,C,,U,X,X,C,U,X,C,X,C,C,C,SE,,N,,Cyperaceae,5,-5,,,N,,,
23682,SCHOTOR,,Schoenoplectus torreyi,Torrey's Bulrush,10,-5,G5?,,N4N5,,S4,R,,,,R,,,,,,,,,SE,,N,,Cyperaceae,10,-5,,,N,,,
23001,SCHOX O,,Schoenoplectus x oblongus,(Schoenoplectus acutus X Schoenoplectus heterochaetus),,-5,GNA,,NNA,,SNA,,,,,,,,,,,,,,SE,,N,,Cyperaceae,0,-5,,,N,,,
1009768,SCILFOR,,Scilla forbesii,Forbes' Squill,,5,GNR,,NNA,,SE1,,,,,,,,,,,,,,FO,,I,,Liliaceae,0,5,,,N,,,
1009765,SCILLUC,,Scilla luciliae,Lucile's Squill,,0,GNR,,NNA,,SE1,,,,,,,,,,,,,,FO,,I,,Liliaceae,0,0,,,N,,,
200199,SCIRATR,,Scirpus atrocinctus,Black-girdled Bulrush,5,-5,G5,,N5,,S5,R,,,,,,R,,,,,,,SE,,N,,Cyperaceae,5,-5,,,N,,,
23644,SCIRATO,,Scirpus atrovirens,Dark-green Bulrush,3,-5,G5,,N5,,S5,C,,C,X,X,C,C,X,C,C,C,C,C,SE,Sum,N,,Cyperaceae,3,-5,,,N,,,
23650,SCIRCYP,,Scirpus cyperinus,Common Woolly Bulrush,4,-5,G5,,N5,,S5,C,,R,X,X,C,C,X,C,C,C,C,C,SE,,N,,Cyperaceae,4,-5,,,N,,,
23652,SCIREXP,,Scirpus expansus,Woodland Bulrush,9,-5,G4,,N1,,S1,R,CZ,,,R,,,,,,,,,SE,,N,,Cyperaceae,9,-5,,,Y,,,
23656,SCIRGEO,,Scirpus georgianus,Georgia Bulrush,6,-5,G5,,N1N2,,S1?,R,cz,,,R,,,,,,,,,SE,,N,,Cyperaceae,6,-5,,,Y,,,
23658,SCIRHAT,,Scirpus hattorianus,Mosquito Bulrush,6,-3,G5,,N5,,S4,R,,R,,R,R,R,,R,,R,,R,SE,,N,,Cyperaceae,6,-3,,,N,,,
23664,SCIRMIC,,Scirpus microcarpus,Red-tinged Bulrush,4,-5,G5,,N5,,S5,U,,,R,,R,U,X,U,X,R,R,U,SE,,N,,Cyperaceae,4,-5,,,N,,,
1005123,SCIRPAL,,Scirpus pallidus,Pale Bulrush,,-5,G5,,N4,,SU,,,,,,,,,,,,,,SE,,N,,Cyperaceae,,-5,,,N,,,
23666,SCIRPED,,Scirpus pedicellatus,Stalked Bulrush,8,-5,G4,,N4,,SU,R,,,,,R,,,,,,,,SE,,N,,Cyperaceae,8,-5,,,N,,,
23668,SCIRPEN,,Scirpus pendulus,Hanging Bulrush,3,-5,G5,,N5,,S5,C,,C,R,X,C,C,X,C,C,U,C,R,SE,,N,,Cyperaceae,3,-5,,,N,,,
61106,SCLEANN,,Scleranthus annuus,Annual Knawel,,3,GNR,,NNA,,SE5,IR,,IR,IX,IX,IX,IR,IX,IR,IX,IR,,IX,FO,,I,,Caryophyllaceae,0,3,,,N,,,
1007446,SCLEANA,,Scleranthus annuus ssp. annuus,Annual Knawel,,3,GNRTNR,,NNA,,SE5,IR,,IR,IX,IX,IX,IR,IX,IR,IX,IR,,IX,FO,,I,,Caryophyllaceae,0,3,,,N,,,
23690,SCLEPAU,,Scleria pauciflora,Few-flowered Nutrush,10,3,G5,,N1,,S1,R,CZ,R,,?,,,,,,,,,SE,,N,,Cyperaceae,10,3,,,Y,,,Y
1004691,SCLEPAP,,Scleria pauciflora var. pauciflora,Few-flowered Nutrush,10,3,G5T5?,,N1,,S1,R,CZ,R,,?,,,,,,,,,SE,,N,,Cyperaceae,10,3,,,Y,,,Y
23692,SCLETRI,,Scleria triglomerata,Whip Nutrush,10,0,G5,,N1,,S1,R,CZ,R,,R,H,,,,,,,H,SE,,N,,Cyperaceae,10,0,,,Y,,,Y
23694,SCLEVER,,Scleria verticillata,Low Nutrush,10,-5,G5,,N3,,S3,R,cz,,,R,,R,,R,R,,,R,SE,,N,,Cyperaceae,10,-5,,,Y,MV,High,Y
22850,SCLEDUR,,Sclerochloa dura,Common Hardgrass,,5,GNR,,NNA,,SE1,IR,,,IR,IR,,,,,,,,,GR,,I,,Poaceae,0,5,,,N,,,
168582,SCORAUT,,Scorzoneroides autumnalis,Autumn Hawkbit,,3,GNR,,NNA,,SE5,IX,,IR,,IX,IR,IR,,IR,,IU,,IX,FO,,I,,Asteraceae,0,3,,,N,,,
153140,SCROLAN,,Scrophularia lanceolata,Lance-leaved Figwort,7,3,G5,,N4N5,,S4,R,,R,,R,R,R,X,,R,R,,,FO,,N,,Scrophulariaceae,7,3,,,N,,,
153142,SCROMAR,,Scrophularia marilandica,Carpenter's Figwort,7,3,G5,,N4,,S4,R,cz,U,R,R,X,R,X,U,R,R,C,R,FO,,N,,Scrophulariaceae,7,3,,,N,,,
151140,SCUTGAL,,Scutellaria galericulata,Marsh Skullcap,6,-5,G5,,N5,,S5,C,,C,X,X,X,X,X,C,C,U,C,R,FO,,N,,Lamiaceae,6,-5,,,N,,,
1010460,SCUTGAP,,Scutellaria galericulata var. pubescens,Marsh Skullcap,6,-5,G5T5,,N5,,S5,C,,C,X,X,X,X,X,C,C,U,C,R,FO,,N,,Lamiaceae,6,-5,,,N,,,
151142,SCUTLAT,,Scutellaria lateriflora,Mad-dog Skullcap,5,-5,G5,,N5,,S5,C,,C,X,X,X,X,X,C,C,C,C,R,FO,Sum,N,,Lamiaceae,5,-5,,,N,,,
151144,SCUTNER,,Scutellaria nervosa,Veined Skullcap,10,0,G5,,N1,,S1,R,CZ,R,,,,,,,,,,,FO,,N,,Lamiaceae,10,0,,,Y,,,
151146,SCUTPAR,,Scutellaria parvula,Small Skullcap,9,3,G4,,N4,,S4,,,,,,,,,,,,,,FO,,N,,Lamiaceae,9,3,,,P,,,Y
151148,SCUTPAM,,Scutellaria parvula var. missouriensis,Leonard's Small Skullcap,9,3,G4T4,,N3,,S3,R,,,,,R,,,,,,,,FO,,N,,Lamiaceae,9,3,,,Y,,,
151204,SCUTPAP,,Scutellaria parvula var. parvula,Small Skullcap,9,3,G4T4,,NNR,,S4,R,,R,,R,R,R,,R,,R,,H,FO,,N,,Lamiaceae,9,3,,,N,,,Y
22568,SECACER,,Secale cereale,Cultivated Rye,,5,GNR,,NNA,,SE3,IX,,IR,,IX,IX,IR,IX,IC,IX,IR,IR,IR,GR,,I,,Poaceae,0,5,,,N,,,
78008,SEDUALB,,Sedum album,White Stonecrop,,5,GNR,,NNA,,SE1,IR,,,,,,,,,,IR,,IR,FO,,I,,Crassulaceae,0,5,,,N,,,
78010,SEDUHIS,,Sedum hispanicum,Spanish Stonecrop,,5,GNR,,NNA,,SE1,IR,,,,,IR,,,,,,,IR,FO,,I,,Crassulaceae,0,5,,,N,,,
78018,SEDUSAR,,Sedum sarmentosum,Stringy Stonecrop,,5,GNR,,NNA,,SE1,IR,,IR,,,IR,,,IR,,IR,IX,IR,FO,,I,,Crassulaceae,0,5,,,N,,,
78020,SEDUSEX,,Sedum sexangulare,Hexagon Stonecrop,,5,GNR,,NNA,,SE1,,,,,,,,,,,,,,FO,,I,,Crassulaceae,0,5,,,N,,,
78030,SEDUTER,,Sedum ternatum,Woodland Stonecrop,,5,G5,,NNA,,SE1,IR,,,IR,,,,,,,IR,,,FO,,I,,Crassulaceae,0,5,,,N,,,
1010895,SEDUTHA,,Sedum thartii,'t Hart's Stonecrop,,5,GNR,,NNA,,SE1,,,,,,,,,,,,,,FO,,I,,Crassulaceae,0,5,,,N,,,
3002,SELADEN,,Selaginella densa,Prairie Spikemoss,,5,G5,,N5,,S4,,,,,,,,,,,,,,FE,,N,,Selaginellaceae,0,5,,,N,,,
3008,SELAECL,,Selaginella eclipes,Hidden Spikemoss,7,-3,G4,,N4,,S4,R,,R,R,R,X,R,,U,U,R,R,R,FE,,N,,Selaginellaceae,7,-3,,,N,,,
3004,SELARUP,,Selaginella rupestris,Rock Spikemoss,8,5,G5,,N5,,S5,R,,,,,R,,R,R,R,,,,FE,,N,,Selaginellaceae,8,5,,,N,,,
3006,SELASEL,,Selaginella selaginoides,Low Spikemoss,10,-3,G5,,N5,,S4,,,,,,,,,,,,,,FE,,N,,Selaginellaceae,10,-3,,,N,,,
78032,SEMPTEC,,Sempervivum tectorum,Hen-and-chickens,,,GNR,,NNA,,SE1,,,,,,,,,,,,,,FO,,I,,Crassulaceae,0,,,,N,,,
168678,SENEERE,,Senecio eremophilus,Dryland Ragwort,,3,G5,,N5,,S2,,,,,,,,,,,,,,FO,,N,,Asteraceae,,3,,,Y,,,
1004694,SENEERR,,Senecio eremophilus var. eremophilus,Dryland Ragwort,,3,G5T5,,N5,,S2,,,,,,,,,,,,,,FO,,N,,Asteraceae,,3,,,Y,,,
168692,SENEVIS,,Senecio viscosus,Sticky Ragwort,,5,GNR,,NNA,,SE3,IR,,IR,,,IR,,,,,IR,IR,IX,FO,,I,,Asteraceae,0,5,,,N,,,
168694,SENEVUL,,Senecio vulgaris,Common Ragwort,,5,GNR,,NNA,,SE5,IX,,IR,IX,IX,IX,IX,IX,IC,,IU,IC,IR,FO,,I,,Asteraceae,0,5,,,N,,,
83042,SENNHEB,,Senna hebecarpa,Wild Senna,5,-3,G5,,N1,,S1,R,CZ,R,R,R,,,,,,H,,,FO,Sum,N,,Fabaceae,5,-3,,,Y,,,
83216,SESBHER,,Sesbania herbacea,Bigpod Sesbania,,-3,G5?,,NNA,,SEH,IH,,,,IH,,,,,,,,,FO,,I,,Fabaceae,0,-3,,,N,,,
22570,SETAFAB,,Setaria faberi,Giant Foxtail,,3,GNR,,NNA,,SE4,IC,,IC,IX,IX,IC,IC,IX,IC,IX,IU,IX,IX,GR,,I,,Poaceae,0,3,,,N,,,
22572,SETAITA,,Setaria italica,Italian Foxtail,,3,GNR,,NNA,,SE1,IX,,,,IH,IH,,IX,,IX,IH,,,GR,,I,,Poaceae,0,3,,,N,,,
22574,SETAPUM,,Setaria pumila,Yellow Foxtail,,0,GNR,,NNA,,SE5,IC,,IC,IX,IX,IX,IC,IX,IC,IX,IC,IX,IX,GR,,I,,Poaceae,0,0,,,N,,,
1005129,SETAPUP,,Setaria pumila ssp. pumila,Yellow Foxtail,,0,G--TNR,,NNA,,SE5,IC,,IC,IX,IX,IX,IC,IX,IC,IX,IC,IX,IX,GR,,I,,Poaceae,0,0,,,N,,,
22576,SETAVER,,Setaria verticillata,Bristly Foxtail,,3,GNR,,NNA,,SE4,IX,,IR,IX,IR,IX,IR,,,IX,,IX,IX,GR,,I,,Poaceae,0,3,,,N,,,
22806,SETAVET,,Setaria verticilliformis,Barbed Foxtail,,3,GNR,,NNA,,SEH,IH,,IH,,,,,,,,,,,GR,,I,,Poaceae,0,3,,,N,,,
22578,SETAVIR,,Setaria viridis,Green Foxtail,,5,GNR,,NNA,,SE5,IC,,IC,IX,IX,IX,IC,IX,IC,IX,IC,IX,IX,GR,,I,,Poaceae,0,5,,,N,,,
22808,SETAVIV,,Setaria viridis var. viridis,Green Foxtail,,5,GNRTNR,,NNA,,SE5,IC,,IC,IX,IX,IX,IC,IX,IC,IX,IC,IX,IX,GR,,I,,Poaceae,0,5,,,N,,,
1011120,SHEPARG,,Shepherdia argentea,Silver Buffaloberry,,3,G5,,N4,,SE1,,,,,,,,,,,,,,SH,,I,,Elaeagnaceae,0,3,,,N,,,
120006,SHEPCAN,,Shepherdia canadensis,Soapberry,7,5,G5,,N5,,S5,R,,R,R,R,R,C,,R,R,R,R,R,SH,,N,,Elaeagnaceae,7,5,,,N,,,
161054,SHERARV,,Sherardia arvensis,Blue Field Madder,,5,GNR,,NNA,,SE2,IR,,IR,,IH,IR,,,,,,,IR,FO,,I,,Rubiaceae,0,5,,,N,,,
82252,SIBBTRI,,Sibbaldia tridentata,Three-toothed Cinquefoil,10,3,G5,,N5,,S5,,,,,,,,,,,,,,SH,Spr-Sum,N,,Rosaceae,10,3,,,N,,,
166010,SICYANG,,Sicyos angulatus,One-seed Burr Cucumber,2,-3,G5,,N4N5,,S4S5,U,,U,R,R,X,X,,U,U,R,U,R,VI,Sum,N,,Cucurbitaceae,2,-3,,,N,,,
109038,SIDASPI,,Sida spinosa,Prickly Mallow,,3,G5?,,NNA,,SE2,IR,,IR,,IR,,,,IR,,,,,FO,,I,,Malvaceae,0,3,,,N,,,
194330,SILEACA,,Silene acaulis,Moss Campion,,5,G5,,N5,,S1,,,,,,,,,,,,,,FO,,N,,Caryophyllaceae,,5,,,Y,EV,VH,
61110,SILEANT,,Silene antirrhina,Sleepy Catchfly,3,5,G5,,N5,,S5,R,,R,X,X,R,R,X,U,,R,R,R,FO,,N,,Caryophyllaceae,3,5,,,N,,,Y
61062,SILECHA,,Silene chalcedonica,Maltese-cross Campion,,5,GNR,,NNA,,SE1,IR,,,,,,,,,,,,IR,FO,,I,,Caryophyllaceae,0,5,,,N,,,
61064,SILECOR,,Silene coronaria,Rose Campion,,5,GNR,,NNA,,SE3,IR,,,,IR,,,,,,IR,IR,IR,FO,,I,,Caryophyllaceae,0,5,,,N,,,
61116,SILECSE,,Silene csereii,Biennial Campion,,5,GNR,,NNA,,SE4,IR,,,,,,IR,,,,IR,IR,IR,FO,,I,,Caryophyllaceae,0,5,,,N,,,
61118,SILEDIC,,Silene dichotoma,Forked Catchfly,,5,GNR,,NNA,,SE1,IH,,,,,IH,,IH,,,,,,FO,,I,,Caryophyllaceae,0,5,,,N,,,
1007447,SILEDID,,Silene dichotoma ssp. dichotoma,Forked Catchfly,,5,GNRTNR,,NNA,,SE1,IH,,,,,IH,,IH,,,,,,FO,,I,,Caryophyllaceae,0,5,,,N,,,
1005135,SILEDIO,,Silene dioica,Red Catchfly,,5,GNR,,NNA,,SE1,IR,,,,,,,,,,IR,IR,,FO,Sum,I,,Caryophyllaceae,0,5,,,N,,,
17254,SILEDRU,,Silene drummondii,Drummond's Catchfly,,5,G5,,N4N5,,S1,,,,,,,,,,,,,,FO,,N,,Caryophyllaceae,,5,,,Y,,,Y
1008326,SILEDRD,,Silene drummondii ssp. drummondii,Prairie Drummond's Catchfly,,5,G5T5,,NNR,,S1,,,,,,,,,,,,,,FO,,N,,Caryophyllaceae,,5,,,Y,,,Y
1007294,SILEFLO,,Silene flos-cuculi,Ragged-robin,,3,GNR,,NNA,,SE1,,,,,,,,,,,,,,FO,,I,,Caryophyllaceae,0,3,,,N,,,
1009677,SILEFLF,,Silene flos-cuculi ssp. flos-cuculi,Ragged-robin,,3,GNRTNR,,NNA,,SE1,,,,,,,,,,,,,,FO,,I,,Caryophyllaceae,0,3,,,N,,,
61120,SILEGAL,,Silene gallica,Small-flowered Catchfly,,,GNR,,NNA,,SE1,,,,,,,,,,,,,,FO,,I,,Caryophyllaceae,0,,,,N,,,
61122,SILEINV,,Silene involucrata,Arctic Catchfly,,0,G5,,N4N5,,S1S2,,,,,,,,,,,,,,FO,,N,,Caryophyllaceae,,0,,,Y,,,
17314,SILEINI,,Silene involucrata ssp. involucrata,Arctic Catchfly,,0,G5T5,,NNR,,S1?,,,,,,,,,,,,,,FO,,N,,Caryophyllaceae,,0,,,Y,,,
61132,SILEINT,,Silene involucrata ssp. tenella,Taylor's Arctic Catchfly,,0,G5TNR,,NNR,,S1S2,,,,,,,,,,,,,,FO,,N,,Caryophyllaceae,,0,,,Y,,,
61124,SILELAT,,Silene latifolia,White Campion,,5,GNR,,NNA,,SE5,IX,,IU,IX,IX,IX,IX,IX,IC,,IR,IX,IR,FO,Sum,I,,Caryophyllaceae,0,5,,,N,,,
61128,SILENOC,,Silene noctiflora,Night-flowering Catchfly,,5,GNR,,NNA,,SE5,IX,,IR,IX,IX,IX,IX,IX,IU,IX,IR,IX,IR,FO,Sum,I,,Caryophyllaceae,0,5,,,N,,,
61130,SILESTE,,Silene stellata,Starry Catchfly,,5,G5,,NNA,,SEH,,,,,,,,,,,,,,FO,,I,,Caryophyllaceae,0,5,,,N,,,
61134,SILEURA,,Silene uralensis,Nodding Catchfly,,0,G4G5,,NNR,,SH,,,,,,,,,,,,,,FO,,N,,Caryophyllaceae,,0,,,Y,,,
1005152,SILEURO,,Silene uralensis ssp. ogilviensis,Ogilvie Mountains Catchfly,,0,G4G5T2,,N2,,SH,,,,,,,,,,,,,,FO,,N,,Caryophyllaceae,,0,,,Y,,,
61136,SILEURU,,Silene uralensis ssp. uralensis,Nodding Catchfly,,0,G4G5T4T5,,NNR,,SH,,,,,,,,,,,,,,FO,,N,,Caryophyllaceae,,0,,,Y,,,
61142,SILEVUL,,Silene vulgaris,Bladder Campion,,5,GNR,,NNA,,SE5,IC,,IU,IX,IX,IX,IX,IX,IC,IX,IC,IC,IR,FO,Sum,I,,Caryophyllaceae,0,5,,,N,,,
1005156,SILEX H,,Silene x hampeana,(Silene dioica X Silene latifolia),,5,GNA,,NNA,,SNA,,,,,,,,,,,,,,FO,,I,,Caryophyllaceae,0,5,,,N,,,
168696,SILPINT,,Silphium integrifolium,Whole-leaved Rosinweed,,5,G5,,NNA,,SE1,IR,,,,IH,,,,,,,,IR,FO,,I,,Asteraceae,0,5,,,N,,,
1010325,SILPINL,,Silphium integrifolium var. laeve,Whole-leaved Rosinweed,,5,G5T4?,,NNA,,SEH,IR,,,,IH,,,,,,,,IR,FO,,I,,Asteraceae,0,5,,,N,,,
168698,SILPLAC,,Silphium laciniatum,Compass Plant,3,5,G5,,N1,,S1,R,CZ,IR,R,,,R,,,,IR,,IR,FO,Sum,N,,Asteraceae,3,5,,,Y,,,Y
168702,SILPPER,,Silphium perfoliatum,Cup Plant,9,-3,G5,,N2,,S2,R,CZ,H,R,,R,R,,,,IR,,IR,FO,,N,,Asteraceae,9,-3,,,Y,,,
168704,SILPPEP,,Silphium perfoliatum var. perfoliatum,Cup Plant,9,-3,G5T5?,,N2,,S2,R,CZ,H,R,,R,R,,,,IR,,IR,FO,,N,,Asteraceae,9,-3,,,Y,,,
168706,SILPTER,,Silphium terebinthinaceum,Prairie Rosinweed,10,0,G4G5,,N1,,S1,R,CZ,R,,R,,,,IR,IR,,,,FO,Sum,N,,Asteraceae,10,0,,,Y,,,Y
168708,SILPTET,,Silphium terebinthinaceum var. terebinthinaceum,Prairie Rosinweed,10,0,G4G5T4T5,,N1,,S1,R,CZ,R,,R,,,,IR,IR,,,,FO,Sum,N,,Asteraceae,10,0,,,Y,,,Y
168710,SILYMAR,,Silybum marianum,Blessed Milk Thistle,,5,GNR,,NNA,,SE1,IH,,,,IH,,,,,,,,,FO,,I,,Asteraceae,0,5,,,N,,,
73248,SINAALB,,Sinapis alba,White Mustard,,5,GNR,,NNA,,SE2,IR,,,,?,,,,,,IR,IR,,FO,,I,,Brassicaceae,0,5,,,N,,,
1010815,SINAALA,,Sinapis alba ssp. alba,White Mustard,,5,GNRTNR,,NNA,,SE2,IR,,,,?,,,,,,IR,IR,,FO,,I,,Brassicaceae,0,5,,,N,,,
73250,SINAARV,,Sinapis arvensis,Corn Mustard,,5,GNR,,NNA,,SE5,IX,,IR,IX,IX,IX,IX,,IC,IX,IR,IX,IR,FO,,I,,Brassicaceae,0,5,,,N,,,
73252,SISYALT,,Sisymbrium altissimum,Tall Tumble Mustard,,3,GNR,,NNA,,SE5,IX,,IU,IX,IX,IX,IX,IX,IC,,IR,IX,IR,FO,,I,,Brassicaceae,0,3,,,N,,,
73254,SISYLOE,,Sisymbrium loeselii,Loesel's Tumble Mustard,,5,GNR,,NNA,,SE2,IR,,,,IR,,IR,,IR,,IR,IR,IR,FO,,I,,Brassicaceae,0,5,,,N,,,
73256,SISYOFF,,Sisymbrium officinale,Common Tumble Mustard,,5,GNR,,NNA,,SE5,IX,,IU,IX,IX,IX,IX,IX,IC,,IR,IX,IX,FO,,I,,Brassicaceae,0,5,,,N,,,
36020,SISYALB,,Sisyrinchium albidum,White Blue-eyed-grass,9,3,G5?,,N1,,S1,R,CZ,R,,R,,,,,,,,,FO,Sum,N,,Iridaceae,9,3,,,Y,,,Y
36022,SISYANG,,Sisyrinchium angustifolium,Narrow-leaved Blue-eyed-grass,6,0,G5,,N4N5,,S4,R,,C,R,X,R,R,X,R,R,U,,,FO,Spr-Sum,N,,Iridaceae,6,0,,,N,,,
36024,SISYMON,,Sisyrinchium montanum,Strict Blue-eyed-grass,4,0,G5,,N5,,S5,C,,?,X,X,X,C,X,C,C,C,C,R,FO,Sum,N,,Iridaceae,4,0,,,N,,,
1005159,SISYMOC,,Sisyrinchium montanum var. crebrum,Brownish Strict Blue-eyed-grass,4,0,G5T5,,N5,,SU,,,,,,,,,,,,,,FO,,N,,Iridaceae,4,0,,,N,,,
1005162,SISYMOM,,Sisyrinchium montanum var. montanum,Strict Blue-eyed-grass,4,0,G5T5,,N5,,S5,,,,,,,,,,,,,,FO,Sum,N,,Iridaceae,4,0,,,N,,,
36026,SISYMUC,,Sisyrinchium mucronatum,Mucronate Blue-eyed-grass,10,0,G5,,N4,,S4,R,,?,R,X,R,,,R,R,R,,,FO,Sum,N,,Iridaceae,10,0,,,N,,,Y
129092,SIUMSUA,,Sium suave,Common Water-parsnip,4,-5,G5,,N5,,S5,C,,C,X,R,C,C,X,U,U,C,C,R,FO,Sum,N,,Apiaceae,4,-5,,,N,,,
32500,SMILECI,,Smilax ecirrata,Upright Carrionflower,6,5,G5,,N3?,,S3?,R,CZ,C,R,R,R,,,,,,,,FO,,N,,Smilacaceae,6,5,,,Y,,,Y
32502,SMILHER,,Smilax herbacea,Herbaceous Carrionflower,5,0,G5,,N4N5,,S4?,C,,R,R,R,X,U,X,C,C,C,C,R,VI,Sum,N,,Smilacaceae,5,0,,,N,,,
32506,SMILILL,,Smilax illinoensis,Illinois Carrionflower,5,5,G4?,,N2?,,S2?,R,CZ,U,,R,,,,,X,,,,VI,Spr,N,,Smilacaceae,5,5,,,Y,,,Y
32508,SMILLAS,,Smilax lasioneura,Hairy-nerved Carrionflower,5,5,G5,,N4N5,,S4S5,U,cz,C,X,X,X,X,X,R,X,U,R,R,VI,Sum,N,,Smilacaceae,5,5,,,N,,,
32510,SMILROT,,Smilax rotundifolia,Round-leaved Greenbrier,8,0,G5,THR,N3,THR,S2,R,CZ,R,,,,,,R,,R,,,SH,,N,,Smilacaceae,8,0,,,Y,LV,Low,
32504,SMILTAM,,Smilax tamnoides,Bristly Greenbriar,6,0,G5,,N5,,S5,C,,C,X,X,X,C,X,C,C,C,C,U,VW,,N,,Smilacaceae,6,0,,,N,,,
152038,SOLACAR,,Solanum carolinense,Carolina Nightshade,,3,G5,,NNA,,SE3,IX,,IU,IX,IX,IX,IX,,IR,,IR,,IH,FO,,I,,Solanaceae,0,3,,,N,,,
1264570,SOLACAC,,Solanum carolinense var. carolinense,Carolina Nightshade,,3,G5T5,,NNA,,SE3,IX,,IU,IX,IX,IX,IX,,IR,,IR,,IH,FO,,I,,Solanaceae,0,3,,,N,,,
152044,SOLAPTY,,Solanum emulans,Eastern Black Nightshade,1,3,G5,,N5,,S5,C,,C,X,X,X,X,X,C,C,U,C,R,FO,,N,,Solanaceae,1,3,,,N,,,
152012,SOLALYC,,Solanum lycopersicum,Tomato,,5,GNR,,NNA,,SE2,IR,,,,,,,,,,IR,IR,IR,FO,,I,,Solanaceae,0,5,,,N,,,
152042,SOLANIG,,Solanum nigrum,Black Nightshade,,0,GNR,,NNA,,SE1,IR,,,,,,,,IX,,IX,IR,IR,FO,,I,,Solanaceae,0,0,,,N,,,
1257842,SOLANIT,,Solanum nitidibaccatum,Hairy Nightshade,,5,GNR,,NNA,,SE2,IR,,IR,IR,IR,IR,IH,,IR,,,IR,IR,FO,,I,,Solanaceae,0,5,,,N,,,
152046,SOLAROS,,Solanum rostratum,Horned Nightshade,,5,G5?,,NNA,,SE1,IR,,IH,,IX,,,,,,IH,IR,IR,FO,,I,,Solanaceae,0,5,,,N,,,
152062,SOLASIS,,Solanum sisymbriifolium,Sticky Nightshade,,,GNR,,NNA,,SEH,,,,,,,,,,,,,,FO,,I,,Solanaceae,0,,,,N,,,
152064,SOLATRI,,Solanum triflorum,Cut-leaved Nightshade,,5,G5,,N4,,SE1,,,,,,,,,,,,,,FO,,I,,Solanaceae,0,5,,,N,,,
152050,SOLATUB,,Solanum tuberosum,Potato,,5,GNR,,NNA,,SE1,IR,,,,,IR,,,,,,IR,,FO,,I,,Solanaceae,0,5,,,N,,,
168924,SOLIALT,,Solidago altissima,Tall Goldenrod,1,3,G5,,N5,,S5,,,,,,,,,,,,,,FO,Sum-Aut,N,,Asteraceae,1,3,,,P,,,
1005168,SOLIALA,,Solidago altissima var. altissima,Eastern Tall Goldenrod,1,3,G--T5,,N5,,S5,C,,C,X,X,U,X,X,C,C,C,C,C,FO,Sum-Aut,N,,Asteraceae,1,3,,,N,,,
168928,SOLIALG,,Solidago altissima var. gilvocanescens,Canescent Tall Goldenrod,1,3,G5T5,,N5,,S1,,,,,,,,,,,,,,FO,,N,,Asteraceae,1,3,,,Y,,,Y
168712,SOLIARG,,Solidago arguta,Cut-leaved Goldenrod,8,3,G5,,N4,,S4,R,cz,,,R,R,?,,R,,R,R,R,FO,Sum-Aut,N,,Asteraceae,8,3,,,N,,,
168714,SOLIARA,,Solidago arguta var. arguta,Cut-leaved Goldenrod,8,3,G5T4T5,,N4,,S4,R,cz,,,R,R,?,,R,,R,R,R,FO,Sum-Aut,N,,Asteraceae,8,3,,,N,,,
168716,SOLIBIC,,Solidago bicolor,White Goldenrod,8,5,G5,,N5,,S4?,R,,R,R,R,R,R,,U,R,U,U,R,FO,Sum-Aut,N,,Asteraceae,8,5,,,N,,,
1010474,SOLIBRE,,Solidago brendae,Brenda's Goldenrod,1,3,GNR,,N4N5,,S4?,,,,,,,,,,,,,,FO,,N,,Asteraceae,1,3,,,N,,,
1005175,SOLICAE,,Solidago caesia,Blue-stemmed Goldenrod,5,3,G5,,N5,,S5,C,,C,X,X,X,X,X,C,C,C,C,C,FO,Sum-Aut,N,,Asteraceae,5,3,,,N,,,
1005178,SOLICAC,,Solidago caesia var. caesia,Blue-stemmed Goldenrod,5,3,G--T5,,N5,,S5,C,,C,X,X,X,X,X,C,C,C,C,C,FO,,N,,Asteraceae,5,3,,,N,,,
168720,SOLICAN,,Solidago canadensis,Canada Goldenrod,1,3,G5,,N5,,S5,,,,,,,,,,,,,,FO,Sum-Aut,N,,Asteraceae,1,3,,,N,,,
168930,SOLICAA,,Solidago canadensis var. canadensis,Canada Goldenrod,1,3,G5T5,,N5,,S5,C,,C,X,X,X,X,X,C,C,C,C,C,FO,,N,,Asteraceae,1,3,,,N,,,
168932,SOLICAH,,Solidago canadensis var. hargeri,Harger's Goldenrod,1,3,G5T4T5,,N4N5,,S4?,U,CZ,R,X,R,X,X,X,X,X,X,X,,FO,,N,,Asteraceae,1,3,,,N,,,
1010489,SOLIFAL,,Solidago fallax,Deceptive Goldenrod,,3,GNR,,NU,,SU,,,,,,,,,,,,,,FO,,N,,Asteraceae,,3,,,N,,,
1010492,SOLIFAM,,Solidago fallax var. molina,Hairy-stemmed Deceptive Goldenrod,,3,GNRTNR,,NNR,,SU,,,,,,,,,,,,,,FO,,N,,Asteraceae,,3,,,N,,,
168724,SOLIFLE,,Solidago flexicaulis,Zigzag Goldenrod,6,3,G5,,N5,,S5,C,,R,R,R,X,X,X,C,C,C,C,C,FO,Sum-Aut,N,,Asteraceae,6,3,,,N,,,
168726,SOLIGIG,,Solidago gigantea,Giant Goldenrod,4,-3,G5,,N5,,S5,C,,R,X,C,X,X,X,C,C,C,C,C,FO,Sum,N,,Asteraceae,4,-3,,,P,,,
1298289,SOLIGII,,Solidago gigantea var. gigantea,Giant Goldenrod,4,-3,G5T5,,N5,,S5,,,,,,,,,,,,,,FO,,N,,Asteraceae,4,-3,,,N,,,
1298288,SOLIGIS,,Solidago gigantea var. shinnersii,Shinners' Goldenrod,,,G5TNR,,NNR,,S1?,,,,,,,,,,,,,,FO,,N,,Asteraceae,,,,,Y,,,
168916,SOLIGIL,,Solidago gillmanii,Gillman's Goldenrod,10,5,G3?,END,N1,,S1,,,,,,,,,,,,,,FO,,N,,Asteraceae,10,5,,,Y,,,
1257017,SOLIGLU,,Solidago glutinosa,Sticky Goldenrod,10,3,G5,,N5,,S4,,,,,,,,,,,,,,FO,,N,,Asteraceae,10,3,,,N,,,
168728,SOLIHIS,,Solidago hispida,Hairy Goldenrod,7,5,G5,,N5,,S5,R,,H,R,R,R,,,C,C,R,U,R,FO,Sum-Aut,N,,Asteraceae,7,5,,,P,,,
1009318,SOLIHIH,,Solidago hispida var. hispida,Hairy Goldenrod,5,5,G5T5,,N5,,S5,R,,H,R,R,R,,,C,C,R,U,R,FO,Sum-Aut,N,,Asteraceae,5,5,,,N,,,
201058,SOLIHIU,,Solidago hispida var. huronensis,Lake Huron Hairy Goldenrod,5,5,G5T3?,,NU,,S2?,R,,H,R,R,R,,,C,C,R,U,R,FO,,N,,Asteraceae,5,5,,,Y,,,
168730,SOLIHOU,,Solidago houghtonii,Houghton's Goldenrod,10,-5,G3,SC,N2?,THR,S2?,,,,,,,,,,,,,,FO,Sum-Aut,N,,Asteraceae,10,-5,,,Y,MV,VH,
168732,SOLIJUN,,Solidago juncea,Early Goldenrod,3,5,G5,,N5,,S5,C,,U,X,X,X,X,,C,C,C,C,R,FO,Sum,N,,Asteraceae,3,5,,,N,,,
168734,SOLILEP,,Solidago lepida,Elegant Goldenrod,1,3,G5,,N5,,S4?,,,,,,,,,,,,,,FO,,N,,Asteraceae,1,3,,,N,,,
1005184,SOLILEL,,Solidago lepida var. lepida,Elegant Goldenrod,1,3,G5T5,,N5,,S4?,,,,,,,,,,,,,,FO,,N,,Asteraceae,1,3,,,N,,,
1005187,SOLILES,,Solidago lepida var. salebrosa,Rough Canada Goldenrod,,3,G5T5,,N5,,SE1?,,,,,,,,,,,,,,FO,,I,,Asteraceae,0,3,,,N,,,
168736,SOLIMAC,,Solidago macrophylla,Large-leaved Goldenrod,10,3,G5,,N5,,S4,,,,,,,,,,,,,,FO,,N,,Asteraceae,10,3,,,N,,,
168738,SOLIMIS,,Solidago missouriensis,Missouri Goldenrod,6,5,G5,,N5,,S2,,,,,,,,,,,,,,FO,,N,,Asteraceae,6,5,,,Y,,,Y
168742,SOLIMUL,,Solidago multiradiata,Multi-rayed Goldenrod,,3,G5,,NNR,,S4S5,,,,,,,,,,,,,,FO,Aut,N,,Asteraceae,0,3,,,P,HV,Low,
168744,SOLINEM,,Solidago nemoralis,Grey-stemmed Goldenrod,2,5,G5,,N5,,S5,,,,,,,,,,,,,,FO,Sum-Aut,N,,Asteraceae,2,5,,,P,,,Y
168746,SOLINED,,Solidago nemoralis ssp. decemflora,Prairie Grey-stemmed Goldenrod,,5,G5T5,,N5,,S1S2,,,,,,,,,,,,,,FO,,N,,Asteraceae,,5,,,Y,,,Y
168748,SOLINEN,,Solidago nemoralis ssp. nemoralis,Grey-stemmed Goldenrod,2,5,G5T5,,N5,,S5,C,,C,X,X,X,X,X,C,C,C,C,C,FO,Sum-Aut,N,,Asteraceae,2,5,,,N,,,Y
168752,SOLIOHI,,Solidago ohioensis,Ohio Goldenrod,10,-5,G4,,N4,,S4,R,,?,R,R,R,R,,R,R,H,,H,FO,Sum-Aut,N,,Asteraceae,10,-5,,,N,,,Y
200195,SOLIONT,,Solidago ontarioensis,Ontario Goldenrod,10,3,G3,,N3,,S3,,,,,,,,,,,,,,FO,,N,,Asteraceae,10,3,,,Y,,,
1010496,SOLIPAL,,Solidago pallida,Pale Showy Goldenrod,10,5,G4,THR,N1,THR,S1,,,,,,,,,,,,,,FO,,N,,Asteraceae,10,5,,,Y,,,
168754,SOLIPAT,,Solidago patula,Spreading Goldenrod,8,-5,G5,,N4,,S4,C,cz,R,R,R,X,X,X,C,C,R,C,R,FO,Sum-Aut,N,,Asteraceae,8,-5,,,N,,,
168756,SOLIPTA,,Solidago ptarmicoides,Upland White Goldenrod,9,3,G5,,N5,,S5,R,,,,R,R,,,R,U,R,R,R,FO,Sum-Aut,N,,Asteraceae,9,3,,,N,,,Y
168758,SOLIPUB,,Solidago puberula,Downy Goldenrod,10,3,G5,,N5,,S2,,,,,,,,,,,,,,FO,,N,,Asteraceae,10,3,,,Y,,,
168762,SOLIRID,,Solidago riddellii,Riddell's Goldenrod,10,-5,G5,SC,N3,SC,S3,R,CZ,R,R,R,R,R,,,,,,,FO,Aut,N,,Asteraceae,10,-5,,,Y,,,Y
168764,SOLIRIG,,Solidago rigida,Stiff Goldenrod,7,3,G5,,N5?,,S3,,,,,,,,,,,,,,FO,Sum-Aut,N,,Asteraceae,7,3,,,P,,,Y
168766,SOLIRIH,,Solidago rigida ssp. humilis,Western Stiff Goldenrod,,3,G5T5,,N5,,SE1?,,,,,,,,,,,,,,FO,,I,,Asteraceae,0,3,,,N,,,Y
168768,SOLIRIR,,Solidago rigida ssp. rigida,Eastern Stiff Goldenrod,7,3,G5T5,,N3,,S3,R,cz,U,R,R,U,R,,,R,IH,R,R,FO,Sum-Aut,N,,Asteraceae,7,3,,,Y,,,Y
168782,SOLIRII,,Solidago rigidiuscula,Stiff-leaved Showy Goldenrod,10,5,G4,END,N1,END,S1,R,CZ,,,R,,,,,,,,,FO,Sum-Aut,N,,Asteraceae,10,5,,,Y,,,Y
168770,SOLIRUG,,Solidago rugosa,Rough-stemmed Goldenrod,4,0,G5,,N5,,S5,C,,C,X,R,X,X,X,C,C,C,C,U,FO,Sum-Aut,N,,Asteraceae,4,0,,,N,,,
1005190,SOLIRUA,,Solidago rugosa ssp. aspera,Southern Rough-stemmed Goldenrod,4,0,G5T5,,NU,,SU,C,,C,X,R,X,X,X,C,C,C,C,U,FO,,N,,Asteraceae,4,0,,,N,,,
1005193,SOLIRUS,,Solidago rugosa ssp. aspera var. aspera,Southern Rough-stemmed Goldenrod,4,0,G5T5,,NU,,SU,C,,C,X,R,X,X,X,C,C,C,C,U,FO,,N,,Asteraceae,4,0,,,N,,,
168772,SOLIRUR,,Solidago rugosa ssp. rugosa,Northern Rough-stemmed Goldenrod,4,0,G5T5,,N5,,S5,C,,C,X,R,X,X,X,C,C,C,C,U,FO,Aut,N,,Asteraceae,4,0,,,N,,,
1005196,SOLIRUU,,Solidago rugosa ssp. rugosa var. rugosa,Northern Rough-stemmed Goldenrod,4,0,G5T5,,N5,,S5,C,,C,X,R,X,X,X,C,C,C,C,U,FO,Sum-Aut,N,,Asteraceae,4,0,,,N,,,
168784,SOLISQU,,Solidago squarrosa,Squarrose Goldenrod,10,5,G4G5,,N4N5,,S4,R,,,,,H,,,R,R,R,R,R,FO,Sum-Aut,N,,Asteraceae,10,5,,,N,,,
168786,SOLIULI,,Solidago uliginosa,Bog Goldenrod,9,-5,G5,,N5,,S5,R,,,,R,R,R,X,R,R,H,R,H,FO,Sum-Aut,N,,Asteraceae,9,-5,,,N,,,
1298735,SOLIULP,,Solidago uliginosa var. peracuta,Bog Goldenrod,9,-5,G5T4T5,,NNR,,S5,R,,,,R,R,R,X,R,R,H,R,H,FO,,N,,Asteraceae,9,-5,,,N,,,
1298734,SOLIULL,,Solidago uliginosa var. uliginosa,Bog Goldenrod,9,-5,G5T4T5,,N5,,SU,R,,,,R,R,R,X,R,R,H,R,H,FO,,N,,Asteraceae,9,-5,,,N,,,
168788,SOLIULM,,Solidago ulmifolia,Elm-leaved Goldenrod,9,5,G5,,N1,,S1,R,CZ,R,?,,R,,,,,,,,FO,,N,,Asteraceae,9,5,,,Y,MV,VH,
168790,SOLIULU,,Solidago ulmifolia var. ulmifolia,Elm-leaved Goldenrod,9,5,G5T5,,N1,,S1,R,CZ,R,?,,R,,,,,,,,FO,,N,,Asteraceae,9,5,,,Y,,,
1009360,SOLIX B,,Solidago x beaudryi,(Solidago rugosa ssp. rugosa X Solidago uliginosa),,,GNA,,NNA,,SNA,,,,,,,,,,,,,,FO,,N,,Asteraceae,,,,,N,,,
168794,SOLIX K,,Solidago x krotkovii,(Solidago ohioensis X Solidago ptarmicoides),,,GNA,,NNA,,SNA,,,,,,,,,,,,,,FO,,N,,Asteraceae,,,,,N,,,
168796,SOLIX L,,Solidago x lutescens,(Solidago ptarmicoides X Solidago rigida),,,GNA,,NNA,,SNA,,,,,,,,,,,,,,FO,,N,,Asteraceae,,,,,N,,,
168798,SONCARV,,Sonchus arvensis,Field Sow-thistle,,3,GNR,,NNA,,SE5,IC,,IC,IX,IX,IX,IX,IX,IC,IX,IC,IX,IC,FO,,I,,Asteraceae,0,3,,,N,,,
168800,SONCARA,,Sonchus arvensis ssp. arvensis,Glandular Sow-thistle,,3,GNRTNR,,NNA,,SE5,IC,,IC,IX,IX,IX,IX,IX,IC,IX,IC,IX,IC,FO,,I,,Asteraceae,0,3,,,N,,,
168802,SONCARU,,Sonchus arvensis ssp. uliginosus,Smooth Sow-thistle,,3,GNRTNR,,NNA,,SE5,IC,,IC,IX,IX,IX,IX,IX,IC,IX,IC,IX,IC,FO,,I,,Asteraceae,0,3,,,N,,,
168804,SONCASP,,Sonchus asper,Prickly Sow-thistle,,3,GNR,,NNA,,SE5,IX,,IU,IX,IX,IX,IX,IX,IU,,IC,IX,IR,FO,,I,,Asteraceae,0,3,,,N,,,
168808,SONCOLE,,Sonchus oleraceus,Common Sow-thistle,,3,GNR,,NNA,,SE5,IX,,IU,IX,IX,IX,IX,,IR,IX,IU,IX,IU,FO,,I,,Asteraceae,0,3,,,N,,,
168922,SONCPAL,,Sonchus palustris,Marsh Sow-thistle,,-5,GNR,,NNA,,SE1,IR,,IR,,,,,,,,,,,FO,,I,,Asteraceae,0,-5,,,N,,,
1010427,SONCPAP,,Sonchus palustris ssp. palustris,Marsh Sow-thistle,,-5,GNRTNR,,NNA,,SE1,IR,,IR,,,,,,,,,,,FO,,I,,Asteraceae,0,-5,,,N,,,
82378,SORBSOR,,Sorbaria sorbifolia,False Spiraea,,5,G5,,NNA,,SE4,IR,,,,IH,IR,IR,IX,IR,IX,IR,IR,IR,SH,Sum,I,,Rosaceae,0,5,,,N,,,
82380,SORBAME,,Sorbus americana,American Mountain-ash,8,0,G5,,N5,,S5,R,,?,,R,,,X,,?,H,,,SH,,N,,Rosaceae,8,0,,,N,,,
82382,SORBAUC,,Sorbus aucuparia,European Mountain-ash,,5,G5,,NNA,,SE4,IX,,IR,,IX,IX,IX,IX,IR,IX,IC,IX,IC,SH,,I,,Rosaceae,0,5,,,N,,,
82384,SORBDEC,,Sorbus decora,Showy Mountain-ash,8,3,G5,,N5,,S5,R,,?,,,,,,,,,R,,SH,,N,,Rosaceae,8,3,,,N,,,
22580,SORGNUT,,Sorghastrum nutans,Yellow Indiangrass,8,3,G5,,N4N5,,S4,R,,R,X,X,X,R,,C,C,R,R,R,GR,Sum,N,,Poaceae,8,3,,,N,,,Y
22582,SORGBIC,,Sorghum bicolor,Sorghum,,5,GNR,,NNA,,SE1,,,,,,,,,,,,,,GR,,I,,Poaceae,0,5,,,N,,,
22584,SORGBIB,,Sorghum bicolor ssp. bicolor,Sorghum,,5,GNRTNR,,NNA,,SE1,IR,,,IR,,IR,,,,,,IR,,GR,,I,,Poaceae,0,5,,,N,,,
22586,SORGBIX,,Sorghum bicolor ssp. x drummondii,(Sorghum bicolor ssp. bicolor X Sorghum bicolor ssp.),,5,GNRTNR,,NNA,,SNA,hyb,,,,,,,,hyb,,,,,GR,,I,,Poaceae,0,5,,,N,,,
22588,SORGHAL,,Sorghum halepense,Johnson Grass,,3,GNR,,NNA,,SE2,IR,,IR,IX,,IX,IR,,,,,,,GR,,I,,Poaceae,0,3,,,N,,,
1256936,SPARACA,,Sparganium acaule,Short-stemmed Burreed,6,-5,GNR,,NNR,,S5,,,,,,,,,,,,,,FO,,N,,Sparganiaceae,6,-5,,,N,,,
15000,SPARAME,,Sparganium americanum,American Burreed,6,-5,G5,,N5,,S5,R,,,,,R,R,X,R,R,R,R,R,FO,Sum,N,,Sparganiaceae,6,-5,,,N,,,
15002,SPARAND,,Sparganium androcladum,Branching Burreed,6,-5,G4G5,,N2,,SH,H,,H,,?,H,,,,,H,,,FO,,N,,Sparganiaceae,6,-5,,,Y,,,
15012,SPARANG,,Sparganium angustifolium,Narrow-leaved Burreed,9,-5,G5,,N5,,S4?,,,,,,,,,,,,,,FO,,N,,Sparganiaceae,9,-5,,,N,,,
1257040,SPAREME,,Sparganium emersum,Green-fruited Burreed,6,-5,G5,,N5,,SU,U,,R,R,R,R,R,X,U,X,,C,R,FO,,N,,Sparganiaceae,6,-5,,,N,,,
15006,SPAREUR,,Sparganium eurycarpum,Broad-fruited Burreed,3,-5,G5,,NNR,,S5,C,,C,X,X,X,U,X,C,C,C,C,R,FO,,N,,Sparganiaceae,3,-5,,,N,,,
15008,SPARFLU,,Sparganium fluctuans,Floating Burreed,9,-5,G5,,N5,,S5?,,,,,,,,,,,,,,FO,,N,,Sparganiaceae,9,-5,,,N,,,
194334,SPARGLO,,Sparganium glomeratum,Clustered Burreed,,-5,G4?,,N1N3,,SH,,,,,,,,,,,,,,FO,,N,,Sparganiaceae,,-5,,,Y,,,
15020,SPARHYP,,Sparganium hyperboreum,Northern Burreed,,-5,G5,,N5,,S2?,,,,,,,,,,,,,,FO,,N,,Sparganiaceae,,-5,,,Y,,,
15010,SPARNAT,,Sparganium natans,Small Burreed,8,-5,G5,,N5,,S5,R,,,R,R,R,,,R,,,,,FO,,N,,Sparganiaceae,8,-5,,,N,,,
61144,SPERARV,,Spergula arvensis,Corn Spurrey,,5,GNR,,NNA,,SE4,IR,,,,IH,,IR,,IR,,,,IX,FO,,I,,Caryophyllaceae,0,5,,,N,,,
61146,SPERCAN,,Spergularia canadensis,Canada Sea-spurrey,,-3,G5,,N5,,S3,,,,,,,,,,,,,,FO,,N,,Caryophyllaceae,,-3,,,Y,,,
61148,SPERCAC,,Spergularia canadensis var. canadensis,Canada Sea-spurrey,,-3,G5T5,,N5,,S3,,,,,,,,,,,,,,FO,,N,,Caryophyllaceae,,-3,,,Y,,,
61150,SPERSAL,,Spergularia marina,Saltmarsh Sand-spurrey,,-3,G5,,N5,,S1,IR,,IR,IR,,IR,,,,,IR,IR,IX,FO,,N,,Caryophyllaceae,,-3,,,Y,,,
1005212,SPERMED,,Spergularia media,Greater Sea-spurrey,,3,GNR,,NNA,,SE3,IR,,IR,IR,,IR,IR,IX,,,IR,IR,IR,FO,,I,,Caryophyllaceae,0,3,,,N,,,
1005209,SPERMEM,,Spergularia media var. media,Greater Sea-spurrey,,3,GNRTNR,,NNA,,SE3,IR,,IR,IR,,IR,IR,IX,,,IR,IR,IR,FO,,I,,Caryophyllaceae,0,3,,,N,,,
61154,SPERRUB,,Spergularia rubra,Red Sand-spurrey,,3,G5,,NNA,,SE3?,IR,,,,,,,,,,IR,IR,IX,FO,,I,,Caryophyllaceae,0,3,,,N,,,
22594,SPHEINT,,Sphenopholis intermedia,Slender Wedgegrass,6,0,G5,,N5,,S4S5,C,,C,X,X,X,C,X,C,X,C,C,U,GR,,N,,Poaceae,6,0,,,N,,,
22596,SPHENIT,,Sphenopholis nitida,Shiny Wedgegrass,10,5,G5,,N1,,S1,R,CZ,,,,,,,R,,H,R,H,GR,,N,,Poaceae,10,5,,,Y,,,
22598,SPHEOBT,,Sphenopholis obtusata,Prairie Wedgegrass,10,0,G5,,N4,,S1,R,cz,R,R,R,,R,,,,,,,GR,,N,,Poaceae,10,0,,,Y,,,Y
2000,SPINANN,,Spinulum annotinum,Stiff Clubmoss,6,0,G5,,NNR,,S5,R,,,,R,R,R,X,R,R,,R,R,FE,,N,,Lycopodiaceae,6,0,,,N,,,
1256920,SPINCAN,,Spinulum canadense,Northern Stiff Clubmoss,6,0,G4G5,,NU,,S4?,,,,,,,,,,,,,,FE,,N,,Lycopodiaceae,6,0,,,N,,,
82386,SPIRALB,,Spiraea alba,White Meadowsweet,3,-3,G5,,N5,,S5,C,,C,X,X,X,X,X,C,C,C,C,R,SH,,N,,Rosaceae,3,-3,,,N,,,
1256764,SPIRALA,,Spiraea alba var. alba,White Meadowsweet,3,-3,G5T5,,N5,,S5,C,,C,X,X,X,X,X,C,C,C,C,R,SH,,N,,Rosaceae,3,-3,,,N,,,
1008251,SPIRALL,,Spiraea alba var. latifolia,Broad-leaved Meadowsweet,3,-3,G5T5,,NNR,,S5,,,,,,,,,,,,,,SH,,N,,Rosaceae,3,-3,,,N,,,
82388,SPIRCHA,,Spiraea chamaedryfolia,Germander Meadowsweet,,,GNR,,NNA,,SE1,,,,,,,,,,,,,,SH,,I,,Rosaceae,0,,,,N,,,
1010442,SPIRCOR,,Spiraea corymbosa,Corymbed Meadowsweet,,,G4?,,NNA,,SE1,IR,,,,,,,,,,,,IR,SH,,I,,Rosaceae,0,,,,N,,,
82392,SPIRJAP,,Spiraea japonica,Japanese Meadowsweet,,5,G5,,NNA,,SE1,IR,,,,,IR,,,,,,IR,IR,SH,,I,,Rosaceae,0,5,,,N,,,
82394,SPIRPRU,,Spiraea prunifolia,Plum-leaved Meadowsweet,,5,G5,,NNA,,SE1,IR,,,,,IR,,,IR,,IH,,,SH,,I,,Rosaceae,0,5,,,N,,,
82396,SPIRSAL,,Spiraea salicifolia,Willow-leaved Meadowsweet,,5,GNR,,NNA,,SE1,,,,,,,,,,,,,,SH,,I,,Rosaceae,0,5,,,N,,,
82542,SPIRTHU,,Spiraea thunbergii,Thunberg's Meadowsweet,,,GNR,,NNA,,SE1,,,,,,,,,,,,,,SH,,I,,Rosaceae,0,,,,N,,,
82398,SPIRTOM,,Spiraea tomentosa,Steeplebush,5,-3,G5,,N5,,S5,R,,R,R,R,,,,R,R,,,H,SH,Sum,N,,Rosaceae,5,-3,,,N,,,
1008329,SPIRTOR,,Spiraea tomentosa var. rosea,Rose Steeplebush,,-3,G5T5,,NNR,,SU,,,,,,,,,,,,,,SH,Sum,N,,Rosaceae,,-3,,,N,,,
1008332,SPIRTOT,,Spiraea tomentosa var. tomentosa,Steeplebush,,-3,G5T5?,,NNR,,SU,,,,,,,,,,,,,,SH,Sum,N,,Rosaceae,,-3,,,N,,,
82400,SPIRX V,,Spiraea x vanhouttei,(Spiraea cantoniensis X Spiraea trilobata),,5,GNA,,NNA,,SNA,hyb,,hyb,,hyb,,hyb,,,,,,hyb,SH,Sum,I,,Rosaceae,0,5,,,N,,,
39122,SPIRCAS,,Spiranthes casei,Case's Ladies'-tresses,7,3,G4,,N4,,S4,,,,,,,,,,,,,,FO,,N,,Orchidaceae,7,3,,,N,,,
39184,SPIRCAC,,Spiranthes casei var. casei,Case's Ladies'-tresses,7,3,G4T4,,N4,,S4,,,,,,,,,,,,,,FO,,N,,Orchidaceae,7,3,,,N,,,
1257438,SPIRINC,,Spiranthes incurva,Sphinx Ladies'-tresses,5,-3,GNR,,NNR,,S5,U,,R,R,X,X,U,X,C,U,R,U,R,FO,Sum-Aut,N,,Orchidaceae,5,-3,,,N,,,
39126,SPIRLAC,,Spiranthes lacera,Slender Ladies'-tresses,8,0,G5,,N5,,S4S5,,,,,,,,,,,,,,FO,,N,,Orchidaceae,8,0,,,P,,,
39128,SPIRLAG,,Spiranthes lacera var. gracilis,Southern Slender Ladies'-tresses,8,0,G5T4T5,,N1N2,,S1,R,CZ,,R,R,,R,,,,R,,H,FO,,N,,Orchidaceae,8,0,,,Y,,,Y
39130,SPIRLAL,,Spiranthes lacera var. lacera,Northern Slender Ladies'-tresses,8,0,G5T5,,N5,,S4S5,R,,,,R,,,,R,,R,,H,FO,,N,,Orchidaceae,8,0,,,N,,,
39132,SPIRLUC,,Spiranthes lucida,Shining Ladies'-tresses,9,-3,G4,,N4,,S4,R,,R,R,R,R,R,X,R,R,R,R,R,FO,Sum,N,,Orchidaceae,9,-3,,,N,,,
39134,SPIRMAG,,Spiranthes magnicamporum,Great Plains Ladies'-tresses,8,-3,G3G4,,N3?,,S3?,R,cz,R,R,R,R,U,,R,R,R,,,FO,Sum-Aut,N,,Orchidaceae,8,-3,,,Y,LV,Low,Y
39136,SPIROCH,,Spiranthes ochroleuca,Yellow Ladies'-tresses,9,3,G4,,N3,,S2,R,cz,,R,R,R,R,,R,,R,,,FO,,N,,Orchidaceae,9,3,,,Y,,,Y
39138,SPIROVA,,Spiranthes ovalis,Oval Ladies'-tresses,9,0,G5?,,N1,,S1,R,CZ,R,,R,,,,,,,,,FO,,N,,Orchidaceae,9,0,,,Y,,,Y
39140,SPIROVE,,Spiranthes ovalis var. erostellata,Northern Oval Ladies'-tresses,9,0,G5?T4?,,N1,,S1,R,CZ,R,,R,,,,,,,,,FO,,N,,Orchidaceae,9,0,,,Y,,,Y
39142,SPIRROM,,Spiranthes romanzoffiana,Hooded Ladies'-tresses,9,-5,G5,,N5,,S5,R,,,R,R,R,R,X,R,R,H,R,R,FO,Sum,N,,Orchidaceae,9,-5,,,N,,,
39186,SPIRX S,,Spiranthes x simpsonii,(Spiranthes lacera X Spiranthes romanzoffiana),,-5,GNA,,NNA,,SNA,,,,,,,,,,,,,,FO,,N,,Orchidaceae,,-5,,,N,,,
25004,SPIRPOL,,Spirodela polyrhiza,Great Duckweed,4,-5,G5,,N5,,S5,U,,R,X,X,R,R,X,U,X,R,C,C,FO,,N,,Lemnaceae,4,-5,,,N,,,
22600,SPORCOM,,Sporobolus compositus,Rough Dropseed,2,5,G5,,N4,,S4,U,cz,U,R,IR,U,R,IR,IR,R,R,,IR,GR,,N,,Poaceae,2,5,,,N,,,Y
22816,SPORCOC,,Sporobolus compositus var. compositus,Rough Dropseed,2,5,G5T5,,N4,,S4,U,cz,U,R,IR,U,R,IR,IR,R,R,,IR,GR,,N,,Poaceae,2,5,,,N,,,Y
22602,SPORCRY,,Sporobolus cryptandrus,Sand Dropseed,2,3,G5,,N5,,S4,U,,C,X,X,X,R,X,C,C,U,R,R,GR,,N,,Poaceae,2,3,,,N,,,Y
22820,SPORHET,,Sporobolus heterolepis,Prairie Dropseed,10,3,G5,,N3N5,,S3,R,,,,,,,,,R,,,,GR,,N,,Poaceae,10,3,,,Y,MV,VH,Y
22592,SPORMIC,,Sporobolus michauxianus,Prairie Cordgrass,7,-3,G5,,N5,,S4,R,,U,X,X,X,R,,R,R,R,R,R,GR,Aut,N,,Poaceae,7,-3,,,N,,,Y
22604,SPORNEG,,Sporobolus neglectus,Small Dropseed,1,3,G5,,N4N5,,S4,R,,U,R,R,X,R,X,R,X,R,C,X,GR,,N,,Poaceae,1,3,,,N,,,
22590,SPORPUM,,Sporobolus pumilus,Saltmeadow Cordgrass,,-3,G5,,N5,,SEH,IH,,IH,,,,,,,,,,,GR,Sum,I,,Poaceae,0,-3,,,N,,,
22160,SPORRIG,,Sporobolus rigidus,Prairie Sandreed,10,5,G5,,N5,,S3,,,,,,,,,,,,,,GR,,N,,Poaceae,10,5,,,Y,,,Y
22164,SPORRIM,,Sporobolus rigidus var. magnus,Great Lakes Sandreed,10,5,G5T3T5,,N3,,S3,R,,?,R,R,IR,,,,,,,,GR,,N,,Poaceae,10,5,,,Y,MV,VH,Y
22162,SPORRIR,,Sporobolus rigidus var. rigidus,Prairie Sandreed,10,5,G5T5,,N5,,SX,,,,,,,,,,,,,,GR,,N,,Poaceae,10,5,,,Y,,,Y
22172,SPORSCH,,Sporobolus schoenoides,Swamp Pricklegrass,,-5,GNR,,NNA,,SEH,IH,,IH,,,IH,,,,,,,,GR,,I,,Poaceae,0,-5,,,N,,,
22608,SPORVAG,,Sporobolus vaginiflorus,Sheathed Dropseed,1,5,G5,,N5,,S5,,,,,,,,,,,,,,GR,,N,,Poaceae,1,5,,,P,,,
22606,SPORVAO,,Sporobolus vaginiflorus var. ozarkanus,Ozark Dropseed,1,5,G5T5?,,N2N3,,S2S3,R,,,,,,,,R,,,,,GR,,N,,Poaceae,1,5,,,Y,,,
22822,SPORVAV,,Sporobolus vaginiflorus var. vaginiflorus,Sheathed Dropseed,1,5,G5T5,,N5,,S5,C,,U,X,X,X,U,X,C,X,U,C,X,GR,,N,,Poaceae,1,5,,,N,,,
151150,STACBYZ,,Stachys byzantina,Woolly Hedge-nettle,,5,GNR,,NNA,,SE1,IR,,,,,,,,,,IR,,,FO,,I,,Lamiaceae,0,5,,,N,,,
151152,STACGER,,Stachys germanica,German Hedge-nettle,,5,GNR,,NNA,,SE1,IR,,,,,,,,,,,IR,,FO,,I,,Lamiaceae,0,5,,,N,,,
151154,STACHIS,,Stachys hispida,Hispid Hedge-nettle,7,-3,G4Q,,N4,,S4,R,,C,R,R,R,R,,U,R,R,R,R,FO,,N,,Lamiaceae,7,-3,,,N,,,
151156,STACPAL,,Stachys palustris,Marsh Hedge-nettle,,-5,G5,,N3N4,,SE5,IX,,IX,IX,IX,IX,IX,,IU,,IH,IX,IR,FO,,I,,Lamiaceae,0,-5,,,N,,,
151206,STACPIL,,Stachys pilosa,Hairy Hedge-nettle,6,-3,G5,,N5,,SU,,,,,,,,,,,,,,FO,,N,,Lamiaceae,6,-3,,,N,,,
151208,STACPIA,,Stachys pilosa var. arenicola,Sand Hedge-nettle,6,-3,G5T4?,,NNR,,SU,R,,H,,,,R,,,,,,,FO,,N,,Lamiaceae,6,-3,,,N,,,
1008335,STACPIP,,Stachys pilosa var. pilosa,Hairy Hedge-nettle,6,-3,G5T5,,N5,,SU,,,,,,,,,,,,,,FO,,N,,Lamiaceae,6,-3,,,N,,,
151158,STACSYL,,Stachys sylvatica,Woodland Hedge-nettle,,,GNR,,NNA,,SE1,IR,,,,,IR,,,,,,,,FO,,I,,Lamiaceae,0,,,,N,,,
101000,STAPTRI,,Staphylea trifolia,American Bladdernut,7,0,G5,,N4,,S4,C,,C,X,X,X,X,X,C,U,U,C,R,SH,Spr,N,,Staphyleaceae,7,0,,,N,,,
61158,STELBOR,,Stellaria borealis,Boreal Starwort,10,-3,G5,,N5,,S5,R,,,,,R,,,,,,,,FO,,N,,Caryophyllaceae,10,-3,,,N,,,
61160,STELBOB,,Stellaria borealis ssp. borealis,Boreal Starwort,10,-3,G5T5,,N5,,S5,R,,,,,R,,,,,,,,FO,,N,,Caryophyllaceae,10,-3,,,N,,,
61162,STELCRA,,Stellaria crassifolia,Fleshy Starwort,10,-3,G5,,N5,,S4,,,,,,,,,,,,,,FO,,N,,Caryophyllaceae,10,-3,,,N,,,
61164,STELGRA,,Stellaria graminea,Grass-leaved Starwort,,5,GNR,,NNA,,SE5,IX,,,,IX,IX,IX,IX,IU,IX,IU,IX,IR,FO,,I,,Caryophyllaceae,0,5,,,N,,,
61166,STELHUM,,Stellaria humifusa,Saltmarsh Starwort,,-5,G5,,N5,,S2S3,,,,,,,,,,,,,,FO,,N,,Caryophyllaceae,,-5,,,Y,,,
61168,STELLON,,Stellaria longifolia,Long-leaved Starwort,2,-3,G5,,N5,,S5,C,,C,X,R,X,R,X,C,C,C,C,R,FO,,N,,Caryophyllaceae,2,-3,,,N,,,
61170,STELLOG,,Stellaria longipes,Long-stalked Starwort,9,0,G5,,N5,,S5,R,,,,,,,,R,,H,R,,FO,,N,,Caryophyllaceae,9,0,,,N,,,
61188,STELLOL,,Stellaria longipes ssp. longipes,Long-stalked Starwort,9,0,G5T5,,N5,,S5,R,,,,,,,,R,,H,R,,FO,,N,,Caryophyllaceae,9,0,,,N,,,
61172,STELMED,,Stellaria media,Common Chickweed,,3,GNR,,NNA,,SE5,IC,,IC,IX,IX,IC,IC,IX,IC,,IC,IC,IX,FO,,I,,Caryophyllaceae,0,3,,,N,,,
61171,STELPAL,,Stellaria pallida,Pale Starwort,,5,GNR,,NNA,,SE2,IR,,IR,IR,IR,,IR,,IR,,IR,,,FO,,I,,Caryophyllaceae,0,5,,,N,,,
32090,STREAMP,,Streptopus amplexifolius,Clasping-leaved Twisted-stalk,10,0,G5,,N5,,S5,,,,,,,,,,,,,,FO,,N,,Liliaceae,10,0,,,N,,,
32092,STRELAN,,Streptopus lanceolatus,Rose Twisted-stalk,7,3,G5,,N5,,S5,U,,H,R,R,R,R,X,U,U,H,C,U,FO,Spr,N,,Liliaceae,7,3,,,N,,,
1010526,STRELAL,,Streptopus lanceolatus var. lanceolatus,Eastern Rose Twisted-stalk,7,3,G5T5,,N5,,S5?,,,,,,,,,,,,,,FO,Spr,N,,Liliaceae,7,3,,,N,,,
1010529,STRELAO,,Streptopus lanceolatus var. longipes,Midwestern Rose Twisted-stalk,,,G5T3T5,,NNR,,SU,,,,,,,,,,,,,,FO,,N,,Liliaceae,,,,,N,,,
32144,STREX O,,Streptopus x oreopolus,(Streptopus amplexifolius X Streptopus lanceolatus),,,GNA,,NNA,,SNA,,,,,,,,,,,,,,FO,,N,,Liliaceae,0,,,,N,,,
83218,STROHEL,,Strophostyles helvola,Trailing Wild Bean,8,0,G5,,N4,,S4,U,cz,C,R,H,,U,,U,,R,H,R,FO,Sum,N,,Fabaceae,8,0,,,N,,,Y
17257,STROLEI,,Strophostyles leiosperma,Slick-seed Wild Bean,8,0,G5,,N1,,S1,,,,,,,,,,,,,,FO,,N,,Fabaceae,8,0,,,Y,,,
16114,STUCFIL,,Stuckenia filiformis,Thread-leaved Pondweed,8,-5,G5,,N5,,S5,R,,,R,R,,,,R,,R,,,FO,,N,,Potamogetonaceae,8,-5,,,N,,,
16138,STUCPEC,,Stuckenia pectinata,Sago Pondweed,4,-5,G5,,N5,,S5,U,,R,X,X,X,R,X,C,R,R,C,C,FO,,N,,Potamogetonaceae,4,-5,,,N,,,
16158,STUCVAG,,Stuckenia vaginata,Big-sheathed Pondweed,8,-5,G5,,N5,,S5,H,,,,H,,,,,,H,,,FO,,N,,Potamogetonaceae,8,-5,,,N,,,
71016,STYLDIP,,Stylophorum diphyllum,Wood-poppy,9,5,G5,END,N1,END,S1,R,cz,,,,R,,,,,,,IR,FO,Spr,N,,Papaveraceae,9,5,,,Y,MV,Low,
55080,SUAECAL,,Suaeda calceoliformis,Pursh's Seepweed,,-3,G5,,N5,,S2,IR,,,IR,,IR,IR,IR,,,IR,IR,IR,FO,,N,,Chenopodiaceae,,-3,,,Y,,,
73258,SUBUAQU,,Subularia aquatica,Water Awlwort,10,-5,G5,,N5,,S2S3,,,,,,,,,,,,,,FO,,N,,Brassicaceae,10,-5,,,Y,,,
73260,SUBUAQA,,Subularia aquatica ssp. americana,American Water Awlwort,10,-5,G5T5,,N5,,S2S3,,,,,,,,,,,,,,FO,,N,,Brassicaceae,10,-5,,,Y,,,
165010,SUCCPRA,,Succisa pratensis,Marsh Devil's-bit,,,GNR,,NNA,,SE1,,,,,,,,,,,,,,FO,,I,,Dipsacaceae,0,,,,N,,,
165012,SUCCINF,,Succisella inflexa,Southern Succisella,,5,GNR,,NNA,,SEH,,,,,,,,,,,,,,FO,,I,,Dipsacaceae,0,5,,,N,,,
162044,SYMPALB,,Symphoricarpos albus,Thin-leaved Snowberry,7,3,G5,,N5,,S5,,,,,,,,,,,,,,SH,,N,,Caprifoliaceae,7,3,,,N,,,
162082,SYMPALA,,Symphoricarpos albus var. albus,Thin-leaved Snowberry,7,3,G5T5,,N5,,S5,U,,R,R,R,X,R,,U,R,U,C,U,SH,,N,,Caprifoliaceae,7,3,,,N,,,
162084,SYMPALL,,Symphoricarpos albus var. laevigatus,Smooth-leaved Snowberry,,3,G5T5,,N5,,SE1,IR,,,,,,,,,,,,IR,SH,,I,,Caprifoliaceae,0,3,,,N,,,
162046,SYMPOCC,,Symphoricarpos occidentalis,Western Snowberry,,3,G5,,N5,,SE3,IR,,,IR,IR,,IR,,IR,,,IR,IR,SH,,I,,Caprifoliaceae,0,3,,,N,,,
162048,SYMPORB,,Symphoricarpos orbiculatus,Coralberry,,3,G5,,NNA,,SE1,IR,,IR,IR,,IR,IR,,IR,IX,IH,,,SH,,I,,Caprifoliaceae,0,3,,,N,,,
168140,SYMPBOR,,Symphyotrichum boreale,Rush Aster,10,-5,G5,,N5,,S5,R,,R,,R,R,R,X,R,R,,R,H,FO,Sum-Aut,N,,Asteraceae,10,-5,,,N,,,
2366,SYMPCIL,,Symphyotrichum ciliatum,Rayless Alkali Aster,,0,G5,,N5,,S3?,IR,,IR,IR,IR,IR,IR,IR,,,IR,IX,IR,FO,,N,,Asteraceae,,0,,,Y,,,
168142,SYMPCII,,Symphyotrichum ciliolatum,Lindley's Aster,6,5,G5,,N5,,S5,R,,,,,,,,,,,R,H,FO,Sum-Aut,N,,Asteraceae,6,5,,,N,,,
168144,SYMPCOR,,Symphyotrichum cordifolium,Heart-leaved Aster,5,5,G5,,N5,,S5,C,,U,X,R,C,X,X,C,C,C,C,C,FO,Sum-Aut,N,,Asteraceae,5,5,,,N,,,
168148,SYMPDUM,,Symphyotrichum dumosum,Bushy Aster,10,0,G5,,N2,,S2,R,cz,R,R,R,,,,R,,R,,,FO,,N,,Asteraceae,10,0,,,Y,,,Y
168152,SYMPERI,,Symphyotrichum ericoides,White Heath Aster,4,3,G5,,N5,,S5,,,,,,,,,,,,,,FO,Sum-Aut,N,,Asteraceae,4,3,,,P,,,Y
168154,SYMPERE,,Symphyotrichum ericoides var. ericoides,White Heath Aster,4,3,G5T5,,N5,,S5,C,,C,X,X,C,X,X,C,C,C,C,C,FO,Sum-Aut,N,,Asteraceae,4,3,,,N,,,Y
168156,SYMPERP,,Symphyotrichum ericoides var. pansum,Tufted White Prairie Aster,4,3,G5T5,,N5,,S2,,,,,,,,,,,,,,FO,,N,,Asteraceae,4,3,,,Y,,,Y
168158,SYMPFAL,,Symphyotrichum falcatum,White Prairie Aster,,0,G5,,N5,,SE1,,,,,,,,,,,,,,FO,,I,,Asteraceae,0,0,,,N,,,
1008338,SYMPFAC,,Symphyotrichum falcatum var. commutatum,White Prairie Aster,,0,G5T4T5,,N4N5,,SE1,,,,,,,,,,,,,,FO,,I,,Asteraceae,0,0,,,N,,,
168224,SYMPFIR,,Symphyotrichum firmum,Glossy-leaved Aster,4,-3,G5,,N4N5,,S4?,X,,,,,X,,,,,X,,,FO,,N,,Asteraceae,4,-3,,,N,,,
168160,SYMPLAE,,Symphyotrichum laeve,Smooth Aster,7,3,G5,,N5,,S5,,,,,,,,,,,,,,FO,Sum-Aut,N,,Asteraceae,7,3,,,P,,,Y
1004700,SYMPLAG,,Symphyotrichum laeve var. geyeri,Geyer's Aster,7,3,G5T5,,N5,,S1?,,,,,,,,,,,,,,FO,,N,,Asteraceae,7,3,,,Y,,,
168162,SYMPLAL,,Symphyotrichum laeve var. laeve,Smooth Aster,7,3,G5T5,,N5,,S5,C,,U,R,X,C,R,,C,C,U,C,R,FO,Sum-Aut,N,,Asteraceae,7,3,,,N,,,Y
168164,SYMPLAN,,Symphyotrichum lanceolatum,Panicled Aster,3,-3,G5,,N5,,S5,C,,C,X,X,C,C,X,C,C,C,C,C,FO,Sum-Aut,N,,Asteraceae,3,-3,,,P,,,
168166,SYMPLAH,,Symphyotrichum lanceolatum ssp. hesperium,Western Panicled Aster,3,-3,G5T5,,N5,,S4?,C,,C,X,X,C,C,X,C,C,C,C,C,FO,,N,,Asteraceae,3,-3,,,N,,,
168168,SYMPLAC,,Symphyotrichum lanceolatum ssp. lanceolatum,Eastern Panicled Aster,3,-3,G5T5,,N5,,S5,C,,C,X,X,C,C,X,C,C,C,C,C,FO,Sum-Aut,N,,Asteraceae,3,-3,,,P,,,
1011035,SYMPLAI,,Symphyotrichum lanceolatum ssp. lanceolatum var. hirsuticaule,Great Lakes Panicled Aster,3,-3,G5TNR,,N4N5,,S4S5,C,,C,X,X,C,C,X,C,C,C,C,C,FO,,N,,Asteraceae,3,-3,,,N,,,
1011032,SYMPLAT,,Symphyotrichum lanceolatum ssp. lanceolatum var. interior,Interior Panicled Aster,3,-3,G5T5,,N4N5,,S4S5,C,,C,X,X,C,C,X,C,C,C,C,C,FO,,N,,Asteraceae,3,-3,,,N,,,
1011029,SYMPLAO,,Symphyotrichum lanceolatum ssp. lanceolatum var. lanceolatum,Eastern Panicled Aster,3,-3,G5T5,,N5,,S5,C,,C,X,X,C,C,X,C,C,C,C,C,FO,,N,,Asteraceae,3,-3,,,N,,,
1011038,SYMPLAF,,Symphyotrichum lanceolatum ssp. lanceolatum var. latifolium,Broad-leaved Panicled Aster,3,-3,G5T5,,NNR,,S3?,C,,C,X,X,C,C,X,C,C,C,C,C,FO,,N,,Asteraceae,3,-3,,,Y,,,
168178,SYMPLAR,,Symphyotrichum lateriflorum,Calico Aster,3,0,G5,,N5,,S5,C,,C,X,X,C,X,X,C,C,C,C,C,FO,Sum-Aut,N,,Asteraceae,3,0,,,P,,,
1011016,SYMPLAA,,Symphyotrichum lateriflorum var. angustifolium,Narrow-leaved Calico Aster,3,0,G5T4T5,,N4N5,,S4S5,C,,C,X,X,C,X,X,C,C,C,C,C,FO,,N,,Asteraceae,3,0,,,N,,,
1011019,SYMPLAS,,Symphyotrichum lateriflorum var. hirsuticaule,Rough-stemmed Calico Aster,3,0,G5T4T5,,N4N5,,S2?,C,,C,X,X,C,X,X,C,C,C,C,C,FO,,N,,Asteraceae,3,0,,,Y,,,
1011023,SYMPLAU,,Symphyotrichum lateriflorum var. lateriflorum,Calico Aster,3,0,G5T5,,N5,,S5,C,,C,X,X,C,X,X,C,C,C,C,C,FO,Sum-Aut,N,,Asteraceae,3,0,,,N,,,
168196,SYMPNOV,,Symphyotrichum novae-angliae,New England Aster,2,-3,G5,,N5,,S5,C,,C,X,X,C,C,X,C,C,C,C,C,FO,Sum-Aut,N,,Asteraceae,2,-3,,,N,,,Y
168202,SYMPONT,,Symphyotrichum ontarionis,Ontario Aster,6,0,G5,,N5,,S5,R,,R,,R,,R,X,R,,R,R,H,FO,Aut,N,,Asteraceae,6,0,,,N,,,
1008080,SYMPONG,,Symphyotrichum ontarionis var. glabratum,Smooth Ontario Aster,6,0,G5T5,,N5,,S5,R,,R,,R,,R,X,R,,R,R,H,FO,,N,,Asteraceae,6,0,,,N,,,
1008081,SYMPONO,,Symphyotrichum ontarionis var. ontarionis,Ontario Aster,6,0,G5T4,,N4,,S4,R,,R,,R,,R,X,R,,R,R,H,FO,,N,,Asteraceae,6,0,,,N,,,
168204,SYMPOOL,,Symphyotrichum oolentangiense,Sky Blue Aster,9,5,G5,,N4,,S4,R,,R,R,R,R,R,,U,R,R,C,R,FO,Sum-Aut,N,,Asteraceae,9,5,,,N,,,Y
168208,SYMPPIL,,Symphyotrichum pilosum,Old Field Aster,,3,G5,,N5,,S5,,,,,,,,,,,,,,FO,Sum-Aut,N,,Asteraceae,0,3,,,N,,,Y
168212,SYMPPIP,,Symphyotrichum pilosum var. pilosum,Old Field Aster,1,3,G5T5,,N5,,S5,C,,C,X,X,U,X,X,C,C,C,C,R,FO,Sum-Aut,N,,Asteraceae,1,3,,,N,,,Y
168214,SYMPPIR,,Symphyotrichum pilosum var. pringlei,Pringle's Aster,9,0,G5T5,,N4,,S4,R,,H,R,R,,,,R,,R,,R,FO,,N,,Asteraceae,9,0,,,N,,,
168216,SYMPPRA,,Symphyotrichum praealtum,Willow-leaved Aster,8,-3,G5,THR,N2,THR,S2,R,CZ,R,R,R,R,,,,,,,,FO,Aut,N,,Asteraceae,8,-3,,,Y,,,Y
168218,SYMPPRP,,Symphyotrichum praealtum var. praealtum,Willow-leaved Aster,8,-3,G5T5?,,N2,,S2,R,CZ,R,R,R,R,,,,,,,,FO,Aut,N,,Asteraceae,8,-3,,,Y,,,Y
168220,SYMPPRE,,Symphyotrichum prenanthoides,Crooked-stem Aster,9,0,G4G5,SC,N2?,SC,S2?,R,cz,,,,,U,R,R,,,,,FO,,N,,Asteraceae,9,0,,,Y,,,
168222,SYMPPUN,,Symphyotrichum puniceum,Purple-stemmed Aster,6,-5,G5,,NNR,,S5,C,,R,R,R,X,X,X,C,C,C,C,C,FO,Sum-Aut,N,,Asteraceae,6,-5,,,N,,,
168226,SYMPPUP,,Symphyotrichum puniceum var. puniceum,Purple-stemmed Aster,6,-5,G5T5,,NNR,,S5,C,,R,R,R,X,X,X,C,C,C,C,C,FO,Sum-Aut,N,,Asteraceae,6,-5,,,N,,,
168188,SYMPROB,,Symphyotrichum robynsianum,Robyns' Aster,9,-3,G5,,N5,,S5,,,,,,,,,,,,,,FO,,N,,Asteraceae,9,-3,,,N,,,
168234,SYMPSER,,Symphyotrichum sericeum,Western Silvery Aster,9,5,G5,THR,N2N3,END,S1,,,,,,,,,,,,,,FO,,N,,Asteraceae,9,5,,,Y,,,Y
168238,SYMPSHO,,Symphyotrichum shortii,Short's Aster,7,5,G5,NAR,N4,,S4,U,CZ,U,,,,,,,,,,,FO,,N,,Asteraceae,7,5,,,N,,,Y
1010722,SYMPSUB,,Symphyotrichum subulatum,Annual Saltmarsh Aster,,-3,G5,,N2,,SE2,IR,,IR,IR,IR,IR,IR,,,,IR,,IR,FO,Aut,I,,Asteraceae,0,-3,,,N,,,
168240,SYMPSUS,,Symphyotrichum subulatum var. subulatum,Annual Saltmarsh Aster,,-3,G--T5,,N2,,SE2,IR,,IR,IR,IR,IR,IR,,,,IR,,IR,FO,Aut,I,,Asteraceae,0,-3,,,N,,,
168252,SYMPURO,,Symphyotrichum urophyllum,Arrow-leaved Aster,6,5,G4G5,,N4,,S4,C,,C,R,R,X,X,X,C,C,U,C,R,FO,Sum-Aut,N,,Asteraceae,6,5,,,N,,,Y
168254,SYMPX A,,Symphyotrichum x amethystinum,(Symphyotrichum ericoides X Symphyotrichum novae-angliae),,0,GNA,,NNA,,SNA,hyb,,hyb,hyb,hyb,hyb,hyb,,hyb,,hyb,hyb,hyb,FO,Sum-Aut,N,,Asteraceae,,0,,,N,,,
149064,SYMPASP,,Symphytum asperum,Prickly Comfrey,,5,GNR,,NNA,,SE2,IR,,,,,,,,,,,,IR,FO,,I,,Boraginaceae,0,5,,,N,,,
149076,SYMPOFF,,Symphytum officinale,Common Comfrey,,5,GNR,,NNA,,SE5,IR,,IR,IR,IX,IX,IX,IX,IR,IX,IR,IX,IR,FO,,I,,Boraginaceae,0,5,,,N,,,
149066,SYMPX U,,Symphytum x uplandicum,(Symphytum asperum X Symphytum officinale),,5,GNA,,NNA,,SNA,,,,,,,,,,,,,,FO,,I,,Boraginaceae,0,5,,,N,,,
24012,SYMPFOE,,Symplocarpus foetidus,Eastern Skunk Cabbage,7,-5,G5,,N5,,S5,C,,R,X,X,C,C,X,C,C,C,C,R,FO,Win-Spr,N,,Araceae,7,-5,,,N,,,
1008496,SYRIJOS,,Syringa josikaea,Hungarian Lilac,,,GNR,,NNA,,SE1,,,,,,,,,,,,,,SH,,I,,Oleaceae,0,,,,N,,,
1007452,SYRIRET,,Syringa reticulata,Japanese Tree Lilac,,0,GNR,,NNA,,SE1,,,,,,,,,,,,,,SH,,I,,Oleaceae,0,0,,,N,,,
1009681,SYRIREP,,Syringa reticulata ssp. pekinensis,Peking Tree Lilac,,,GNRTNR,,NNA,,SE1,IR,,,,,,,,,,,IR,IR,SH,,I,,Oleaceae,0,,,,N,,,
1007453,SYRIRER,,Syringa reticulata ssp. reticulata,Japanese Tree Lilac,,0,GNRTNR,,NNA,,SE1,,,,,,,,,,,,,,SH,,I,,Oleaceae,0,0,,,N,,,
1010430,SYRIVIL,,Syringa villosa,Late Lilac,,0,GNR,,NNA,,SE1,,,,,,,,,,,,,,SH,,I,,Oleaceae,0,0,,,N,,,
129094,TAENINT,,Taenidia integerrima,Yellow Pimpernel,9,5,G5,,N4,,S4,U,cz,U,R,X,R,R,,U,U,R,U,R,FO,Sum,N,,Apiaceae,9,5,,,N,,,
168258,TANABAL,,Tanacetum balsamita,Costmary,,5,G5,,NNA,,SE3,IR,,,,,,,,,,,,IR,FO,,I,,Asteraceae,0,5,,,N,,,
168812,TANABIP,,Tanacetum bipinnatum,Dwarf Tansy,10,3,G5,,N4N5,,S4,,,,,,,,,,,,,,FO,,N,,Asteraceae,10,3,,,P,,,
168814,TANABIH,,Tanacetum bipinnatum ssp. huronense,Lake Huron Tansy,10,3,G5T4T5,,N4N5,,S4,,,,,,,,,,,,,,FO,,N,,Asteraceae,10,3,,,P,,,
168816,TANAPAR,,Tanacetum parthenium,Common Feverfew,,5,GNR,,NNA,,SE3,IR,,,,,,,,,,IR,IR,IR,FO,,I,,Asteraceae,0,5,,,N,,,
168818,TANAVUL,,Tanacetum vulgare,Common Tansy,,5,GNR,,NNA,,SE5,IX,,IR,IX,IX,IX,IX,,IU,IX,IR,IX,IU,FO,Sum,I,,Asteraceae,0,5,,,N,,,
168820,TARACER,,Taraxacum ceratophorum,Horned Dandelion,,0,G5,,N5,,S5,,,,,,,,,,,,,,FO,,N,,Asteraceae,0,0,,,P,,,
168824,TARAERY,,Taraxacum erythrospermum,Red-seeded Dandelion,,5,GNR,,NNA,,SE5,IX,,IR,IR,IX,IR,IR,IX,IR,IX,IR,IX,IX,FO,,I,,Asteraceae,0,5,,,N,,,
168828,TARAOFF,,Taraxacum officinale,Common Dandelion,,3,G5,,N5,,SE5,IC,,IC,IX,IX,IC,IC,IX,IC,IX,IC,IC,IC,FO,Spr-Aut,I,,Asteraceae,0,3,,,N,,,
168940,TARAPAL,,Taraxacum palustre,Marsh Dandelion,,-3,GNR,,NNA,,SE5,IU,,IR,IR,IX,IR,IR,IX,IU,IX,IR,IX,IX,FO,,I,,Asteraceae,0,-3,,,N,,,
72000,TAREHAS,,Tarenaya hassleriana,Pink-queen,,5,GNR,,NNA,,SE1,IR,,,,,IR,,,,,IR,IH,IR,FO,,I,,Capparaceae,0,5,,,N,,,
12000,TAXUCAN,,Taxus canadensis,Canada Yew,7,3,G5,,N5,,S4,U,,H,,R,X,R,X,R,X,U,C,U,SH,,N,,Taxaceae,7,3,,,N,,,
168676,TEPHPAL,,Tephroseris palustris,Marsh Groundsel,10,-3,G5,,N5,,S4,,,,,,,,,,,,,,FO,,N,,Asteraceae,10,-3,,,N,,,
83220,TEPHVIR,,Tephrosia virginiana,Virginia Goat's-rue,10,5,G5,END,N1,END,S1,R,CZ,,,,,,,R,,,,,FO,,N,,Fabaceae,10,5,,,Y,MV,VH,Y
168830,TETRHER,,Tetraneuris herbacea,Lakeside Daisy,10,5,G3,THR,N3,THR,S3,,,,,,,,,,,,,,FO,Spr,N,,Asteraceae,10,5,,,Y,HV,Mod,
151160,TEUCBOT,,Teucrium botrys,Cut-leaved Germander,,-3,GNR,,NNA,,SE1,IH,,,,,IH,,,,,,,,FO,,I,,Lamiaceae,0,-3,,All other CW values within this Genus are identical,N,,,
151162,TEUCCAN,,Teucrium canadense,Canada Germander,6,-3,G5,,N4N5,,S4S5,,,,,,,,,,,,,,FO,Sum,N,,Lamiaceae,6,-3,,,N,,,Y
151166,TEUCCAC,,Teucrium canadense var. canadense,Canada Germander,6,-3,G5T5,,N4,,SU,U,,C,R,X,R,U,,U,U,R,U,R,FO,Sum,N,,Lamiaceae,6,-3,,,N,,,Y
1010368,TEUCCAV,,Teucrium canadense var. occidentale,Western Germander,6,-3,G5T5?,,N4,,SU,R,,X,R,?,,,,,,H,R,,FO,,N,,Lamiaceae,6,-3,,,N,,,Y
64144,THALAMP,,Thalictrum amphibolum,Skunk Meadow-rue,9,0,GNR,,NNR,,S2S3,R,cz,R,H,R,,,,R,,H,,,FO,,N,,Ranunculaceae,9,0,,,Y,,,Y
64152,THALAQU,,Thalictrum aquilegiifolium,Columbine Meadow-rue,,,GNR,,NNA,,SE1,,,,,,,,,,,,,,FO,,I,,Ranunculaceae,0,,,,N,,,
64200,THALCON,,Thalictrum confine,Northern Meadow-rue,9,-3,G4?,,N4N5,,SU,,,,,,,,,,,,,,FO,,N,,Ranunculaceae,9,-3,,,N,,,
64138,THALDAS,,Thalictrum dasycarpum,Purple Meadow-rue,5,-3,G5,,N5?,,S4?,R,,C,R,X,R,R,,R,R,,,,FO,,N,,Ranunculaceae,5,-3,,,N,,,Y
64140,THALDIO,,Thalictrum dioicum,Early Meadow-rue,6,3,G5,,N5,,S5,C,,C,X,X,X,C,X,C,C,C,C,C,FO,Spr,N,,Ranunculaceae,6,3,,,N,,,
64142,THALPUB,,Thalictrum pubescens,Tall Meadow-rue,5,-3,G5,,N5,,S5,C,,?,X,X,X,C,X,C,C,C,C,C,FO,,N,,Ranunculaceae,5,-3,,,N,,,
64146,THALSPA,,Thalictrum sparsiflorum,Few-flowered Meadow-rue,,3,G5,,N5,,SH,,,,,,,,,,,,,,FO,,N,,Ranunculaceae,,3,,,Y,,,
64022,THALTHA,,Thalictrum thalictroides,Rue-anemone,8,3,G5,,N3,,S3,R,cz,R,R,,R,,,U,R,R,R,H,FO,Spr,N,,Ranunculaceae,8,3,,,Y,,,Y
64150,THALVEN,,Thalictrum venulosum,Veiny Meadow-rue,9,-3,G5,,N5,,S5?,,,,,,,,,,,,,,FO,,N,,Ranunculaceae,9,-3,,,N,,,
129096,THASBAR,,Thaspium barbinode,Bearded Meadow-parsnip,9,5,G5,,NH,,SH,H,CZ,,,,,,,,,H,,,FO,,N,,Apiaceae,9,5,,,Y,,,
17260,THASCHA,,Thaspium chapmanii,Chapman's Meadow-parsnip,10,5,GNR,,N2?,,S2?,R,CZ,R,R,H,,,,,,,,,FO,,N,,Apiaceae,10,5,,,Y,,,
129098,THASTRI,,Thaspium trifoliatum,Purple Meadow-parsnip,9,3,G5,,N2,,S2,R,CZ,R,R,,,,,,,H,,,FO,,N,,Apiaceae,9,3,,,Y,,,
129100,THASTRA,,Thaspium trifoliatum var. aureum,Golden Meadow-parsnip,9,3,G5T5,,N2,,S2,R,CZ,R,R,,,,,,,H,,,FO,,N,,Apiaceae,9,3,,,Y,,,
9406,THELPAL,,Thelypteris palustris,Marsh Fern,5,-3,G5,,N5,,S5,C,,C,X,X,X,C,X,C,C,C,C,C,FE,,N,,Thelypteridaceae,5,-3,,,N,,,
9410,THELPAP,,Thelypteris palustris var. pubescens,Eastern Marsh Fern,5,-3,G5T5,,N5,,S5,C,,C,X,X,X,C,X,C,C,C,C,C,FE,,N,,Thelypteridaceae,5,-3,,,N,,,
83290,THERRHO,,Thermopsis rhombifolia,Prairie Golden Bean,,3,G5,,N5,,SE1,,,,,,,,,,,,,,FO,,I,,Fabaceae,0,3,,,N,,,
22296,THINPON,,Thinopyrum ponticum,Tall Wheatgrass,,3,GNR,,NNA,,SE3,IR,,IR,IR,IR,IR,IR,IR,,,IR,IR,IR,GR,,I,,Poaceae,0,3,,,N,,,
166012,THLADUB,,Thladiantha dubia,Manchu Tuber-gourd,,5,GNR,,NNA,,SE2,IR,,,IR,IR,IR,,,IR,,,,IH,VI,,I,,Cucurbitaceae,0,5,,,N,,,
73262,THLAARV,,Thlaspi arvense,Field Pennycress,,5,GNR,,NNA,,SE5,IC,,IC,IX,IX,IC,IC,IX,IU,IX,IC,IC,IR,FO,Spr,I,,Brassicaceae,0,5,,,N,,,
13508,THUJOCC,,Thuja occidentalis,Eastern White Cedar,4,-3,G5,,N5,,S5,C,,,,X,X,C,X,C,C,U,C,C,TR,,N,,Cupressaceae,4,-3,,,N,,,
119004,THYMPAS,,Thymelaea passerina,Sparrow Weed,,5,GNR,,NNA,,SE1,IR,,,,IR,IR,,,,,IR,,,FO,,I,,Thymelaeaceae,0,5,,,N,,,
151168,THYMPRA,,Thymus praecox,Creeping Thyme,,5,GNR,,NNA,,SE3,IR,,,,IX,IR,,,,IX,,IR,IR,FO,,I,,Lamiaceae,0,5,,,N,,,
151170,THYMPRR,,Thymus praecox ssp. britannicus,Creeping Thyme,,5,GNRTNR,,NNA,,SE3,IR,,,,IX,IR,,,,IX,,IR,IR,FO,,I,,Lamiaceae,0,5,,,N,,,
151172,THYMPUL,,Thymus pulegioides,Lemon Thyme,,5,GNR,,NNA,,SE1,IR,,,,,IR,,,,,,,,FO,,I,,Lamiaceae,0,5,,,N,,,
79042,TIARCOR,,Tiarella cordifolia,Heart-leaved Foamflower,6,3,G5,,N5,,S5,C,,R,R,X,X,X,X,C,C,C,C,R,FO,Spr,N,,Saxifragaceae,6,3,,,N,,,
108000,TILIAME,,Tilia americana,Basswood,4,3,G5,,N5,,S5,C,,C,X,C,C,C,X,C,C,C,C,C,TR,,N,,Tiliaceae,4,3,,,N,,,
108002,TILICOR,,Tilia cordata,Little-leaved Linden,,5,GNR,,NNA,,SE1,IR,,,,,,,,IR,,,IR,IR,TR,,I,,Tiliaceae,0,5,,,N,,,
108004,TILIX E,,Tilia x europaea,(Tilia cordata X Tilia platyphyllos),,3,GNA,,NNA,,SNA,hyb,,,,,hyb,,,,,,,,TR,,I,,Tiliaceae,0,3,,,N,,,
32146,TOFIPUS,,Tofieldia pusilla,Small Tofieldia,9,-3,G5,,N5,,S4S5,,,,,,,,,,,,,,FO,,N,,Liliaceae,9,-3,,,P,,,
73172,TOMOREP,,Tomostima reptans,Creeping Draba,9,5,G5,,N2N3,,S2S3,R,cz,R,R,R,H,,,,R,H,,,FO,Spr,N,,Brassicaceae,9,5,,,Y,,,
22616,TORRPAL,,Torreyochloa pallida,Pale False Mannagrass,8,-5,G5,,N5,,S4,,,,,,,,,,,,,,GR,,N,,Poaceae,8,-5,,,P,,,
22828,TORRPAF,,Torreyochloa pallida var. fernaldii,Fernald's False Mannagrass,8,-5,G5T5Q,,N5,,S4,,,,,,,,,,,,,,GR,,N,,Poaceae,8,-5,,,N,,,
1004718,TORRPAP,,Torreyochloa pallida var. pallida,Pale False Mannagrass,9,-5,G5T5?,,N2,,S2,R,cz,,,,,R,,R,,R,R,,GR,,N,,Poaceae,9,-5,,,Y,,,
97010,TOXIRAD,,Toxicodendron radicans,Poison Ivy,2,0,G5,,N5,,S5,,,,,,,,,,,,,,VW,Spr,N,,Anacardiaceae,2,0,,,N,,,
1011004,TOXIRAR,,Toxicodendron radicans var. radicans,Eastern Poison Ivy,2,0,G5T5,,N4,,S5,C,,C,X,C,C,X,,C,C,C,C,C,VW,Spr,N,,Anacardiaceae,2,0,,,N,,,
97016,TOXIRAY,,Toxicodendron radicans var. rydbergii,Western Poison Ivy,2,0,G--T5,,N5,,S5,C,,C,X,X,X,X,X,C,X,C,C,C,SH,Spr,N,,Anacardiaceae,2,0,,,N,,,
97020,TOXIVER,,Toxicodendron vernix,Poison Sumac,8,-5,G5,,N4,,S4,R,cz,R,R,R,R,R,X,C,R,R,R,R,SH,Spr,N,,Anacardiaceae,8,-5,,,N,,,
29002,TRADOHI,,Tradescantia ohiensis,Ohio Spiderwort,10,3,G5,,N2,,S2,R,CZ,R,,R,,,,H,,,,,FO,Sum,N,,Commelinaceae,10,3,,,Y,,,Y
29004,TRADVIR,,Tradescantia virginiana,Virginia Spiderwort,,5,G5,,NNA,,SE1,IR,,,IR,?,,,,,,,IR,IR,FO,,I,,Commelinaceae,0,5,,,N,,,
168832,TRAGDUB,,Tragopogon dubius,Yellow Goatsbeard,,5,GNR,,NNA,,SE5,IC,,IC,IX,IX,IX,IX,IX,IC,IX,IU,IX,IR,FO,,I,,Asteraceae,0,5,,,N,,,
168838,TRAGPOR,,Tragopogon porrifolius,Purple Goatsbeard,,5,GNR,,NNA,,SE4?,IR,,IU,,IX,IR,IR,IX,IR,,IR,IX,IX,FO,,I,,Asteraceae,0,5,,,N,,,
168840,TRAGPRA,,Tragopogon pratensis,Meadow Goatsbeard,,5,GNR,,NNA,,SE5,IX,,IU,IX,,IX,IX,IX,,IX,IC,IX,IC,FO,,I,,Asteraceae,0,5,,,N,,,
168844,TRAGX C,,Tragopogon x crantzii,(Tragopogon dubius X Tragopogon pratensis),,5,GNA,,NNA,,SNA,,,,,,,,,,,,,,FO,,I,,Asteraceae,0,5,,,N,,,
168834,TRAGX M,,Tragopogon x mirabilis,(Tragopogon porrifolius X Tragopogon pratensis),,5,GNA,,NNA,,SNA,hyb,,,,,,,,,,,hyb,,FO,,I,,Asteraceae,0,5,,,N,,,
168942,TRAGX N,,Tragopogon x neohybridus,(Tragopogon dubius X Tragopogon porrifolius),,5,GNA,,NNA,,SNA,hyb,,hyb,,,,,,,,,,,FO,,I,,Asteraceae,0,5,,,N,,,
111026,TRIAFRA,,Triadenum fraseri,Fraser's St. John's-wort,7,-5,G5,,N5,,S5,R,,R,R,R,R,R,X,C,U,U,U,R,FO,,N,,Clusiaceae,7,-5,,,N,,,
111028,TRIAVIR,,Triadenum virginicum,Virginia St. John's-wort,10,-5,G5,,N5,,S4,R,,,,,,,,,,R,,,FO,,N,,Clusiaceae,10,-5,,,N,,,
32094,TRIAGLU,,Triantha glutinosa,Sticky Tofieldia,10,-5,G5,,N5,,S4S5,R,,,,R,,,,R,R,H,,H,FO,Sum,N,,Liliaceae,10,-5,,,N,,,
87000,TRIBTER,,Tribulus terrestris,Puncture Vine,,5,GNR,,NNA,,SE1,IR,,,,IR,,IR,,,,,,,FO,,I,,Zygophyllaceae,0,5,,,N,,,
23586,TRICALP,,Trichophorum alpinum,Alpine Clubrush,9,-5,G5,,N5,,S5,,,,,,,,,,,,,,SE,,N,,Cyperaceae,9,-5,,,N,,,
23646,TRICCES,,Trichophorum cespitosum,Tufted Clubrush,10,-5,G5,,N5,,S5,,,,,,,,,,,,,,SE,,N,,Cyperaceae,10,-5,,,N,,,
23648,TRICCLI,,Trichophorum clintonii,Clinton's Clubrush,10,3,G4,,N3N4,,S2S3,R,,R,,R,,,,,,,H,,SE,,N,,Cyperaceae,10,3,,,Y,,,Y
23688,TRICPLA,,Trichophorum planifolium,Bashful Clubrush,10,5,G4G5,END,N1,END,S1,R,CZ,,,,,,,,,,R,H,SE,,N,,Cyperaceae,10,5,,,Y,,,
151174,TRICBRA,,Trichostema brachiatum,Fluxweed,9,5,G5,,N4,,S4,R,,R,,,,,,R,,R,U,,FO,Sum,N,,Lamiaceae,9,5,,,N,,,
151176,TRICDIC,,Trichostema dichotomum,Forked Bluecurls,8,5,G5,,N1N2,,S1,R,CZ,,,,,IR,,R,,,,,FO,Sum,N,,Lamiaceae,8,5,,,Y,,,Y
22618,TRIDFLA,,Tridens flavus,Purpletop Tridens,,5,G5,,NNA,,SE1,IR,,IR,,,,,,IR,,IR,,,GR,,I,,Poaceae,0,5,,,N,,,
22830,TRIDFLF,,Tridens flavus var. flavus,Purpletop Tridens,,5,G5T5,,NNA,,SE1,IR,,IR,,,,,,IR,,IR,,,GR,,I,,Poaceae,0,5,,,N,,,
83222,TRIFARV,,Trifolium arvense,Rabbit's-foot Clover,,5,GNR,,NNA,,SE4,IX,,IH,,,,,IX,IU,,IR,IR,IR,FO,,I,,Fabaceae,0,5,,,N,,,
83224,TRIFAUR,,Trifolium aureum,Yellow Clover,,5,GNR,,NNA,,SE5,IX,,IR,IR,IX,IX,IX,IX,IU,IX,IR,IX,IR,FO,,I,,Fabaceae,0,5,,,N,,,
83226,TRIFCAM,,Trifolium campestre,Low Hop Clover,,5,GNR,,NNA,,SE5,IX,,IU,,IX,IX,IX,,IU,IX,IR,IX,IX,FO,,I,,Fabaceae,0,5,,,N,,,
83228,TRIFDUB,,Trifolium dubium,Small Hop Clover,,3,GNR,,NNA,,SE4,IX,,IX,,IX,,IR,,IU,IX,IR,,IR,FO,,I,,Fabaceae,0,3,,,N,,,
200903,TRIFFRA,,Trifolium fragiferum,Strawberry Clover,,3,GNR,,NNA,,SE1,IR,,IR,,,,,,,,,IR,IR,FO,,I,,Fabaceae,0,3,,,N,,,
1011010,TRIFFRB,,Trifolium fragiferum ssp. bonannii,Bonann's Clover,,3,GNRTNR,,NNA,,SE1,IR,,IR,,,,,,,,,IR,IR,FO,,I,,Fabaceae,0,3,,,N,,,
83280,TRIFHYB,,Trifolium hybridum,Alsike Clover,,3,GNR,,NNA,,SE5,IC,,IR,IX,IX,IX,IX,IX,IC,,IC,IC,IC,FO,,I,,Fabaceae,0,3,,,N,,,
83230,TRIFINC,,Trifolium incarnatum,Crimson Clover,,5,GNR,,NNA,,SE1,IR,,,,?,,,,,,,,IR,FO,,I,,Fabaceae,0,5,,,N,,,
83232,TRIFMED,,Trifolium medium,Zigzag Clover,,,GNR,,NNA,,SEH,IH,,,,,,,,,,,,IH,FO,,I,,Fabaceae,0,,,,N,,,
83234,TRIFPRA,,Trifolium pratense,Red Clover,,3,GNR,,NNA,,SE5,IC,,IU,IX,IX,IX,IX,IX,IC,IX,IX,IC,IC,FO,,I,,Fabaceae,0,3,,,N,,,
83236,TRIFREF,,Trifolium reflexum,Buffalo Clover,10,3,G3G4,,NX,,SX,H,CZ,H,,H,,,,,,,,,FO,,N,,Fabaceae,10,3,,,Y,,,
83238,TRIFREP,,Trifolium repens,White Clover,,3,GNR,,NNA,,SE5,IC,,IU,IX,IX,IX,IX,IX,IC,IX,IX,IC,IC,FO,,I,,Fabaceae,0,3,,,N,,,
1010092,TRIFRES,,Trifolium resupinatum,Reversed Clover,,5,GNR,,NNA,,SE1,IR,,,,,IR,,,,,,IR,,FO,,I,,Fabaceae,0,5,,,N,,,
18000,TRIGMAR,,Triglochin maritima,Seaside Arrowgrass,8,-5,G5,,N5,,S5,R,,,,R,IR,,,R,,IR,,H,FO,Sum,N,,Juncaginaceae,8,-5,,,N,,,
18002,TRIGPAL,,Triglochin palustris,Marsh Arrowgrass,8,-5,G5,,N5,,S5,R,,R,,R,,R,,R,R,R,,H,FO,Sum,N,,Juncaginaceae,8,-5,,,N,,,
32106,TRILUND,,Trillidium undulatum,Painted Trillium,8,3,G5,,N5,,S4,R,,,,,,,,R,,H,,,FO,Spr,N,,Liliaceae,8,3,,,N,,,
32098,TRILCER,,Trillium cernuum,Nodding Trillium,8,0,G5,,N5,,S5,R,,R,,R,R,,,,,,,,FO,Spr,N,,Liliaceae,8,0,,,N,,,
32100,TRILERE,,Trillium erectum,Red Trillium,6,3,G5,,N5,,S5,C,,U,X,X,X,C,X,C,C,C,C,C,FO,Spr,N,,Liliaceae,6,3,,,N,,,
32102,TRILFLE,,Trillium flexipes,Drooping Trillium,10,0,G5,END,N1,END,S1,R,CZ,H,,,R,R,,,,H,,,FO,Spr,N,,Liliaceae,10,0,,,Y,,,
32104,TRILGRA,,Trillium grandiflorum,White Trillium,5,3,G5,,N5,,S5,C,,C,X,X,X,C,X,C,C,C,C,C,FO,Spr,N,,Liliaceae,5,3,,,N,,,
32148,TRILLUT,,Trillium luteum,Yellow Trillium,,5,G4,,NNA,,SEH,,,,,,,,,,,,,,FO,Spr,I,,Liliaceae,0,5,,,N,,,
167034,TRIOPER,,Triodanis perfoliata,Clasping-leaved Venus' Looking-glass,6,3,G5,,N5,,S4,R,cz,U,,R,H,R,,R,,H,,R,FO,Sum,N,,Campanulaceae,6,3,,,N,,,
162050,TRIOANG,,Triosteum angustifolium,Narrow-leaved Horse-gentian,10,5,G5,,N1,,S1,R,CZ,R,,,,,,,,,,,FO,,N,,Caprifoliaceae,10,5,,,Y,,,
162052,TRIOAUR,,Triosteum aurantiacum,Orange-fruit Horse-gentian,7,5,G5,,N4N5,,S4S5,U,,R,R,X,X,U,X,U,U,U,C,R,FO,Sum,N,,Caprifoliaceae,7,5,,,N,,,
1010199,TRIOAUA,,Triosteum aurantiacum var. aurantiacum,Orange-fruit Horse-gentian,7,5,G5T5,,N4N5,,S4S5,U,,R,R,X,X,U,X,U,U,U,C,R,FO,Sum,N,,Caprifoliaceae,7,5,,,N,,,
162054,TRIOPEF,,Triosteum perfoliatum,Perfoliate Horse-gentian,9,5,G5,,N1N2,,S1,R,CZ,R,R,R,R,,,,,,,,FO,Spr,N,,Caprifoliaceae,9,5,,,Y,,,
39144,TRIPTRI,,Triphora trianthophoros,Nodding Pogonia,9,3,G4?,END,N1,END,S1,R,CZ,R,R,,,,,,,,,,FO,,N,,Orchidaceae,9,3,,,Y,HV,Mod,
1004740,TRIPTRT,,Triphora trianthophoros ssp. trianthophoros,Nodding Pogonia,9,3,G4?T4?,,N1,,S1,R,CZ,R,R,,,,,,,,,,FO,,N,,Orchidaceae,9,3,,,Y,,,
22620,TRIPPUR,,Triplasis purpurea,Purple Sandgrass,8,5,G4G5,,N4,,S4,R,cz,U,R,R,,R,,U,,R,R,R,GR,,N,,Poaceae,8,5,,,N,,,
1008253,TRIPPUP,,Triplasis purpurea var. purpurea,Purple Sandgrass,8,5,G4G5TNR,,N4,,S4,R,cz,U,R,R,,R,,U,,R,R,R,GR,,N,,Poaceae,8,5,,,N,,,
168618,TRIPINO,,Tripleurospermum inodorum,Scentless Chamomile,,0,GNR,,NNA,,SE,IX,,,,,IR,IR,,,,IR,IX,IU,FO,,I,,Asteraceae,0,0,,,N,,,
168612,TRIPMAR,,Tripleurospermum maritimum,Seaside Chamomile,,0,G5,,N4N5,,S3,,,,,,,,,,,,,,FO,,N,,Asteraceae,,0,,,P,,,
168614,TRIPMAM,,Tripleurospermum maritimum ssp. maritimum,Seaside Chamomile,,0,G5TNR,,NNA,,SE,IX,,,,IX,,,,,,,IR,IH,FO,,I,,Asteraceae,0,0,,,N,,,
168616,TRIPMAP,,Tripleurospermum maritimum ssp. phaeocephalum,Arctic Chamomile,,0,G5T4T5,,N4N5,,S3,,,,,,,,,,,,,,FO,,N,,Asteraceae,0,0,,,Y,,,
22622,TRISFLA,,Trisetum flavescens,Yellow False Oat,,,GNR,,NNA,,SEH,,,,,,,,,,,,,,GR,,I,,Poaceae,0,,,,N,,,
1268570,TRISFLF,,Trisetum flavescens ssp. flavescens,Yellow False Oat,,,GNRTNR,,NNA,,SEH,,,,,,,,,,,,,,GR,,I,,Poaceae,,,,,N,,,
22632,TRITAES,,Triticum aestivum,Common Wheat,,5,GNR,,NNA,,SE1,IR,,IR,IX,,IR,IR,IX,,,IR,IR,IR,GR,,I,,Poaceae,0,5,,,N,,,
22634,TRITTUR,,Triticum turgidum,Rivet Wheat,,5,GNR,,NNA,,SE1,IR,,,,,IR,,,,,,,,GR,,I,,Poaceae,0,5,,,N,,,
13032,TSUGCAN,,Tsuga canadensis,Eastern Hemlock,7,3,G5,,N5,,S5,C,,,,X,X,C,X,C,C,C,C,C,TR,,N,,Pinaceae,7,3,,,N,MV,VH,
1009762,TULIGES,,Tulipa gesneriana,Didier's Tulip,,,GNR,,NNA,,SE1,,,,,,,,,,,,,,FO,,I,,Liliaceae,0,,,,N,,,
32150,TULISYL,,Tulipa sylvestris,Wild Tulip,,,GNR,,NNA,,SE1,IR,,IR,,,IR,,,,,,,,FO,Sum,I,,Liliaceae,0,,,,N,,,
73026,TURRGLA,,Turritis glabra,Tower Mustard,4,5,G5,,N5,,S5,R,,R,,R,R,R,,U,R,R,R,R,FO,,N,,Brassicaceae,4,5,,,N,,,
14002,TYPHLAT,,Typha latifolia,Broad-leaved Cattail,1,-5,G5,,N5,,S5,C,,U,X,X,X,C,X,C,C,C,C,C,FO,Sum,N,,Typhaceae,1,-5,,,N,,,
47004,ULMUAME,,Ulmus americana,White Elm,3,-3,G4,,N5,,S5,C,,C,X,C,C,C,X,C,C,C,C,C,TR,,N,,Ulmaceae,3,-3,,,N,,,
47006,ULMUGLA,,Ulmus glabra,Scotch Elm,,3,GNR,,NNA,,SE1,IR,,,,,,,,,,IR,,IR,TR,,I,,Ulmaceae,0,3,,,N,,,
47016,ULMUMIN,,Ulmus minor,European Field Elm,,3,GNR,,NNA,,SE1,IR,,,,,,IR,,,,,,,TR,,I,,Ulmaceae,0,3,,,N,,,
47008,ULMUPRO,,Ulmus procera,English Elm,,3,GNR,,NNA,,SE1,IR,,,,,IR,,,,,IR,IR,,TR,,I,,Ulmaceae,0,3,,,N,,,
47012,ULMURUB,,Ulmus rubra,Slippery Elm,6,0,G5,,N5,,S5,C,,C,X,X,X,C,X,U,X,U,C,R,TR,,N,,Ulmaceae,6,0,,,N,,,
47014,ULMUTHO,,Ulmus thomasii,Rock Elm,6,0,G5,,N4,,S4,R,,R,R,R,R,R,,R,R,R,C,R,TR,,N,,Ulmaceae,6,0,,,N,,,
50010,URTIDIO,,Urtica dioica,Stinging Nettle,2,0,G5,,N5,,S5,,,,,,,,,,,,,,FO,Sum,N,,Urticaceae,2,0,,,N,,,
50012,URTIDID,,Urtica dioica ssp. dioica,European Stinging Nettle,,0,G5T5?,,NNA,,SE2,IR,,,,,IR,IR,,,IX,IR,IX,IR,FO,Sum,I,,Urticaceae,0,0,,,N,,,
50014,URTIDIG,,Urtica dioica ssp. gracilis,Slender Stinging Nettle,2,0,G5T5,,N5,,S5,C,,C,X,X,C,C,X,C,C,C,C,C,FO,Sum,N,,Urticaceae,2,0,,,N,,,
50016,URTIURE,,Urtica urens,Burning Nettle,,5,GNR,,NNA,,SE1,IR,,,,,IH,,,,,,,IR,FO,,I,,Urticaceae,0,5,,,N,,,
157004,UTRICOR,,Utricularia cornuta,Horned Bladderwort,9,-5,G5,,N5,,S5,R,,,,R,R,,,R,,H,,,FO,Sum,N,,Lentibulariaceae,9,-5,,,N,,,
157006,UTRIGEM,,Utricularia geminiscapa,Twin-stemmed Bladderwort,10,-5,G4G5,,N4N5,,S3?,,,,,,,,,,,,,,FO,,N,,Lentibulariaceae,10,-5,,,Y,,,
157008,UTRIGIB,,Utricularia gibba,Humped Bladderwort,9,-5,G5,,N4N5,,S4,R,,R,R,R,,,X,R,,H,,,FO,Sum,N,,Lentibulariaceae,9,-5,,,N,,,
157010,UTRIINT,,Utricularia intermedia,Flat-leaved Bladderwort,8,-5,G5,,N5,,S5,R,,R,R,R,,,,R,,R,R,H,FO,Sum,N,,Lentibulariaceae,8,-5,,,N,,,
157012,UTRIMIN,,Utricularia minor,Lesser Bladderwort,8,-5,G5,,N5,,S5,R,,R,R,R,,R,,R,,,R,R,FO,,N,,Lentibulariaceae,8,-5,,,N,,,
157014,UTRIOCH,,Utricularia ochroleuca,Yellowish-white Bladderwort,,-5,G4G5,,N4,,SH,,,,,,,,,,,,,,FO,,N,,Lentibulariaceae,,-5,,,Y,,,
157016,UTRIPUR,,Utricularia purpurea,Greater Purple Bladderwort,10,-5,G5,,N5,,S4,R,,,R,,,,,,,,,,FO,,N,,Lentibulariaceae,10,-5,,,N,,,
157018,UTRIRES,,Utricularia resupinata,Northeastern Bladderwort,10,-5,G4,,N4,,S4,R,,H,,R,,,,R,,,,,FO,,N,,Lentibulariaceae,10,-5,,,N,,,
157020,UTRIVUL,,Utricularia vulgaris,Common Bladderwort,4,-5,G5,,N5,,S5,U,,U,R,R,R,R,X,C,X,U,U,R,FO,Sum,N,,Lentibulariaceae,4,-5,,,N,,,
1010731,UTRIVUM,,Utricularia vulgaris ssp. macrorhiza,Greater Bladderwort,4,-5,G--T5,,N5,,S5,U,,U,R,R,R,R,X,C,X,U,U,R,FO,,N,,Lentibulariaceae,4,-5,,,N,,,
32110,UVULGRA,,Uvularia grandiflora,Large-flowered Bellwort,6,5,G5,,N5,,S5,C,,U,R,X,X,U,X,U,U,C,C,U,FO,Spr,N,,Liliaceae,6,5,,,N,,,
32112,UVULPER,,Uvularia perfoliata,Perfoliate Bellwort,10,5,G5,,N1N2,,S1S2,R,CZ,,,,,?,,R,,R,R,R,FO,Spr,N,,Liliaceae,10,5,,,Y,,,
32114,UVULSES,,Uvularia sessilifolia,Sessile-leaved Bellwort,7,3,G5,,N5,,S4,U,,R,R,R,R,R,,U,,C,R,,FO,Spr,N,,Liliaceae,7,3,,,N,,,
133040,VACCANG,,Vaccinium angustifolium,Early Lowbush Blueberry,6,3,G5,,N5,,S5,C,,R,R,R,X,X,X,C,U,U,C,R,SH,,N,,Ericaceae,6,3,,,N,,,
133042,VACCCAE,,Vaccinium caespitosum,Dwarf Bilberry,8,3,G5,,N5,,S4?,,,,,,,,,,,,,,SH,,N,,Ericaceae,8,3,,,N,,,
133044,VACCCOR,,Vaccinium corymbosum,Highbush Blueberry,8,-3,G5,,N4N5,,S4,C,cz,R,R,R,X,X,X,C,U,C,C,R,SH,,N,,Ericaceae,8,-3,,,N,,,
133046,VACCMAC,,Vaccinium macrocarpon,Large Cranberry,10,-5,G5,,N5,,S4,R,,H,,R,R,R,X,R,R,R,R,H,SH,Sum,N,,Ericaceae,10,-5,,,N,,,
133048,VACCMEM,,Vaccinium membranaceum,Mountain Huckleberry,8,5,G5,,N5,,S1,,,,,,,,,,,,,,SH,,N,,Ericaceae,8,5,,,Y,,,
1011077,VACCMIC,,Vaccinium microcarpum,Small Bog Cranberry,8,-5,G5,,N5,,S4?,,,,,,,,,,,,,,SH,,N,,Ericaceae,8,-5,,,N,,,
133050,VACCMYR,,Vaccinium myrtilloides,Velvet-leaved Blueberry,7,-3,G5,,N5,,S5,R,,,R,R,R,R,X,U,R,R,R,R,SH,Sum,N,,Ericaceae,7,-3,,,N,,,
133052,VACCOVA,,Vaccinium ovalifolium,Oval-leaved Bilberry,9,3,G5,,N5,,S3,,,,,,,,,,,,,,SH,,N,,Ericaceae,9,3,,,Y,LV,Mod,
133054,VACCOXY,,Vaccinium oxycoccos,Small Cranberry,10,-5,G5,,N5,,S5,R,,,,,R,,X,,R,R,R,H,SH,Sum,N,,Ericaceae,10,-5,,,N,,,
133056,VACCPAL,,Vaccinium pallidum,Pale Blueberry,9,5,G5,,N4,,S4,C,cz,C,R,,R,R,X,C,R,U,C,R,SH,Spr,N,,Ericaceae,9,5,,,N,,,
133058,VACCSTA,,Vaccinium stamineum,Deerberry,10,5,G5,THR,N1,THR,S1,R,cz,,,,,,,,,R,,,SH,,N,,Ericaceae,10,5,,,Y,,,
133060,VACCULI,,Vaccinium uliginosum,Bog Bilberry,7,0,G5,,N5,,S5,,,,,,,,,,,,,,SH,,N,,Ericaceae,7,0,,,N,,,
1268430,VACCULG,,Vaccinium uliginosum ssp. gaultherioides,Alpine Bilberry,,0,G5TNR,,NNR,,SU,,,,,,,,,,,,,,SH,,N,,Ericaceae,,0,,,N,,,
1268431,VACCULP,,Vaccinium uliginosum ssp. pubescens,Bog Bilberry,7,0,G5TNR,,NNR,,S5,,,,,,,,,,,,,,SH,,N,,Ericaceae,7,0,,,N,,,
133064,VACCVIT,,Vaccinium vitis-idaea,Mountain Cranberry,7,0,G5,,N5,,S5,,,,,,,,,,,,,,SH,,N,,Ericaceae,7,0,,,N,,,
22636,VAHLATR,,Vahlodea atropurpurea,Mountain Hairgrass,,-3,G5,,N5,,SH,,,,,,,,,,,,,,GR,,N,,Poaceae,,-3,,,Y,,,
164000,VALEDIO,,Valeriana dioica,Marsh Valerian,,-3,G5,,N5,,S4,,,,,,,,,,,,,,FO,,N,,Valerianaceae,0,-3,,,N,,,
164002,VALEDIS,,Valeriana dioica ssp. sylvatica,Northern Valerian,,-3,G5T5,,N5,,S4,,,,,,,,,,,,,,FO,,N,,Valerianaceae,0,-3,,,N,,,
164004,VALEEDU,,Valeriana edulis,Edible Valerian,10,-5,G5,,N1,,S1,R,cz,,,,H,,,,R,,,,FO,,N,,Valerianaceae,10,-5,,,Y,,,Y
164006,VALEEDC,,Valeriana edulis ssp. ciliata,Hairy Valerian,10,-5,G5T3,END,N1,,S1,R,cz,,,,H,,,,R,,,,FO,,N,,Valerianaceae,10,-5,,,Y,MV,VH,
164008,VALEOFF,,Valeriana officinalis,Common Valerian,,3,GNR,,NNA,,SE3,IX,,IR,,,IR,IR,,IR,IX,IR,IX,IR,FO,,I,,Valerianaceae,0,3,,,N,,,
164012,VALEULI,,Valeriana uliginosa,Swamp Valerian,9,-5,G4,,N3,,S2,H,cz,,,,,,,H,,H,,H,FO,,N,,Valerianaceae,9,-5,,,Y,MV,VH,
164014,VALECHE,,Valerianella chenopodiifolia,Goosefoot Cornsalad,8,0,G4,,N1,,S1,H,,,,,,H,,,,H,,,FO,,N,,Valerianaceae,8,0,,,Y,MV,Mod,
164016,VALELOC,,Valerianella locusta,European Cornsalad,,5,G5,,NNA,,SE1,IR,,,,,IH,,,,,IR,,,FO,,I,,Valerianaceae,0,5,override,Suppl. CW value matches more closely with value from Michigan Flora,N,,,
164018,VALEUMB,,Valerianella umbilicata,Navel Cornsalad,10,-3,G4G5,,N1,,S1,R,CZ,R,,R,,,,,,,,,FO,,N,,Valerianaceae,10,-3,,,Y,,,
21006,VALLAME,,Vallisneria americana,American Eelgrass,6,-5,G5,,N5,,S5,U,,R,X,X,R,R,,C,,U,R,R,FO,,N,,Hydrocharitaceae,6,-5,,,N,,,
22840,VENTDUB,,Ventenata dubia,Ventenata,,,GNR,,NNA,,SE1,,,,,,,,,,,,,,GR,,I,,Poaceae,0,,,,N,,,
153144,VERBBLA,,Verbascum blattaria,Moth Mullein,,3,GNR,,NNA,,SE5,IX,,IC,IX,IX,IC,IC,IX,IU,IX,IU,IX,IR,FO,Sum,I,,Scrophulariaceae,0,3,,,N,,,
153212,VERBLYC,,Verbascum lychnitis,White Mullein,,5,GNR,,NNA,,SE1,IH,,IH,,,,,,,,,,,FO,,I,,Scrophulariaceae,0,5,,,N,,,
1010734,VERBLYL,,Verbascum lychnitis ssp. lychnitis,White Mullein,,5,GNRTNR,,NNA,,SE1,IH,,IH,,,,,,,,,,,FO,,I,,Scrophulariaceae,0,5,,,N,,,
153146,VERBNIG,,Verbascum nigrum,Black Mullein,,5,GNR,,NNA,,SE1,IR,,,,,,,,,,,IR,IR,FO,Sum,I,,Scrophulariaceae,0,5,,,N,,,
153148,VERBPHL,,Verbascum phlomoides,Clasping Mullein,,5,GNR,,NNA,,SE1,IR,,,,IR,,IH,,,IR,,IR,IR,FO,,I,,Scrophulariaceae,0,5,,,N,,,
153150,VERBTHA,,Verbascum thapsus,Common Mullein,,5,GNR,,NNA,,SE5,IC,,IC,IX,IX,IC,IC,IX,IC,IX,IC,IC,IC,FO,Sum,I,,Scrophulariaceae,0,5,,,N,,,
1010737,VERBTHT,,Verbascum thapsus ssp. thapsus,Common Mullein,,5,GNRTNR,,NNA,,SE5,IC,,IC,IX,IX,IC,IC,IX,IC,IX,IC,IC,IC,FO,,I,,Scrophulariaceae,0,5,,,N,,,
153214,VERBVIR,,Verbascum virgatum,Wand Mullein,,5,GNR,,NNA,,SEH,,,,,,,,,,,,,,FO,,I,,Scrophulariaceae,0,5,,,N,,,
1264583,VERBBON,,Verbena bonariensis,Purple-top Vervain,,3,GNR,,NNA,,SE1,,,,,,,,,,,,,,FO,,I,,Verbenaceae,0,3,,,N,,,
150004,VERBBRA,,Verbena bracteata,Large-bracted Vervain,,3,G5,,N5,,SE3,IR,,IR,IR,IR,IR,IR,IX,IR,IR,,IR,IX,FO,,I,,Verbenaceae,0,3,,,N,,,
150006,VERBHAS,,Verbena hastata,Blue Vervain,4,-3,G5,,N5,,S5,C,,C,X,X,C,C,X,C,C,C,C,C,FO,Sum,N,,Verbenaceae,4,-3,,,N,,,Y
1010046,VERBINC,,Verbena incompta,Common Clasping Vervain,,0,GNR,,NNA,,SE1,IR,,,,,,,,,,,IR,IR,FO,,I,,Verbenaceae,0,0,,,N,,,
150010,VERBSIM,,Verbena simplex,Narrow-leaved Vervain,9,5,G5,,N4,,S4,R,cz,R,,H,,R,,H,,H,R,IR,FO,,N,,Verbenaceae,9,5,,,N,,,
150012,VERBSTR,,Verbena stricta,Hoary Vervain,7,5,G5,,N4,,S4,R,,R,R,R,R,R,X,R,R,R,,R,FO,Sum,N,,Verbenaceae,7,5,,,N,,,Y
150014,VERBURT,,Verbena urticifolia,White Vervain,4,0,G5,,N5,,S5,C,,C,X,X,X,X,X,C,C,C,C,C,FO,,N,,Verbenaceae,4,0,,,N,,,
150016,VERBX D,,Verbena x deamii,(Verbena bracteata X Verbena stricta),,,GNA,,NNA,,SNA,hyb,,,,hyb,,,,,,,,,FO,,N,,Verbenaceae,,,,,N,,,
150018,VERBX E,,Verbena x engelmannii,(Verbena hastata X Verbena urticifolia),,0,GNA,,NNA,,SNA,hyb,,hyb,,hyb,hyb,hyb,,hyb,,,,,FO,,N,,Verbenaceae,,0,,,N,,,
150022,VERBX R,,Verbena x rydbergii,(Verbena hastata X Verbena stricta),,-3,GNA,,NNA,,SNA,hyb,,,hyb,,,,hyb,,,,,,FO,,N,,Verbenaceae,0,-3,,,N,,,
168856,VERBALT,,Verbesina alternifolia,Wingstem,5,-3,G5,,N3,,S3,R,CZ,R,X,R,R,R,,,,,,,FO,,N,,Asteraceae,5,-3,,,Y,,,
168858,VERNGIG,,Vernonia gigantea,Giant Ironweed,4,0,G5,,N1?,,S1?,R,CZ,R,R,R,,R,,,,H,,,FO,Sum,N,,Asteraceae,4,0,,,Y,,,Y
168966,VERNMIS,,Vernonia missurica,Missouri Ironweed,4,0,G4G5,,N3?,,S3?,R,CZ,U,R,R,,,,,,,,,FO,Aut,N,,Asteraceae,4,0,,,Y,,,Y
153152,VEROAGR,,Veronica agrestis,Field Speedwell,,,GNR,,NNA,,SE1,IX,,,,,,,,,,,IR,IX,FO,,I,,Scrophulariaceae,0,,,,N,,,
153154,VEROAME,,Veronica americana,American Speedwell,6,-5,G5,,N5,,S5,U,,,,R,X,X,X,U,R,R,C,R,FO,,N,,Scrophulariaceae,6,-5,,,N,,,
153156,VEROANA,,Veronica anagallis-aquatica,Water Speedwell,,-5,G5,,N5,,SE,IX,,IR,IX,IX,IX,IR,IX,IU,IX,IR,IX,IU,FO,Sum,I,,Scrophulariaceae,0,-5,,,N,,,
153158,VEROARV,,Veronica arvensis,Corn Speedwell,,5,GNR,,NNA,,SE5,IC,,IC,IX,IX,IX,IX,IX,IC,IX,IU,IX,IR,FO,,I,,Scrophulariaceae,0,5,,,N,,,
153160,VEROBEC,,Veronica beccabunga,European Speedwell,,-5,GNR,,NNR,,SE2,IX,,,,IX,IR,IR,,,,,IX,,FO,,I,,Scrophulariaceae,0,-5,,,N,,,
1257446,VEROBEB,,Veronica beccabunga ssp. beccabunga,European Speedwell,,-5,G--TNR,,NNA,,SE2,IX,,,,IX,IR,IR,,,,,IX,,FO,,I,,Scrophulariaceae,0,-5,,,N,,,
1256757,VEROCAT,,Veronica catenata,Chain Speedwell,,-5,G5,,N4,,SU,R,,,,,,R,,R,,,R,R,FO,,N,,Scrophulariaceae,7,-5,,,N,,,
153164,VEROCHA,,Veronica chamaedrys,Germander Speedwell,,5,GNR,,NNA,,SE3,IR,,,,IR,IR,,IR,IR,IR,IR,,IR,FO,Sum,I,,Scrophulariaceae,0,5,,,N,,,
153166,VEROFIL,,Veronica filiformis,Slender Speedwell,,5,GNR,,NNA,,SE2,IR,,,,,IR,IR,,,,,IR,IR,FO,Sum,I,,Scrophulariaceae,0,5,,,N,,,
153228,VEROHED,,Veronica hederifolia,Ivy-leaved Speedwell,,5,GNR,,NNA,,SE1,IR,,IR,,,,,,,,,,,FO,,I,,Scrophulariaceae,0,5,,,N,,,
153168,VEROLON,,Veronica longifolia,Long-leaved Speedwell,,5,GNR,,NNA,,SE3,IR,,,,IR,IR,,IX,IR,IX,IR,IR,IR,FO,,I,,Scrophulariaceae,0,5,,,N,,,
153170,VEROOFF,,Veronica officinalis,Common Speedwell,,5,G5,,NNA,,SE5,IX,,,IX,IX,IX,IX,IX,IC,IX,IC,IC,IC,FO,Sum,I,,Scrophulariaceae,0,5,,,N,,,
153172,VEROPER,,Veronica peregrina,Purslane Speedwell,0,0,G5,,N5,,S5,,,,,,,,,,,,,,FO,Spr,N,,Scrophulariaceae,0,0,,,N,,,
153174,VEROPEP,,Veronica peregrina ssp. peregrina,Purslane Speedwell,0,0,G5T5,,N5,,S5,C,,C,R,X,R,X,X,C,IX,U,U,IR,FO,Spr,N,,Scrophulariaceae,0,0,,,N,,,
153176,VEROPEX,,Veronica peregrina ssp. xalapensis,Glandular Purslane Speedwell,0,0,G5T5,,N5,,S4,R,,R,,,,,,R,R,,,,FO,,N,,Scrophulariaceae,0,0,,,N,,,
153178,VEROPES,,Veronica persica,Bird's-eye Speedwell,,5,GNR,,NNA,,SE4,IX,,IX,IR,IX,IR,,,IR,,IR,IX,IR,FO,Sum,I,,Scrophulariaceae,0,5,,,N,,,
153180,VEROPOL,,Veronica polita,Wayside Speedwell,,5,GNR,,NNA,,SE4,IX,,IR,IR,IX,IX,IX,IX,,IX,IR,IX,IH,FO,,I,,Scrophulariaceae,0,5,,,N,,,
153182,VEROSCU,,Veronica scutellata,Marsh Speedwell,7,-5,G5,,N5,,S5,U,,R,R,H,R,R,X,C,C,U,C,R,FO,Sum,N,,Scrophulariaceae,7,-5,,,N,,,
153184,VEROSER,,Veronica serpyllifolia,Thyme-leaved Speedwell,,0,G5,,N5,,SE5?,IC,,IC,IX,IX,IX,IX,IX,IC,IX,IC,IX,IC,FO,Sum,I,,Scrophulariaceae,0,0,,,N,,,
153222,VEROSPI,,Veronica spicata,Spiked Speedwell,,,G5,,NNA,,SE1,,,,,,,,,,,,,,FO,,I,,Scrophulariaceae,0,,,,N,,,
153220,VEROTEU,,Veronica teucrium,Broad-leaved Speedwell,,5,G3G5,,NNA,,SE1,IR,,,IR,,,,,,,,,,FO,,I,,Scrophulariaceae,0,5,,,N,,,
153190,VEROVER,,Veronica verna,Spring Speedwell,,5,GNR,,NNA,,SE4,IR,,IR,IR,IX,,,IR,IR,,,,IU,FO,,I,,Scrophulariaceae,0,5,,,N,,,
153192,VEROVIR,,Veronicastrum virginicum,Culver's Root,10,0,G4,,N2,,S2,R,CZ,R,R,R,R,,,,,,,,FO,Sum,N,,Scrophulariaceae,10,0,,,Y,,,Y
162056,VIBUACE,,Viburnum acerifolium,Maple-leaved Viburnum,6,5,G5,,N5,,S5,C,,C,X,X,X,C,X,C,C,C,C,C,SH,,N,,Caprifoliaceae,6,5,,,N,,,
162062,VIBUEDU,,Viburnum edule,Squashberry,8,-3,G5,,N5,,S5,,,,,,,,,,,,,,SH,,N,,Caprifoliaceae,8,-3,,,N,,,
162064,VIBULAN,,Viburnum lantana,Wayfaring Viburnum,,5,GNR,,NNA,,SE2,IX,,IR,IX,,IR,IR,,,IX,IU,IR,IC,SH,,I,,Caprifoliaceae,0,5,,,N,,,
162066,VIBULAT,,Viburnum lantanoides,Hobblebush,8,0,G5,,N5,,S5,R,,,,,,R,,,R,,,R,SH,Spr,N,,Caprifoliaceae,8,0,,,N,,,
162068,VIBULEN,,Viburnum lentago,Nannyberry,4,0,G5,,N5,,S5,C,,C,X,X,C,C,X,C,C,C,C,C,SH,Spr,N,,Caprifoliaceae,4,0,,,N,,,
16815,VIBUNUD,,Viburnum nudum,Smooth Witherod,7,-3,G5,,N5,,S5,R,,,R,H,X,R,X,U,R,R,R,R,SH,Spr,N,,Caprifoliaceae,7,-3,,,N,,,
162058,VIBUNUC,,Viburnum nudum var. cassinoides,Wild Raisin,7,-3,G5T5,,N5,,S5,R,,,R,H,X,R,X,U,R,R,R,R,SH,Spr,N,,Caprifoliaceae,7,-3,,,N,,,
162070,VIBUOPU,,Viburnum opulus,Cranberry Viburnum,5,-3,G5,,N5,,S5,,,,,,,,,,,,,,SH,,N,,Caprifoliaceae,5,-3,,,N,,,
1008353,VIBUOPT,,Viburnum opulus ssp. trilobum,Highbush Cranberry,5,-3,G5TNR,,NNR,,S5,C,,U,R,X,X,X,X,U,C,C,C,U,SH,,N,,Caprifoliaceae,5,-3,,,N,,,
1264204,VIBUOPA,,Viburnum opulus ssp. trilobum var. americanum,Highbush Cranberry,5,-3,G5T5,,N5,,S5,,,,,,,,,,,,,,SH,,N,,Caprifoliaceae,5,-3,,,N,,,
162076,VIBURAF,,Viburnum rafinesqueanum,Downy Arrowwood,7,5,G5,,N5,,S5,C,,C,X,X,X,X,X,C,X,U,C,R,SH,Spr,N,,Caprifoliaceae,7,5,,,N,,,
162060,VIBUREC,,Viburnum recognitum,Smooth Arrowwood,7,0,G4G5,,N4,,S4,U,cz,R,R,H,,R,,C,R,C,C,R,SH,,N,,Caprifoliaceae,7,0,,,N,,,
83240,VICIAME,,Vicia americana,American Vetch,5,3,G5,,N5,,S5,R,,R,,R,,,,,C,R,H,R,VI,,N,,Fabaceae,5,3,,,N,,,
1010841,VICIAMA,,Vicia americana var. americana,American Vetch,5,3,G5T5,,N5,,S5,R,,R,,R,,,,,C,R,H,R,VI,,N,,Fabaceae,5,3,,,N,,,
83242,VICICAR,,Vicia caroliniana,Carolina Vetch,10,5,G5,,N2?,,S2?,R,cz,R,R,R,,R,,R,R,R,H,,VI,,N,,Fabaceae,10,5,,,Y,,,Y
83246,VICIHIR,,Vicia hirsuta,Tiny Vetch,,5,GNR,,NNA,,SE1,IR,,,,IR,,,,,,,,,VI,,I,,Fabaceae,0,5,,,N,,,
83248,VICISAT,,Vicia sativa,Common Vetch,,3,GNR,,NNA,,SE5,IX,,IR,IX,IX,IX,IX,IX,IU,IX,IC,IX,IR,VI,,I,,Fabaceae,0,3,,,N,,,
83250,VICISAA,,Vicia sativa var. angustifolia,Narrow-leaved Vetch,,3,GNRTNR,,NNA,,SE5,IX,,IR,IX,IX,IX,IX,IX,IU,IX,IC,IX,IR,VI,,I,,Fabaceae,0,3,,,N,,,
83252,VICISEP,,Vicia sepium,Bush Vetch,,5,GNR,,NNA,,SEH,IH,,,,IH,,,,,,?,IH,,VI,,I,,Fabaceae,0,5,,,N,,,
83254,VICITET,,Vicia tetrasperma,Four-seed Vetch,,5,GNR,,NNA,,SE5,IU,,IR,IX,IH,IX,IR,,IU,,IU,IX,IR,VI,,I,,Fabaceae,0,5,,,N,,,
83256,VICIVIL,,Vicia villosa,Hairy Vetch,,5,G5,,NNA,,SE5,IX,,IC,,IX,IX,IX,IX,IC,IX,IR,IX,IR,VI,,I,,Fabaceae,0,5,,,N,,,
1010838,VICIVIV,,Vicia villosa var. villosa,Hairy Vetch,,5,G5TNR,,NNA,,SE5,IX,,IC,,IX,IX,IX,IX,IC,IX,IR,IX,IR,VI,,I,,Fabaceae,0,5,,,N,,,
115002,VIOLADU,,Viola adunca,Hooked Violet,5,3,G5,,N5,,S5?,R,,,R,R,,,,,R,,,R,FO,Spr,N,,Violaceae,5,3,,,N,,,
1005222,VIOLADA,,Viola adunca var. adunca,Hooked Violet,5,3,G5T5,,N5,,S5?,R,,,R,R,,,,,R,,,R,FO,Spr,N,,Violaceae,5,3,,,N,,,
115004,VIOLAFF,,Viola affinis,LeConte's Violet,6,-3,G5,,NNR,,S4?,U,,R,R,R,R,R,X,U,R,R,C,U,FO,,N,,Violaceae,6,-3,,,N,,,
115006,VIOLARV,,Viola arvensis,European Field Pansy,,5,GNR,,NNA,,SE4,IX,,IR,IX,,IX,IU,IX,IC,IX,IR,IX,IX,FO,,I,,Violaceae,0,5,,,N,,,
115052,VIOLBIC,,Viola bicolor,American Field Pansy,8,3,G5,,N1,,S1,R,CZ,R,,?,,,,,?,?,,,FO,Sum,N,,Violaceae,8,3,,,Y,,,
115008,VIOLBLA,,Viola blanda,Sweet White Violet,6,-3,G5,,N5,,S5,U,,R,R,R,X,X,X,C,U,U,U,R,FO,Spr,N,,Violaceae,6,-3,,,N,,,
115010,VIOLCAN,,Viola canadensis,Canada Violet,6,3,G5,,N5,,S5,,,,,,,,,,,,,,FO,Spr,N,,Violaceae,6,3,,,N,,,
1008359,VIOLCAC,,Viola canadensis var. canadensis,Canada Violet,6,3,G5T5,,N5,,S5,U,,,R,R,X,X,X,U,U,U,C,R,FO,Spr,N,,Violaceae,6,3,,,N,,,
1008362,VIOLCAR,,Viola canadensis var. rugulosa,Rugose Violet,6,3,G5T5,,N5,,S4?,,,,,,,,,,,,,,FO,,N,,Violaceae,6,3,,,N,,,
115014,VIOLCUC,,Viola cucullata,Marsh Blue Violet,5,-5,G5,,N5,,S5,C,,R,R,R,X,X,X,C,C,U,C,R,FO,Spr,N,,Violaceae,5,-5,,,N,,,
115016,VIOLEPI,,Viola epipsila,Northern Marsh Violet,10,-3,G5,,N5,,S2S3,,,,,,,,,,,,,,FO,,N,,Violaceae,10,-3,,,Y,,,
1009644,VIOLEPR,,Viola epipsila var. repens,Northern Marsh Violet,10,-3,G5T4T5,,N5,,S2S3,,,,,,,,,,,,,,FO,,N,,Violaceae,10,-3,,,Y,,,
115022,VIOLLAB,,Viola labradorica,Labrador Violet,3,0,G5,,N5,,S5,C,,C,X,X,X,X,X,C,C,U,C,R,FO,Spr,N,,Violaceae,3,0,,,N,,,
115024,VIOLLAN,,Viola lanceolata,Lance-leaved Violet,9,-5,G5,,NNR,,S4,R,,,,,,,,,,R,,,FO,,N,,Violaceae,9,-5,,,N,,,
115026,VIOLMAC,,Viola macloskeyi,Macloskey's Violet,6,-5,G5,,N5,,S5,U,,,R,R,R,R,X,U,U,R,U,R,FO,Spr,N,,Violaceae,6,-5,,,N,,,
115030,VIOLNEP,,Viola nephrophylla,Northern Bog Violet,7,-3,G5,,N5,,S5,R,,R,R,R,R,,X,,R,,R,,FO,Spr,N,,Violaceae,7,-3,,,N,,,
115032,VIOLNOV,,Viola novae-angliae,New England Violet,8,0,G4,,NNR,,S3,,,,,,,,,,,,,,FO,,N,,Violaceae,8,0,,,Y,,,
115034,VIOLODO,,Viola odorata,English Violet,,5,GNR,,NNA,,SE2,IR,,IR,IR,IR,IR,IR,,IR,,IR,IX,IR,FO,,I,,Violaceae,0,5,,,N,,,
16910,VIOLPAL,,Viola palmata,Palmate-leaved Violet,9,3,G5,,N2,,S2,R,cz,R,R,H,R,R,,U,R,H,,,FO,,N,,Violaceae,9,3,,,Y,,,Y
1011101,VIOLPAP,,Viola palmata var. palmata,Palmate-leaved Violet,9,3,G5T5,,N2,,S2,R,cz,R,R,H,R,R,,U,R,H,,,FO,Spr,N,,Violaceae,9,3,,,Y,,,Y
115046,VIOLPED,,Viola pedata,Bird's-foot Violet,10,5,G5,END,N1,END,S1,R,CZ,,,H,,,,R,R,H,,,FO,Spr,N,,Violaceae,10,5,,,Y,,,Y
1010362,VIOLPEP,,Viola pedata var. pedata,Bird's-foot Violet,10,5,G5TNR,,N1,,S1,R,CZ,,,H,,,,R,R,H,,,FO,,N,,Violaceae,10,5,,,Y,,,Y
115048,VIOLPEA,,Viola pedatifida,Prairie Violet,10,3,G5,,N4,,S1,R,CZ,,,,,,,,R,,,,FO,,N,,Violaceae,10,3,,,Y,,,Y
115050,VIOLPUB,,Viola pubescens,Yellow Violet,5,3,G5,,N5,,S5,C,,C,X,X,C,C,X,C,C,C,C,C,FO,Spr,N,,Violaceae,5,3,,,N,,,
17101,VIOLPUP,,Viola pubescens var. pubescens,Downy Yellow Violet,5,3,G5T5,,NNR,,S5,,,,,,,,,,,,,,FO,Spr,N,,Violaceae,5,3,,,N,,,
115084,VIOLPUS,,Viola pubescens var. scabriuscula,Smooth Yellow Violet,5,3,G5T5,,N5,,S5,,,,,,,,,,,,,,FO,,N,,Violaceae,5,3,,,N,,,
115054,VIOLREN,,Viola renifolia,Kidney-leaved Violet,7,-3,G5,,N5,,S5,R,,,,R,?,R,,U,R,R,R,H,FO,Spr,N,,Violaceae,7,-3,,,N,,,
115056,VIOLROS,,Viola rostrata,Long-spurred Violet,6,3,G5,,N5,,S5,U,,U,R,R,X,X,X,C,U,U,C,R,FO,Spr,N,,Violaceae,6,3,,,N,,,
115058,VIOLROT,,Viola rotundifolia,Eastern Round-leaved Violet,10,0,G5,,N3,,SH,H,,,,,H,,,,?,H,,,FO,Spr,N,,Violaceae,10,0,,,Y,,,
115060,VIOLSAG,,Viola sagittata,Arrow-leaved Violet,9,0,G5,,N4N5,,S4,,,,,,,,,,,,,,FO,Spr,N,,Violaceae,9,0,,,N,,,Y
115020,VIOLSAO,,Viola sagittata var. ovata,Ovate-leaved Violet,9,0,G5T5,,N4,,S4,R,,,R,R,R,,,,R,,R,R,FO,,N,,Violaceae,9,0,,,N,,,Y
115086,VIOLSAS,,Viola sagittata var. sagittata,Arrow-leaved Violet,9,0,G5T5,,N4,,S4,R,cz,R,R,R,X,R,X,C,,,,R,FO,Spr,N,,Violaceae,9,0,,,N,,,Y
115062,VIOLSEL,,Viola selkirkii,Selkirk's Violet,8,5,G5,,N5,,S5,R,,,,,,,,R,,,U,R,FO,,N,,Violaceae,8,5,,,N,,,
115066,VIOLSOR,,Viola sororia,Woolly Blue Violet,4,0,G5,,N5,,S5,C,,C,X,X,X,C,X,C,C,C,C,U,FO,Spr,N,,Violaceae,4,0,,,N,,,
115068,VIOLSTR,,Viola striata,Striped Cream Violet,8,-3,G5,,N3,,S3,R,cz,R,R,R,U,R,,,R,H,,,FO,Spr,N,,Violaceae,8,-3,,,Y,LV,Low,
1011104,VIOLSUB,,Viola subsinuata,Wavy-leaved Violet,9,3,G3G5,,NNR,,S1?,R,CZ,,,,,,,,R,,,,FO,,N,,Violaceae,9,3,,,Y,,,
115070,VIOLTRI,,Viola tricolor,Johnny-jump-up,,5,GNR,,NNA,,SE2,IR,,,IR,IX,IR,,IX,,IX,IR,IR,IR,FO,,I,,Violaceae,0,5,,,N,,,
1011107,VIOLTRT,,Viola tricolor var. tricolor,Johnny-jump-up,,5,G--TNR,,NNA,,SE2,IR,,,IR,IX,IR,,IX,,IX,IR,IR,IR,FO,,I,,Violaceae,0,5,,,N,,,
115072,VIOLX B,,Viola x brauniae,(Viola rostrata X Viola striata),,0,GNA,,NNA,,SNA,hyb,,,,,hyb,,,,,,,,FO,,N,,Violaceae,,0,,,N,,,
115074,VIOLX E,,Viola x eclipes,(Viola labradorica X Viola striata),,,GNA,,NNA,,SNA,hyb,,,,,hyb,,,,hyb,,,,FO,,N,,Violaceae,0,,,,N,,,
115076,VIOLX M,,Viola x malteana,(Viola labradorica X Viola rostrata),,,GNA,,NNA,,SNA,,,,,,,,,,,,,,FO,,N,,Violaceae,,,,,N,,,
1257239,VIOLX L,,Viola x melissifolia,(Viola cucullata X Viola sororia),,0,GNA,,NNA,,SNA,,,,,,,,,,,,,,FO,,N,,Violaceae,0,0,,,N,,,
115088,VIOLX P,,Viola x populifolia,(Viola palmata X Viola sororia),,,GNA,,NNA,,SNA,,,,,,,,,,,,,,FO,,N,,Violaceae,,,,,N,,,
115078,VIOLX O,,Viola x porteriana,(Viola labradorica X Viola sagittata),,-3,GNA,,NNA,,SNA,,,,,,,,,,,,,,FO,,N,,Violaceae,,-3,,,N,,,
115090,VIOLX S,,Viola x sublanceolata,(Viola lanceolata X Viola macloskeyi),,,GNA,,NNA,,SNA,,,,,,,,,,,,,,FO,,N,,Violaceae,0,,,,N,,,
107006,VITIAES,,Vitis aestivalis,Summer Grape,7,3,G5,,N4,,S4,C,cz,U,X,X,R,U,,C,R,C,C,R,VW,,N,,Vitaceae,7,3,,,N,,,
107010,VITILAB,,Vitis labrusca,Northern Fox Grape,3,3,G5,,N1,,S1,R,CZ,R,H,R,R,,?,R,X,IU,IR,IR,VW,,N,,Vitaceae,3,3,,,Y,,,
107012,VITIRIP,,Vitis riparia,Riverbank Grape,0,0,G5,,N5,,S5,C,,C,X,C,C,C,X,C,C,C,C,C,VW,,N,,Vitaceae,0,0,,,N,,,
107014,VITIVUL,,Vitis vulpina,Frost Grape,10,0,G5,,N1,,S1,R,CZ,R,,,,,,,,,,,VW,,N,,Vitaceae,10,0,,,Y,,,
1010899,VITIX N,,Vitis x novae-angliae,(Vitis labrusca X Vitis riparia),,0,GNA,,NNA,,SNA,,,,,,,,,,,,,,VW,,N,,Vitaceae,0,0,,,N,,,
22638,VULPMYU,,Vulpia myuros,Rat-tail Fescue,,5,G5,,NNA,,SE1,IR,,IR,IR,,,,,,,IR,,,GR,,I,,Poaceae,0,5,,,N,,,
22640,VULPOCT,,Vulpia octoflora,Eight-flowered Fescue,8,3,G5,,N5,,S1S2,R,cz,R,,R,,H,,R,,H,,,GR,,N,,Poaceae,8,3,override,Suppl. CW value matches more closely with values from US Wetland Plant List and Michigan Flora,Y,,,Y
22642,VULPOCG,,Vulpia octoflora var. glauca,Slender Eight-flowered Fescue,8,5,G5T5,,N4,,S1S2,R,cz,R,,R,,H,,R,,H,,,GR,,N,,Poaceae,8,5,,,Y,,,Y
25006,WOLFBOR,,Wolffia borealis,Northern Watermeal,4,-5,G5,,N5,,S5,U,cz,R,R,X,R,R,,R,R,R,R,R,FO,,N,,Lemnaceae,4,-5,,,N,,,
17263,WOLFBRA,,Wolffia brasiliensis,Brazilian Watermeal,4,-5,G5,,N2?,,S2?,,,,,,,,,,,,,,FO,,N,,Lemnaceae,4,-5,,,Y,,,
25008,WOLFCOL,,Wolffia columbiana,Columbia Watermeal,4,-5,G5,,N5,,S5,U,cz,R,R,X,R,R,,U,R,R,R,R,FO,,N,,Lemnaceae,4,-5,,,N,,,
9380,WOODALP,,Woodsia alpina,Alpine Woodsia,10,5,G4G5,,N4N5,,S2,,,,,,,,,,,,,,FE,,N,,Dryopteridaceae,10,5,,,Y,HV,Mod,
9382,WOODGLA,,Woodsia glabella,Smooth Woodsia,10,5,G5,,N5,,S4,,,,,,,,,,,,,,FE,,N,,Dryopteridaceae,10,5,,,N,,,
9384,WOODILV,,Woodsia ilvensis,Rusty Woodsia,8,5,G5,,N5,,S5,,,,,,,,,,,,,,FE,,N,,Dryopteridaceae,8,5,,,N,,,
9386,WOODOBT,,Woodsia obtusa,Blunt-lobed Woodsia,10,5,G5,THR,N2,END,S1,,,,,,,,,,,,,,FE,,N,,Dryopteridaceae,10,5,,,Y,LV,VH,
9305,WOODOBO,,Woodsia obtusa ssp. obtusa,Blunt-lobed Woodsia,10,5,G5T5,,N2,,S1,,,,,,,,,,,,,,FE,,N,,Dryopteridaceae,10,5,,,Y,,,
9388,WOODORE,,Woodsia oregana,Oregon Woodsia,10,5,G5,,N5,,S4,,,,,,,,,,,,,,FE,,N,,Dryopteridaceae,10,5,,,N,,,
9390,WOODORC,,Woodsia oregana ssp. cathcartiana,Cathcart's Woodsia,10,5,G5T5,,N4,,S4,,,,,,,,,,,,,,FE,,N,,Dryopteridaceae,10,5,,,N,,,
9392,WOODSCO,,Woodsia scopulina,Mountain Woodsia,10,5,G5,,NNR,,S3,,,,,,,,,,,,,,FE,,N,,Dryopteridaceae,10,5,,,Y,,,
9394,WOODSCL,,Woodsia scopulina ssp. laurentiana,Laurentian Woodsia,10,5,G5T5,,N5,,S3,,,,,,,,,,,,,,FE,,N,,Dryopteridaceae,10,5,,,Y,,,
9396,WOODX A,,Woodsia x abbeae,(Woodsia ilvensis X Woodsia oregana ssp. cathcartiana),,0,GNA,,NNA,,SNA,,,,,,,,,,,,,,FE,,N,,Dryopteridaceae,0,0,,,N,,,
9397,WOODX G,,Woodsia x gracilis,(Woodsia alpina X Woodsia ilvensis),,0,GNA,,NNA,,SNA,,,,,,,,,,,,,,FE,,N,,Dryopteridaceae,0,0,,,N,,,
9398,WOODX M,,Woodsia x maxonii,(Woodsia oregana ssp. cathcartiana X Woodsia scopulina ssp. laurentiana),,0,GNA,,NNA,,SNA,,,,,,,,,,,,,,FE,,N,,Dryopteridaceae,0,0,,,N,,,
9399,WOODX T,,Woodsia x tryonis,(Woodsia glabella X Woodsia ilvensis),,0,GNA,,NNA,,SNA,,,,,,,,,,,,,,FE,,N,,Dryopteridaceae,0,0,,,N,,,
1005226,X DRSIN,,x Dryostichum singulare,(Dryopteris goldiana X Polystichum lonchitis),,,GNA,,NNA,,SNA,,,,,,,,,,,,,,FE,,N,,Dryopteridaceae,0,,,,N,,,
22644,X ELMAC,,x Elyhordeum macounii,(Elymus trachycaulus X Hordeum jubatum),,3,GNA,,NNA,,SNA,hyb,,,,,,,,,,,,hyb,GR,,N,,Poaceae,0,3,,,N,,,
1008097,X ELONT,,x Elyleymus ontariensis,(Elymus trachycaulus X Leymus innovatus),,,GNA,,NNA,,SNA,,,,,,,,,,,,,,GR,,N,,Poaceae,0,,,,N,,,
168864,XANTSPI,,Xanthium spinosum,Spiny Cocklebur,,3,GNR,,NNA,,SE2?,IX,,,,,IH,IR,,,,,,IX,FO,,I,,Asteraceae,0,3,,,N,,,
168866,XANTSTR,,Xanthium strumarium,Rough Cockleburr,2,0,G5,,N5,,S5,C,,C,X,X,C,C,,C,C,C,C,C,FO,,N,,Asteraceae,2,0,,,N,,,
26000,XYRIDIF,,Xyris difformis,Bog Yellow-eyed-grass,10,-5,G5,,N4N5,,S4,,,,,,,,,,,,,,FO,,N,,Xyridaceae,10,-5,,,N,,,
26002,XYRIDID,,Xyris difformis var. difformis,Bog Yellow-eyed-grass,10,-5,G5T5,,N4N5,,S4,,,,,,,,,,,,,,FO,,N,,Xyridaceae,10,-5,,,N,,,
26004,XYRIMON,,Xyris montana,Northern Yellow-eyed-grass,10,-5,G5,,N4N5,,S4,,,,,,,,,,,,,,FO,,N,,Xyridaceae,10,-5,,,N,,,
1004721,YUCCFLA,,Yucca flaccida,Weak-leaved Yucca,,5,G5,,NNA,,SE1,IR,,,IX,IR,IR,IR,,,IR,IR,IR,IR,FO,Sum,I,,Agavaceae,0,5,,,N,,,
16600,ZANNPAL,,Zannichellia palustris,Horned Pondweed,4,-5,G5,,N5,,S4,R,,R,,R,,R,,R,,R,R,R,FO,,N,,Zannichelliaceae,4,-5,,,N,,,
88006,ZANTAME,,Zanthoxylum americanum,Common Prickly-ash,3,3,G5,,N5,,S5,C,,C,X,C,C,C,X,C,C,C,C,R,SH,Sum,N,,Rutaceae,3,3,,,N,,,
22646,ZEA_MAY,,Zea mays,Corn,,5,GNR,,NNA,,SE1,IR,,IR,IR,IR,IR,,IR,IR,IR,IR,,IX,GR,,I,,Poaceae,0,5,,,N,,,
1004725,ZEA_MAM,,Zea mays ssp. mays,Corn,,5,GNRTUTXC,,NNA,,SE1,IR,,IR,IR,IR,IR,,IR,IR,IR,IR,,IX,GR,,I,,Poaceae,0,5,,,N,,,
22648,ZIZAAQU,,Zizania aquatica,Southern Wildrice,9,-5,G5,,N4N5,,S3,R,cz,R,R,R,,,,U,R,R,R,H,GR,,N,,Poaceae,9,-5,,,Y,,,
22842,ZIZAAQA,,Zizania aquatica var. aquatica,Southern Wildrice,9,-5,G5T5,,N4?,,S3,R,cz,R,R,R,,,,U,R,R,R,H,GR,,N,,Poaceae,9,-5,,,Y,,,
22650,ZIZAPAL,,Zizania palustris,Northern Wildrice,9,-5,G5,,N5?,,S5?,R,,,R,R,,,,U,,R,R,H,GR,,N,,Poaceae,9,-5,,,N,,,
22846,ZIZAPAI,,Zizania palustris var. interior,Interior Wildrice,9,-5,G5T4T5,,N4N5,,SU,R,,,R,R,,,,U,,R,R,H,GR,,N,,Poaceae,9,-5,,,N,,,
22848,ZIZAPAP,,Zizania palustris var. palustris,Northern Wildrice,9,-5,G5T4T5,,N4N5,,S5?,R,,,R,R,,,,U,,R,R,H,GR,,N,,Poaceae,9,-5,,,N,,,
129104,ZIZIAPT,,Zizia aptera,Heart-leaved Alexanders,9,3,G5,,N5,,S1,H,,?,,,H,,,,,,,,FO,,N,,Apiaceae,9,3,,,Y,,,
129106,ZIZIAUR,,Zizia aurea,Golden Alexanders,7,0,G5,,N5,,S5,R,,R,R,X,X,X,X,U,U,R,R,R,FO,Sum,N,,Apiaceae,7,0,,,N,,,
16700,ZOSTMAR,,Zostera marina,Common Eelgrass,,-5,G5,,N5,,S2?,,,,,,,,,,,,,,FO,,N,,Zosteraceae,,-5,,,Y,,,
22652,ZOYSJAP,,Zoysia japonica,Japanese Lawngrass,,5,GNR,,NNA,,SE1,IR,,IR,,,,,,,,,,,GR,,I,,Poaceae,0,5,,,N,,,